2025-05-16 09:50:51,352 - timestream_export - INFO - logging into /Users/trevor.bonas/amazon-timestream-tools/tools/python/liveanalytics_migration_scripts/unload/timestream-export-logs/timestream_export_20250516_095051.log
2025-05-16 09:50:51,480 - timestream_export - INFO - Using provided S3 URI: s3://la-idb-it-bucket34a1of401x
2025-05-16 09:50:51,480 - s3_logger - INFO - Checking for S3 bucket access
2025-05-16 09:50:51,591 - timestream_export - INFO - Bucket la-idb-it-bucket34a1of401x exists and is accessible
2025-05-16 09:50:51,592 - timestream_export - INFO - bucket_s3_uri s3://la-idb-it-bucket34a1of401x
2025-05-16 09:50:51,592 - timestream_export - INFO - sns_topic_arn None
2025-05-16 09:50:51,592 - timestream_export - INFO - export_format PARQUET
2025-05-16 09:50:51,592 - timestream_export - INFO - compression NONE
2025-05-16 09:50:51,592 - timestream_export - INFO - start_time 1970-01-01 00:00:00 
2025-05-16 09:50:51,592 - timestream_export - INFO - end_time 2025-05-16 16:50:51 
2025-05-16 09:50:51,592 - timestream_export - INFO - partition by day
2025-05-16 09:50:51,592 - timestream_export - INFO - migration_tag unload-2025-05-16-16:50:51
2025-05-16 09:50:51,592 - timestream_export - INFO - unload_type table
2025-05-16 09:50:51,592 - timestream_export - INFO - max_file_size 2GB
2025-05-16 09:50:51,592 - timestream_export - INFO - encryption SSE_S3
2025-05-16 09:50:51,592 - timestream_export - INFO - escaped_by \
2025-05-16 09:50:51,592 - timestream_export - INFO - field_delimiter ,
2025-05-16 09:50:51,592 - timestream_export - INFO - recent_first False
2025-05-16 09:50:51,592 - timestream_export - INFO - kms_key None
2025-05-16 09:50:51,592 - timestream_export - INFO - enable_dynamodb_logger False
2025-05-16 09:50:51,592 - timestream_export - INFO - region us-west-2
2025-05-16 09:50:51,592 - timestream_export - INFO - database la-idb-it-dbl4c4lnsxfz, it may print None if exporting all databases for specific region
2025-05-16 09:50:51,592 - timestream_export - INFO - table la-idb-it-tablequz4rfpnqk, it may print None if exporting a database or all databases
2025-05-16 09:50:51,592 - timestream_export - INFO - custom_partition_count 99
2025-05-16 09:50:51,592 - timestream_export - INFO - order_by_asc False
2025-05-16 09:50:51,593 - timestream_logger - INFO - DynamoDB logging is disabled. Skipping table creation.
2025-05-16 09:50:51,593 - timestream_logger - INFO - DynamoDB logging is disabled. Skipping logging to DynamoDB.
2025-05-16 09:50:51,593 - timestream_export - INFO - unloading  la-idb-it-dbl4c4lnsxfz.la-idb-it-tablequz4rfpnqk
2025-05-16 09:50:51,593 - timestream_logger - INFO - Starting unload for la-idb-it-dbl4c4lnsxfz.la-idb-it-tablequz4rfpnqk
2025-05-16 09:50:51,594 - timestream_logger - INFO - Unload will be performed in batches:[['1970-01-01 00:00:00', '1970-04-10 00:00:00'], ['1970-04-10 00:00:00', '1970-07-18 00:00:00'], ['1970-07-18 00:00:00', '1970-10-25 00:00:00'], ['1970-10-25 00:00:00', '1971-02-01 00:00:00'], ['1971-02-01 00:00:00', '1971-05-11 00:00:00'], ['1971-05-11 00:00:00', '1971-08-18 00:00:00'], ['1971-08-18 00:00:00', '1971-11-25 00:00:00'], ['1971-11-25 00:00:00', '1972-03-03 00:00:00'], ['1972-03-03 00:00:00', '1972-06-10 00:00:00'], ['1972-06-10 00:00:00', '1972-09-17 00:00:00'], ['1972-09-17 00:00:00', '1972-12-25 00:00:00'], ['1972-12-25 00:00:00', '1973-04-03 00:00:00'], ['1973-04-03 00:00:00', '1973-07-11 00:00:00'], ['1973-07-11 00:00:00', '1973-10-18 00:00:00'], ['1973-10-18 00:00:00', '1974-01-25 00:00:00'], ['1974-01-25 00:00:00', '1974-05-04 00:00:00'], ['1974-05-04 00:00:00', '1974-08-11 00:00:00'], ['1974-08-11 00:00:00', '1974-11-18 00:00:00'], ['1974-11-18 00:00:00', '1975-02-25 00:00:00'], ['1975-02-25 00:00:00', '1975-06-04 00:00:00'], ['1975-06-04 00:00:00', '1975-09-11 00:00:00'], ['1975-09-11 00:00:00', '1975-12-19 00:00:00'], ['1975-12-19 00:00:00', '1976-03-27 00:00:00'], ['1976-03-27 00:00:00', '1976-07-04 00:00:00'], ['1976-07-04 00:00:00', '1976-10-11 00:00:00'], ['1976-10-11 00:00:00', '1977-01-18 00:00:00'], ['1977-01-18 00:00:00', '1977-04-27 00:00:00'], ['1977-04-27 00:00:00', '1977-08-04 00:00:00'], ['1977-08-04 00:00:00', '1977-11-11 00:00:00'], ['1977-11-11 00:00:00', '1978-02-18 00:00:00'], ['1978-02-18 00:00:00', '1978-05-28 00:00:00'], ['1978-05-28 00:00:00', '1978-09-04 00:00:00'], ['1978-09-04 00:00:00', '1978-12-12 00:00:00'], ['1978-12-12 00:00:00', '1979-03-21 00:00:00'], ['1979-03-21 00:00:00', '1979-06-28 00:00:00'], ['1979-06-28 00:00:00', '1979-10-05 00:00:00'], ['1979-10-05 00:00:00', '1980-01-12 00:00:00'], ['1980-01-12 00:00:00', '1980-04-20 00:00:00'], ['1980-04-20 00:00:00', '1980-07-28 00:00:00'], ['1980-07-28 00:00:00', '1980-11-04 00:00:00'], ['1980-11-04 00:00:00', '1981-02-11 00:00:00'], ['1981-02-11 00:00:00', '1981-05-21 00:00:00'], ['1981-05-21 00:00:00', '1981-08-28 00:00:00'], ['1981-08-28 00:00:00', '1981-12-05 00:00:00'], ['1981-12-05 00:00:00', '1982-03-14 00:00:00'], ['1982-03-14 00:00:00', '1982-06-21 00:00:00'], ['1982-06-21 00:00:00', '1982-09-28 00:00:00'], ['1982-09-28 00:00:00', '1983-01-05 00:00:00'], ['1983-01-05 00:00:00', '1983-04-14 00:00:00'], ['1983-04-14 00:00:00', '1983-07-22 00:00:00'], ['1983-07-22 00:00:00', '1983-10-29 00:00:00'], ['1983-10-29 00:00:00', '1984-02-05 00:00:00'], ['1984-02-05 00:00:00', '1984-05-14 00:00:00'], ['1984-05-14 00:00:00', '1984-08-21 00:00:00'], ['1984-08-21 00:00:00', '1984-11-28 00:00:00'], ['1984-11-28 00:00:00', '1985-03-07 00:00:00'], ['1985-03-07 00:00:00', '1985-06-14 00:00:00'], ['1985-06-14 00:00:00', '1985-09-21 00:00:00'], ['1985-09-21 00:00:00', '1985-12-29 00:00:00'], ['1985-12-29 00:00:00', '1986-04-07 00:00:00'], ['1986-04-07 00:00:00', '1986-07-15 00:00:00'], ['1986-07-15 00:00:00', '1986-10-22 00:00:00'], ['1986-10-22 00:00:00', '1987-01-29 00:00:00'], ['1987-01-29 00:00:00', '1987-05-08 00:00:00'], ['1987-05-08 00:00:00', '1987-08-15 00:00:00'], ['1987-08-15 00:00:00', '1987-11-22 00:00:00'], ['1987-11-22 00:00:00', '1988-02-29 00:00:00'], ['1988-02-29 00:00:00', '1988-06-07 00:00:00'], ['1988-06-07 00:00:00', '1988-09-14 00:00:00'], ['1988-09-14 00:00:00', '1988-12-22 00:00:00'], ['1988-12-22 00:00:00', '1989-03-31 00:00:00'], ['1989-03-31 00:00:00', '1989-07-08 00:00:00'], ['1989-07-08 00:00:00', '1989-10-15 00:00:00'], ['1989-10-15 00:00:00', '1990-01-22 00:00:00'], ['1990-01-22 00:00:00', '1990-05-01 00:00:00'], ['1990-05-01 00:00:00', '1990-08-08 00:00:00'], ['1990-08-08 00:00:00', '1990-11-15 00:00:00'], ['1990-11-15 00:00:00', '1991-02-22 00:00:00'], ['1991-02-22 00:00:00', '1991-06-01 00:00:00'], ['1991-06-01 00:00:00', '1991-09-08 00:00:00'], ['1991-09-08 00:00:00', '1991-12-16 00:00:00'], ['1991-12-16 00:00:00', '1992-03-24 00:00:00'], ['1992-03-24 00:00:00', '1992-07-01 00:00:00'], ['1992-07-01 00:00:00', '1992-10-08 00:00:00'], ['1992-10-08 00:00:00', '1993-01-15 00:00:00'], ['1993-01-15 00:00:00', '1993-04-24 00:00:00'], ['1993-04-24 00:00:00', '1993-08-01 00:00:00'], ['1993-08-01 00:00:00', '1993-11-08 00:00:00'], ['1993-11-08 00:00:00', '1994-02-15 00:00:00'], ['1994-02-15 00:00:00', '1994-05-25 00:00:00'], ['1994-05-25 00:00:00', '1994-09-01 00:00:00'], ['1994-09-01 00:00:00', '1994-12-09 00:00:00'], ['1994-12-09 00:00:00', '1995-03-18 00:00:00'], ['1995-03-18 00:00:00', '1995-06-25 00:00:00'], ['1995-06-25 00:00:00', '1995-10-02 00:00:00'], ['1995-10-02 00:00:00', '1996-01-09 00:00:00'], ['1996-01-09 00:00:00', '1996-04-17 00:00:00'], ['1996-04-17 00:00:00', '1996-07-25 00:00:00'], ['1996-07-25 00:00:00', '1996-11-01 00:00:00'], ['1996-11-01 00:00:00', '1997-02-08 00:00:00'], ['1997-02-08 00:00:00', '1997-05-18 00:00:00'], ['1997-05-18 00:00:00', '1997-08-25 00:00:00'], ['1997-08-25 00:00:00', '1997-12-02 00:00:00'], ['1997-12-02 00:00:00', '1998-03-11 00:00:00'], ['1998-03-11 00:00:00', '1998-06-18 00:00:00'], ['1998-06-18 00:00:00', '1998-09-25 00:00:00'], ['1998-09-25 00:00:00', '1999-01-02 00:00:00'], ['1999-01-02 00:00:00', '1999-04-11 00:00:00'], ['1999-04-11 00:00:00', '1999-07-19 00:00:00'], ['1999-07-19 00:00:00', '1999-10-26 00:00:00'], ['1999-10-26 00:00:00', '2000-02-02 00:00:00'], ['2000-02-02 00:00:00', '2000-05-11 00:00:00'], ['2000-05-11 00:00:00', '2000-08-18 00:00:00'], ['2000-08-18 00:00:00', '2000-11-25 00:00:00'], ['2000-11-25 00:00:00', '2001-03-04 00:00:00'], ['2001-03-04 00:00:00', '2001-06-11 00:00:00'], ['2001-06-11 00:00:00', '2001-09-18 00:00:00'], ['2001-09-18 00:00:00', '2001-12-26 00:00:00'], ['2001-12-26 00:00:00', '2002-04-04 00:00:00'], ['2002-04-04 00:00:00', '2002-07-12 00:00:00'], ['2002-07-12 00:00:00', '2002-10-19 00:00:00'], ['2002-10-19 00:00:00', '2003-01-26 00:00:00'], ['2003-01-26 00:00:00', '2003-05-05 00:00:00'], ['2003-05-05 00:00:00', '2003-08-12 00:00:00'], ['2003-08-12 00:00:00', '2003-11-19 00:00:00'], ['2003-11-19 00:00:00', '2004-02-26 00:00:00'], ['2004-02-26 00:00:00', '2004-06-04 00:00:00'], ['2004-06-04 00:00:00', '2004-09-11 00:00:00'], ['2004-09-11 00:00:00', '2004-12-19 00:00:00'], ['2004-12-19 00:00:00', '2005-03-28 00:00:00'], ['2005-03-28 00:00:00', '2005-07-05 00:00:00'], ['2005-07-05 00:00:00', '2005-10-12 00:00:00'], ['2005-10-12 00:00:00', '2006-01-19 00:00:00'], ['2006-01-19 00:00:00', '2006-04-28 00:00:00'], ['2006-04-28 00:00:00', '2006-08-05 00:00:00'], ['2006-08-05 00:00:00', '2006-11-12 00:00:00'], ['2006-11-12 00:00:00', '2007-02-19 00:00:00'], ['2007-02-19 00:00:00', '2007-05-29 00:00:00'], ['2007-05-29 00:00:00', '2007-09-05 00:00:00'], ['2007-09-05 00:00:00', '2007-12-13 00:00:00'], ['2007-12-13 00:00:00', '2008-03-21 00:00:00'], ['2008-03-21 00:00:00', '2008-06-28 00:00:00'], ['2008-06-28 00:00:00', '2008-10-05 00:00:00'], ['2008-10-05 00:00:00', '2009-01-12 00:00:00'], ['2009-01-12 00:00:00', '2009-04-21 00:00:00'], ['2009-04-21 00:00:00', '2009-07-29 00:00:00'], ['2009-07-29 00:00:00', '2009-11-05 00:00:00'], ['2009-11-05 00:00:00', '2010-02-12 00:00:00'], ['2010-02-12 00:00:00', '2010-05-22 00:00:00'], ['2010-05-22 00:00:00', '2010-08-29 00:00:00'], ['2010-08-29 00:00:00', '2010-12-06 00:00:00'], ['2010-12-06 00:00:00', '2011-03-15 00:00:00'], ['2011-03-15 00:00:00', '2011-06-22 00:00:00'], ['2011-06-22 00:00:00', '2011-09-29 00:00:00'], ['2011-09-29 00:00:00', '2012-01-06 00:00:00'], ['2012-01-06 00:00:00', '2012-04-14 00:00:00'], ['2012-04-14 00:00:00', '2012-07-22 00:00:00'], ['2012-07-22 00:00:00', '2012-10-29 00:00:00'], ['2012-10-29 00:00:00', '2013-02-05 00:00:00'], ['2013-02-05 00:00:00', '2013-05-15 00:00:00'], ['2013-05-15 00:00:00', '2013-08-22 00:00:00'], ['2013-08-22 00:00:00', '2013-11-29 00:00:00'], ['2013-11-29 00:00:00', '2014-03-08 00:00:00'], ['2014-03-08 00:00:00', '2014-06-15 00:00:00'], ['2014-06-15 00:00:00', '2014-09-22 00:00:00'], ['2014-09-22 00:00:00', '2014-12-30 00:00:00'], ['2014-12-30 00:00:00', '2015-04-08 00:00:00'], ['2015-04-08 00:00:00', '2015-07-16 00:00:00'], ['2015-07-16 00:00:00', '2015-10-23 00:00:00'], ['2015-10-23 00:00:00', '2016-01-30 00:00:00'], ['2016-01-30 00:00:00', '2016-05-08 00:00:00'], ['2016-05-08 00:00:00', '2016-08-15 00:00:00'], ['2016-08-15 00:00:00', '2016-11-22 00:00:00'], ['2016-11-22 00:00:00', '2017-03-01 00:00:00'], ['2017-03-01 00:00:00', '2017-06-08 00:00:00'], ['2017-06-08 00:00:00', '2017-09-15 00:00:00'], ['2017-09-15 00:00:00', '2017-12-23 00:00:00'], ['2017-12-23 00:00:00', '2018-04-01 00:00:00'], ['2018-04-01 00:00:00', '2018-07-09 00:00:00'], ['2018-07-09 00:00:00', '2018-10-16 00:00:00'], ['2018-10-16 00:00:00', '2019-01-23 00:00:00'], ['2019-01-23 00:00:00', '2019-05-02 00:00:00'], ['2019-05-02 00:00:00', '2019-08-09 00:00:00'], ['2019-08-09 00:00:00', '2019-11-16 00:00:00'], ['2019-11-16 00:00:00', '2020-02-23 00:00:00'], ['2020-02-23 00:00:00', '2020-06-01 00:00:00'], ['2020-06-01 00:00:00', '2020-09-08 00:00:00'], ['2020-09-08 00:00:00', '2020-12-16 00:00:00'], ['2020-12-16 00:00:00', '2021-03-25 00:00:00'], ['2021-03-25 00:00:00', '2021-07-02 00:00:00'], ['2021-07-02 00:00:00', '2021-10-09 00:00:00'], ['2021-10-09 00:00:00', '2022-01-16 00:00:00'], ['2022-01-16 00:00:00', '2022-04-25 00:00:00'], ['2022-04-25 00:00:00', '2022-08-02 00:00:00'], ['2022-08-02 00:00:00', '2022-11-09 00:00:00'], ['2022-11-09 00:00:00', '2023-02-16 00:00:00'], ['2023-02-16 00:00:00', '2023-05-26 00:00:00'], ['2023-05-26 00:00:00', '2023-09-02 00:00:00'], ['2023-09-02 00:00:00', '2023-12-10 00:00:00'], ['2023-12-10 00:00:00', '2024-03-18 00:00:00'], ['2024-03-18 00:00:00', '2024-06-25 00:00:00'], ['2024-06-25 00:00:00', '2024-10-02 00:00:00'], ['2024-10-02 00:00:00', '2025-01-09 00:00:00'], ['2025-01-09 00:00:00', '2025-04-18 00:00:00'], ['2025-04-18 00:00:00', '2025-05-16 16:50:51']]
2025-05-16 09:50:51,594 - timestream_logger - INFO - DynamoDB logging is disabled. Skipping logging to DynamoDB.
2025-05-16 09:50:51,594 - timestream_logger - INFO - DynamoDB logging is disabled. Skipping logging to DynamoDB.
2025-05-16 09:50:51,594 - timestream_logger - INFO - Building unload query for la-idb-it-dbl4c4lnsxfz.la-idb-it-tablequz4rfpnqk
2025-05-16 09:50:51,594 - timestream_logger - INFO - DynamoDB logging is disabled. Skipping logging to DynamoDB.
2025-05-16 09:50:51,594 - timestream_logger - INFO - Running unload query for la-idb-it-dbl4c4lnsxfz.la-idb-it-tablequz4rfpnqk
2025-05-16 09:50:51,605 - timestream_logger - INFO - QUERY EXECUTING: UNLOAD( SELECT *, DATE_FORMAT(time,'%Y-%m-%d') as partition_date FROM "la-idb-it-dbl4c4lnsxfz"."la-idb-it-tablequz4rfpnqk" WHERE time >= '1970-01-01 00:00:00' AND time < '1970-04-10 00:00:00') TO 's3://la-idb-it-bucket34a1of401x/la-idb-it-dbl4c4lnsxfz/la-idb-it-tablequz4rfpnqk/unload-2025-05-16-16:50:51' WITH ( partitioned_by = ARRAY['partition_date'], max_file_size='2GB', format='PARQUET', encryption='SSE_S3', compression='NONE')
2025-05-16 09:50:51,605 - timestream_logger - INFO - UNLOAD IN PROGRESS for batch start_time >= 1970-01-01 00:00:00 and end_time < 1970-04-10 00:00:00 for la-idb-it-dbl4c4lnsxfz.la-idb-it-tablequz4rfpnqk 
2025-05-16 09:50:54,166 - timestream_logger - INFO - Progress Percentage for batch start_time >= 1970-01-01 00:00:00 and end_time < 1970-04-10 00:00:00 for la-idb-it-dbl4c4lnsxfz.la-idb-it-tablequz4rfpnqk : 100.0%
2025-05-16 09:50:54,204 - timestream_logger - INFO - {}
2025-05-16 09:50:54,205 - timestream_logger - INFO - Rows exported for batch start_time >= 1970-01-01 00:00:00 and end_time < 1970-04-10 00:00:00 for la-idb-it-dbl4c4lnsxfz.la-idb-it-tablequz4rfpnqk: 0
2025-05-16 09:50:54,205 - timestream_logger - INFO - DynamoDB logging is disabled. Skipping logging to DynamoDB.
2025-05-16 09:50:54,205 - timestream_logger - INFO - Building unload query for la-idb-it-dbl4c4lnsxfz.la-idb-it-tablequz4rfpnqk
2025-05-16 09:50:54,205 - timestream_logger - INFO - DynamoDB logging is disabled. Skipping logging to DynamoDB.
2025-05-16 09:50:54,205 - timestream_logger - INFO - Running unload query for la-idb-it-dbl4c4lnsxfz.la-idb-it-tablequz4rfpnqk
2025-05-16 09:50:54,206 - timestream_logger - INFO - QUERY EXECUTING: UNLOAD( SELECT *, DATE_FORMAT(time,'%Y-%m-%d') as partition_date FROM "la-idb-it-dbl4c4lnsxfz"."la-idb-it-tablequz4rfpnqk" WHERE time >= '1970-04-10 00:00:00' AND time < '1970-07-18 00:00:00') TO 's3://la-idb-it-bucket34a1of401x/la-idb-it-dbl4c4lnsxfz/la-idb-it-tablequz4rfpnqk/unload-2025-05-16-16:50:51' WITH ( partitioned_by = ARRAY['partition_date'], max_file_size='2GB', format='PARQUET', encryption='SSE_S3', compression='NONE')
2025-05-16 09:50:54,206 - timestream_logger - INFO - UNLOAD IN PROGRESS for batch start_time >= 1970-04-10 00:00:00 and end_time < 1970-07-18 00:00:00 for la-idb-it-dbl4c4lnsxfz.la-idb-it-tablequz4rfpnqk 
2025-05-16 09:50:54,602 - timestream_logger - INFO - Progress Percentage for batch start_time >= 1970-04-10 00:00:00 and end_time < 1970-07-18 00:00:00 for la-idb-it-dbl4c4lnsxfz.la-idb-it-tablequz4rfpnqk : 100.0%
2025-05-16 09:50:54,663 - timestream_logger - INFO - {}
2025-05-16 09:50:54,664 - timestream_logger - INFO - Rows exported for batch start_time >= 1970-04-10 00:00:00 and end_time < 1970-07-18 00:00:00 for la-idb-it-dbl4c4lnsxfz.la-idb-it-tablequz4rfpnqk: 0
2025-05-16 09:50:54,664 - timestream_logger - INFO - DynamoDB logging is disabled. Skipping logging to DynamoDB.
2025-05-16 09:50:54,665 - timestream_logger - INFO - Building unload query for la-idb-it-dbl4c4lnsxfz.la-idb-it-tablequz4rfpnqk
2025-05-16 09:50:54,665 - timestream_logger - INFO - DynamoDB logging is disabled. Skipping logging to DynamoDB.
2025-05-16 09:50:54,665 - timestream_logger - INFO - Running unload query for la-idb-it-dbl4c4lnsxfz.la-idb-it-tablequz4rfpnqk
2025-05-16 09:50:54,666 - timestream_logger - INFO - QUERY EXECUTING: UNLOAD( SELECT *, DATE_FORMAT(time,'%Y-%m-%d') as partition_date FROM "la-idb-it-dbl4c4lnsxfz"."la-idb-it-tablequz4rfpnqk" WHERE time >= '1970-07-18 00:00:00' AND time < '1970-10-25 00:00:00') TO 's3://la-idb-it-bucket34a1of401x/la-idb-it-dbl4c4lnsxfz/la-idb-it-tablequz4rfpnqk/unload-2025-05-16-16:50:51' WITH ( partitioned_by = ARRAY['partition_date'], max_file_size='2GB', format='PARQUET', encryption='SSE_S3', compression='NONE')
2025-05-16 09:50:54,666 - timestream_logger - INFO - UNLOAD IN PROGRESS for batch start_time >= 1970-07-18 00:00:00 and end_time < 1970-10-25 00:00:00 for la-idb-it-dbl4c4lnsxfz.la-idb-it-tablequz4rfpnqk 
2025-05-16 09:50:56,976 - timestream_logger - INFO - Progress Percentage for batch start_time >= 1970-07-18 00:00:00 and end_time < 1970-10-25 00:00:00 for la-idb-it-dbl4c4lnsxfz.la-idb-it-tablequz4rfpnqk : 100.0%
2025-05-16 09:50:57,013 - timestream_logger - INFO - {}
2025-05-16 09:50:57,014 - timestream_logger - INFO - Rows exported for batch start_time >= 1970-07-18 00:00:00 and end_time < 1970-10-25 00:00:00 for la-idb-it-dbl4c4lnsxfz.la-idb-it-tablequz4rfpnqk: 0
2025-05-16 09:50:57,014 - timestream_logger - INFO - DynamoDB logging is disabled. Skipping logging to DynamoDB.
2025-05-16 09:50:57,014 - timestream_logger - INFO - Building unload query for la-idb-it-dbl4c4lnsxfz.la-idb-it-tablequz4rfpnqk
2025-05-16 09:50:57,014 - timestream_logger - INFO - DynamoDB logging is disabled. Skipping logging to DynamoDB.
2025-05-16 09:50:57,014 - timestream_logger - INFO - Running unload query for la-idb-it-dbl4c4lnsxfz.la-idb-it-tablequz4rfpnqk
2025-05-16 09:50:57,014 - timestream_logger - INFO - QUERY EXECUTING: UNLOAD( SELECT *, DATE_FORMAT(time,'%Y-%m-%d') as partition_date FROM "la-idb-it-dbl4c4lnsxfz"."la-idb-it-tablequz4rfpnqk" WHERE time >= '1970-10-25 00:00:00' AND time < '1971-02-01 00:00:00') TO 's3://la-idb-it-bucket34a1of401x/la-idb-it-dbl4c4lnsxfz/la-idb-it-tablequz4rfpnqk/unload-2025-05-16-16:50:51' WITH ( partitioned_by = ARRAY['partition_date'], max_file_size='2GB', format='PARQUET', encryption='SSE_S3', compression='NONE')
2025-05-16 09:50:57,014 - timestream_logger - INFO - UNLOAD IN PROGRESS for batch start_time >= 1970-10-25 00:00:00 and end_time < 1971-02-01 00:00:00 for la-idb-it-dbl4c4lnsxfz.la-idb-it-tablequz4rfpnqk 
2025-05-16 09:50:58,302 - timestream_logger - INFO - Progress Percentage for batch start_time >= 1970-10-25 00:00:00 and end_time < 1971-02-01 00:00:00 for la-idb-it-dbl4c4lnsxfz.la-idb-it-tablequz4rfpnqk : 100.0%
2025-05-16 09:50:58,339 - timestream_logger - INFO - {}
2025-05-16 09:50:58,340 - timestream_logger - INFO - Rows exported for batch start_time >= 1970-10-25 00:00:00 and end_time < 1971-02-01 00:00:00 for la-idb-it-dbl4c4lnsxfz.la-idb-it-tablequz4rfpnqk: 0
2025-05-16 09:50:58,340 - timestream_logger - INFO - DynamoDB logging is disabled. Skipping logging to DynamoDB.
2025-05-16 09:50:58,340 - timestream_logger - INFO - Building unload query for la-idb-it-dbl4c4lnsxfz.la-idb-it-tablequz4rfpnqk
2025-05-16 09:50:58,340 - timestream_logger - INFO - DynamoDB logging is disabled. Skipping logging to DynamoDB.
2025-05-16 09:50:58,340 - timestream_logger - INFO - Running unload query for la-idb-it-dbl4c4lnsxfz.la-idb-it-tablequz4rfpnqk
2025-05-16 09:50:58,340 - timestream_logger - INFO - QUERY EXECUTING: UNLOAD( SELECT *, DATE_FORMAT(time,'%Y-%m-%d') as partition_date FROM "la-idb-it-dbl4c4lnsxfz"."la-idb-it-tablequz4rfpnqk" WHERE time >= '1971-02-01 00:00:00' AND time < '1971-05-11 00:00:00') TO 's3://la-idb-it-bucket34a1of401x/la-idb-it-dbl4c4lnsxfz/la-idb-it-tablequz4rfpnqk/unload-2025-05-16-16:50:51' WITH ( partitioned_by = ARRAY['partition_date'], max_file_size='2GB', format='PARQUET', encryption='SSE_S3', compression='NONE')
2025-05-16 09:50:58,340 - timestream_logger - INFO - UNLOAD IN PROGRESS for batch start_time >= 1971-02-01 00:00:00 and end_time < 1971-05-11 00:00:00 for la-idb-it-dbl4c4lnsxfz.la-idb-it-tablequz4rfpnqk 
2025-05-16 09:50:59,732 - timestream_logger - INFO - Progress Percentage for batch start_time >= 1971-02-01 00:00:00 and end_time < 1971-05-11 00:00:00 for la-idb-it-dbl4c4lnsxfz.la-idb-it-tablequz4rfpnqk : 100.0%
2025-05-16 09:50:59,764 - timestream_logger - INFO - {}
2025-05-16 09:50:59,764 - timestream_logger - INFO - Rows exported for batch start_time >= 1971-02-01 00:00:00 and end_time < 1971-05-11 00:00:00 for la-idb-it-dbl4c4lnsxfz.la-idb-it-tablequz4rfpnqk: 0
2025-05-16 09:50:59,764 - timestream_logger - INFO - DynamoDB logging is disabled. Skipping logging to DynamoDB.
2025-05-16 09:50:59,764 - timestream_logger - INFO - Building unload query for la-idb-it-dbl4c4lnsxfz.la-idb-it-tablequz4rfpnqk
2025-05-16 09:50:59,764 - timestream_logger - INFO - DynamoDB logging is disabled. Skipping logging to DynamoDB.
2025-05-16 09:50:59,764 - timestream_logger - INFO - Running unload query for la-idb-it-dbl4c4lnsxfz.la-idb-it-tablequz4rfpnqk
2025-05-16 09:50:59,764 - timestream_logger - INFO - QUERY EXECUTING: UNLOAD( SELECT *, DATE_FORMAT(time,'%Y-%m-%d') as partition_date FROM "la-idb-it-dbl4c4lnsxfz"."la-idb-it-tablequz4rfpnqk" WHERE time >= '1971-05-11 00:00:00' AND time < '1971-08-18 00:00:00') TO 's3://la-idb-it-bucket34a1of401x/la-idb-it-dbl4c4lnsxfz/la-idb-it-tablequz4rfpnqk/unload-2025-05-16-16:50:51' WITH ( partitioned_by = ARRAY['partition_date'], max_file_size='2GB', format='PARQUET', encryption='SSE_S3', compression='NONE')
2025-05-16 09:50:59,764 - timestream_logger - INFO - UNLOAD IN PROGRESS for batch start_time >= 1971-05-11 00:00:00 and end_time < 1971-08-18 00:00:00 for la-idb-it-dbl4c4lnsxfz.la-idb-it-tablequz4rfpnqk 
2025-05-16 09:51:00,961 - timestream_logger - INFO - Progress Percentage for batch start_time >= 1971-05-11 00:00:00 and end_time < 1971-08-18 00:00:00 for la-idb-it-dbl4c4lnsxfz.la-idb-it-tablequz4rfpnqk : 100.0%
2025-05-16 09:51:01,004 - timestream_logger - INFO - {}
2025-05-16 09:51:01,004 - timestream_logger - INFO - Rows exported for batch start_time >= 1971-05-11 00:00:00 and end_time < 1971-08-18 00:00:00 for la-idb-it-dbl4c4lnsxfz.la-idb-it-tablequz4rfpnqk: 0
2025-05-16 09:51:01,005 - timestream_logger - INFO - DynamoDB logging is disabled. Skipping logging to DynamoDB.
2025-05-16 09:51:01,005 - timestream_logger - INFO - Building unload query for la-idb-it-dbl4c4lnsxfz.la-idb-it-tablequz4rfpnqk
2025-05-16 09:51:01,005 - timestream_logger - INFO - DynamoDB logging is disabled. Skipping logging to DynamoDB.
2025-05-16 09:51:01,005 - timestream_logger - INFO - Running unload query for la-idb-it-dbl4c4lnsxfz.la-idb-it-tablequz4rfpnqk
2025-05-16 09:51:01,006 - timestream_logger - INFO - QUERY EXECUTING: UNLOAD( SELECT *, DATE_FORMAT(time,'%Y-%m-%d') as partition_date FROM "la-idb-it-dbl4c4lnsxfz"."la-idb-it-tablequz4rfpnqk" WHERE time >= '1971-08-18 00:00:00' AND time < '1971-11-25 00:00:00') TO 's3://la-idb-it-bucket34a1of401x/la-idb-it-dbl4c4lnsxfz/la-idb-it-tablequz4rfpnqk/unload-2025-05-16-16:50:51' WITH ( partitioned_by = ARRAY['partition_date'], max_file_size='2GB', format='PARQUET', encryption='SSE_S3', compression='NONE')
2025-05-16 09:51:01,006 - timestream_logger - INFO - UNLOAD IN PROGRESS for batch start_time >= 1971-08-18 00:00:00 and end_time < 1971-11-25 00:00:00 for la-idb-it-dbl4c4lnsxfz.la-idb-it-tablequz4rfpnqk 
2025-05-16 09:51:02,221 - timestream_logger - INFO - Progress Percentage for batch start_time >= 1971-08-18 00:00:00 and end_time < 1971-11-25 00:00:00 for la-idb-it-dbl4c4lnsxfz.la-idb-it-tablequz4rfpnqk : 100.0%
2025-05-16 09:51:02,263 - timestream_logger - INFO - {}
2025-05-16 09:51:02,265 - timestream_logger - INFO - Rows exported for batch start_time >= 1971-08-18 00:00:00 and end_time < 1971-11-25 00:00:00 for la-idb-it-dbl4c4lnsxfz.la-idb-it-tablequz4rfpnqk: 0
2025-05-16 09:51:02,265 - timestream_logger - INFO - DynamoDB logging is disabled. Skipping logging to DynamoDB.
2025-05-16 09:51:02,265 - timestream_logger - INFO - Building unload query for la-idb-it-dbl4c4lnsxfz.la-idb-it-tablequz4rfpnqk
2025-05-16 09:51:02,265 - timestream_logger - INFO - DynamoDB logging is disabled. Skipping logging to DynamoDB.
2025-05-16 09:51:02,266 - timestream_logger - INFO - Running unload query for la-idb-it-dbl4c4lnsxfz.la-idb-it-tablequz4rfpnqk
2025-05-16 09:51:02,266 - timestream_logger - INFO - QUERY EXECUTING: UNLOAD( SELECT *, DATE_FORMAT(time,'%Y-%m-%d') as partition_date FROM "la-idb-it-dbl4c4lnsxfz"."la-idb-it-tablequz4rfpnqk" WHERE time >= '1971-11-25 00:00:00' AND time < '1972-03-03 00:00:00') TO 's3://la-idb-it-bucket34a1of401x/la-idb-it-dbl4c4lnsxfz/la-idb-it-tablequz4rfpnqk/unload-2025-05-16-16:50:51' WITH ( partitioned_by = ARRAY['partition_date'], max_file_size='2GB', format='PARQUET', encryption='SSE_S3', compression='NONE')
2025-05-16 09:51:02,266 - timestream_logger - INFO - UNLOAD IN PROGRESS for batch start_time >= 1971-11-25 00:00:00 and end_time < 1972-03-03 00:00:00 for la-idb-it-dbl4c4lnsxfz.la-idb-it-tablequz4rfpnqk 
2025-05-16 09:51:04,753 - timestream_logger - INFO - Progress Percentage for batch start_time >= 1971-11-25 00:00:00 and end_time < 1972-03-03 00:00:00 for la-idb-it-dbl4c4lnsxfz.la-idb-it-tablequz4rfpnqk : 100.0%
2025-05-16 09:51:04,796 - timestream_logger - INFO - {}
2025-05-16 09:51:04,797 - timestream_logger - INFO - Rows exported for batch start_time >= 1971-11-25 00:00:00 and end_time < 1972-03-03 00:00:00 for la-idb-it-dbl4c4lnsxfz.la-idb-it-tablequz4rfpnqk: 0
2025-05-16 09:51:04,797 - timestream_logger - INFO - DynamoDB logging is disabled. Skipping logging to DynamoDB.
2025-05-16 09:51:04,797 - timestream_logger - INFO - Building unload query for la-idb-it-dbl4c4lnsxfz.la-idb-it-tablequz4rfpnqk
2025-05-16 09:51:04,798 - timestream_logger - INFO - DynamoDB logging is disabled. Skipping logging to DynamoDB.
2025-05-16 09:51:04,798 - timestream_logger - INFO - Running unload query for la-idb-it-dbl4c4lnsxfz.la-idb-it-tablequz4rfpnqk
2025-05-16 09:51:04,798 - timestream_logger - INFO - QUERY EXECUTING: UNLOAD( SELECT *, DATE_FORMAT(time,'%Y-%m-%d') as partition_date FROM "la-idb-it-dbl4c4lnsxfz"."la-idb-it-tablequz4rfpnqk" WHERE time >= '1972-03-03 00:00:00' AND time < '1972-06-10 00:00:00') TO 's3://la-idb-it-bucket34a1of401x/la-idb-it-dbl4c4lnsxfz/la-idb-it-tablequz4rfpnqk/unload-2025-05-16-16:50:51' WITH ( partitioned_by = ARRAY['partition_date'], max_file_size='2GB', format='PARQUET', encryption='SSE_S3', compression='NONE')
2025-05-16 09:51:04,798 - timestream_logger - INFO - UNLOAD IN PROGRESS for batch start_time >= 1972-03-03 00:00:00 and end_time < 1972-06-10 00:00:00 for la-idb-it-dbl4c4lnsxfz.la-idb-it-tablequz4rfpnqk 
2025-05-16 09:51:06,218 - timestream_logger - INFO - Progress Percentage for batch start_time >= 1972-03-03 00:00:00 and end_time < 1972-06-10 00:00:00 for la-idb-it-dbl4c4lnsxfz.la-idb-it-tablequz4rfpnqk : 100.0%
2025-05-16 09:51:06,259 - timestream_logger - INFO - {}
2025-05-16 09:51:06,259 - timestream_logger - INFO - Rows exported for batch start_time >= 1972-03-03 00:00:00 and end_time < 1972-06-10 00:00:00 for la-idb-it-dbl4c4lnsxfz.la-idb-it-tablequz4rfpnqk: 0
2025-05-16 09:51:06,260 - timestream_logger - INFO - DynamoDB logging is disabled. Skipping logging to DynamoDB.
2025-05-16 09:51:06,260 - timestream_logger - INFO - Building unload query for la-idb-it-dbl4c4lnsxfz.la-idb-it-tablequz4rfpnqk
2025-05-16 09:51:06,260 - timestream_logger - INFO - DynamoDB logging is disabled. Skipping logging to DynamoDB.
2025-05-16 09:51:06,260 - timestream_logger - INFO - Running unload query for la-idb-it-dbl4c4lnsxfz.la-idb-it-tablequz4rfpnqk
2025-05-16 09:51:06,260 - timestream_logger - INFO - QUERY EXECUTING: UNLOAD( SELECT *, DATE_FORMAT(time,'%Y-%m-%d') as partition_date FROM "la-idb-it-dbl4c4lnsxfz"."la-idb-it-tablequz4rfpnqk" WHERE time >= '1972-06-10 00:00:00' AND time < '1972-09-17 00:00:00') TO 's3://la-idb-it-bucket34a1of401x/la-idb-it-dbl4c4lnsxfz/la-idb-it-tablequz4rfpnqk/unload-2025-05-16-16:50:51' WITH ( partitioned_by = ARRAY['partition_date'], max_file_size='2GB', format='PARQUET', encryption='SSE_S3', compression='NONE')
2025-05-16 09:51:06,261 - timestream_logger - INFO - UNLOAD IN PROGRESS for batch start_time >= 1972-06-10 00:00:00 and end_time < 1972-09-17 00:00:00 for la-idb-it-dbl4c4lnsxfz.la-idb-it-tablequz4rfpnqk 
2025-05-16 09:51:07,414 - timestream_logger - INFO - Progress Percentage for batch start_time >= 1972-06-10 00:00:00 and end_time < 1972-09-17 00:00:00 for la-idb-it-dbl4c4lnsxfz.la-idb-it-tablequz4rfpnqk : 100.0%
2025-05-16 09:51:07,449 - timestream_logger - INFO - {}
2025-05-16 09:51:07,449 - timestream_logger - INFO - Rows exported for batch start_time >= 1972-06-10 00:00:00 and end_time < 1972-09-17 00:00:00 for la-idb-it-dbl4c4lnsxfz.la-idb-it-tablequz4rfpnqk: 0
2025-05-16 09:51:07,449 - timestream_logger - INFO - DynamoDB logging is disabled. Skipping logging to DynamoDB.
2025-05-16 09:51:07,449 - timestream_logger - INFO - Building unload query for la-idb-it-dbl4c4lnsxfz.la-idb-it-tablequz4rfpnqk
2025-05-16 09:51:07,449 - timestream_logger - INFO - DynamoDB logging is disabled. Skipping logging to DynamoDB.
2025-05-16 09:51:07,449 - timestream_logger - INFO - Running unload query for la-idb-it-dbl4c4lnsxfz.la-idb-it-tablequz4rfpnqk
2025-05-16 09:51:07,449 - timestream_logger - INFO - QUERY EXECUTING: UNLOAD( SELECT *, DATE_FORMAT(time,'%Y-%m-%d') as partition_date FROM "la-idb-it-dbl4c4lnsxfz"."la-idb-it-tablequz4rfpnqk" WHERE time >= '1972-09-17 00:00:00' AND time < '1972-12-25 00:00:00') TO 's3://la-idb-it-bucket34a1of401x/la-idb-it-dbl4c4lnsxfz/la-idb-it-tablequz4rfpnqk/unload-2025-05-16-16:50:51' WITH ( partitioned_by = ARRAY['partition_date'], max_file_size='2GB', format='PARQUET', encryption='SSE_S3', compression='NONE')
2025-05-16 09:51:07,449 - timestream_logger - INFO - UNLOAD IN PROGRESS for batch start_time >= 1972-09-17 00:00:00 and end_time < 1972-12-25 00:00:00 for la-idb-it-dbl4c4lnsxfz.la-idb-it-tablequz4rfpnqk 
2025-05-16 09:51:09,128 - timestream_logger - INFO - Progress Percentage for batch start_time >= 1972-09-17 00:00:00 and end_time < 1972-12-25 00:00:00 for la-idb-it-dbl4c4lnsxfz.la-idb-it-tablequz4rfpnqk : 100.0%
2025-05-16 09:51:09,171 - timestream_logger - INFO - {}
2025-05-16 09:51:09,171 - timestream_logger - INFO - Rows exported for batch start_time >= 1972-09-17 00:00:00 and end_time < 1972-12-25 00:00:00 for la-idb-it-dbl4c4lnsxfz.la-idb-it-tablequz4rfpnqk: 0
2025-05-16 09:51:09,171 - timestream_logger - INFO - DynamoDB logging is disabled. Skipping logging to DynamoDB.
2025-05-16 09:51:09,171 - timestream_logger - INFO - Building unload query for la-idb-it-dbl4c4lnsxfz.la-idb-it-tablequz4rfpnqk
2025-05-16 09:51:09,171 - timestream_logger - INFO - DynamoDB logging is disabled. Skipping logging to DynamoDB.
2025-05-16 09:51:09,171 - timestream_logger - INFO - Running unload query for la-idb-it-dbl4c4lnsxfz.la-idb-it-tablequz4rfpnqk
2025-05-16 09:51:09,171 - timestream_logger - INFO - QUERY EXECUTING: UNLOAD( SELECT *, DATE_FORMAT(time,'%Y-%m-%d') as partition_date FROM "la-idb-it-dbl4c4lnsxfz"."la-idb-it-tablequz4rfpnqk" WHERE time >= '1972-12-25 00:00:00' AND time < '1973-04-03 00:00:00') TO 's3://la-idb-it-bucket34a1of401x/la-idb-it-dbl4c4lnsxfz/la-idb-it-tablequz4rfpnqk/unload-2025-05-16-16:50:51' WITH ( partitioned_by = ARRAY['partition_date'], max_file_size='2GB', format='PARQUET', encryption='SSE_S3', compression='NONE')
2025-05-16 09:51:09,171 - timestream_logger - INFO - UNLOAD IN PROGRESS for batch start_time >= 1972-12-25 00:00:00 and end_time < 1973-04-03 00:00:00 for la-idb-it-dbl4c4lnsxfz.la-idb-it-tablequz4rfpnqk 
2025-05-16 09:51:10,589 - timestream_logger - INFO - Progress Percentage for batch start_time >= 1972-12-25 00:00:00 and end_time < 1973-04-03 00:00:00 for la-idb-it-dbl4c4lnsxfz.la-idb-it-tablequz4rfpnqk : 100.0%
2025-05-16 09:51:10,632 - timestream_logger - INFO - {}
2025-05-16 09:51:10,632 - timestream_logger - INFO - Rows exported for batch start_time >= 1972-12-25 00:00:00 and end_time < 1973-04-03 00:00:00 for la-idb-it-dbl4c4lnsxfz.la-idb-it-tablequz4rfpnqk: 0
2025-05-16 09:51:10,632 - timestream_logger - INFO - DynamoDB logging is disabled. Skipping logging to DynamoDB.
2025-05-16 09:51:10,633 - timestream_logger - INFO - Building unload query for la-idb-it-dbl4c4lnsxfz.la-idb-it-tablequz4rfpnqk
2025-05-16 09:51:10,633 - timestream_logger - INFO - DynamoDB logging is disabled. Skipping logging to DynamoDB.
2025-05-16 09:51:10,633 - timestream_logger - INFO - Running unload query for la-idb-it-dbl4c4lnsxfz.la-idb-it-tablequz4rfpnqk
2025-05-16 09:51:10,633 - timestream_logger - INFO - QUERY EXECUTING: UNLOAD( SELECT *, DATE_FORMAT(time,'%Y-%m-%d') as partition_date FROM "la-idb-it-dbl4c4lnsxfz"."la-idb-it-tablequz4rfpnqk" WHERE time >= '1973-04-03 00:00:00' AND time < '1973-07-11 00:00:00') TO 's3://la-idb-it-bucket34a1of401x/la-idb-it-dbl4c4lnsxfz/la-idb-it-tablequz4rfpnqk/unload-2025-05-16-16:50:51' WITH ( partitioned_by = ARRAY['partition_date'], max_file_size='2GB', format='PARQUET', encryption='SSE_S3', compression='NONE')
2025-05-16 09:51:10,633 - timestream_logger - INFO - UNLOAD IN PROGRESS for batch start_time >= 1973-04-03 00:00:00 and end_time < 1973-07-11 00:00:00 for la-idb-it-dbl4c4lnsxfz.la-idb-it-tablequz4rfpnqk 
2025-05-16 09:51:11,721 - timestream_logger - INFO - Progress Percentage for batch start_time >= 1973-04-03 00:00:00 and end_time < 1973-07-11 00:00:00 for la-idb-it-dbl4c4lnsxfz.la-idb-it-tablequz4rfpnqk : 100.0%
2025-05-16 09:51:11,766 - timestream_logger - INFO - {}
2025-05-16 09:51:11,767 - timestream_logger - INFO - Rows exported for batch start_time >= 1973-04-03 00:00:00 and end_time < 1973-07-11 00:00:00 for la-idb-it-dbl4c4lnsxfz.la-idb-it-tablequz4rfpnqk: 0
2025-05-16 09:51:11,767 - timestream_logger - INFO - DynamoDB logging is disabled. Skipping logging to DynamoDB.
2025-05-16 09:51:11,767 - timestream_logger - INFO - Building unload query for la-idb-it-dbl4c4lnsxfz.la-idb-it-tablequz4rfpnqk
2025-05-16 09:51:11,767 - timestream_logger - INFO - DynamoDB logging is disabled. Skipping logging to DynamoDB.
2025-05-16 09:51:11,767 - timestream_logger - INFO - Running unload query for la-idb-it-dbl4c4lnsxfz.la-idb-it-tablequz4rfpnqk
2025-05-16 09:51:11,768 - timestream_logger - INFO - QUERY EXECUTING: UNLOAD( SELECT *, DATE_FORMAT(time,'%Y-%m-%d') as partition_date FROM "la-idb-it-dbl4c4lnsxfz"."la-idb-it-tablequz4rfpnqk" WHERE time >= '1973-07-11 00:00:00' AND time < '1973-10-18 00:00:00') TO 's3://la-idb-it-bucket34a1of401x/la-idb-it-dbl4c4lnsxfz/la-idb-it-tablequz4rfpnqk/unload-2025-05-16-16:50:51' WITH ( partitioned_by = ARRAY['partition_date'], max_file_size='2GB', format='PARQUET', encryption='SSE_S3', compression='NONE')
2025-05-16 09:51:11,768 - timestream_logger - INFO - UNLOAD IN PROGRESS for batch start_time >= 1973-07-11 00:00:00 and end_time < 1973-10-18 00:00:00 for la-idb-it-dbl4c4lnsxfz.la-idb-it-tablequz4rfpnqk 
2025-05-16 09:51:13,044 - timestream_logger - INFO - Progress Percentage for batch start_time >= 1973-07-11 00:00:00 and end_time < 1973-10-18 00:00:00 for la-idb-it-dbl4c4lnsxfz.la-idb-it-tablequz4rfpnqk : 100.0%
2025-05-16 09:51:13,080 - timestream_logger - INFO - {}
2025-05-16 09:51:13,080 - timestream_logger - INFO - Rows exported for batch start_time >= 1973-07-11 00:00:00 and end_time < 1973-10-18 00:00:00 for la-idb-it-dbl4c4lnsxfz.la-idb-it-tablequz4rfpnqk: 0
2025-05-16 09:51:13,080 - timestream_logger - INFO - DynamoDB logging is disabled. Skipping logging to DynamoDB.
2025-05-16 09:51:13,080 - timestream_logger - INFO - Building unload query for la-idb-it-dbl4c4lnsxfz.la-idb-it-tablequz4rfpnqk
2025-05-16 09:51:13,080 - timestream_logger - INFO - DynamoDB logging is disabled. Skipping logging to DynamoDB.
2025-05-16 09:51:13,080 - timestream_logger - INFO - Running unload query for la-idb-it-dbl4c4lnsxfz.la-idb-it-tablequz4rfpnqk
2025-05-16 09:51:13,080 - timestream_logger - INFO - QUERY EXECUTING: UNLOAD( SELECT *, DATE_FORMAT(time,'%Y-%m-%d') as partition_date FROM "la-idb-it-dbl4c4lnsxfz"."la-idb-it-tablequz4rfpnqk" WHERE time >= '1973-10-18 00:00:00' AND time < '1974-01-25 00:00:00') TO 's3://la-idb-it-bucket34a1of401x/la-idb-it-dbl4c4lnsxfz/la-idb-it-tablequz4rfpnqk/unload-2025-05-16-16:50:51' WITH ( partitioned_by = ARRAY['partition_date'], max_file_size='2GB', format='PARQUET', encryption='SSE_S3', compression='NONE')
2025-05-16 09:51:13,080 - timestream_logger - INFO - UNLOAD IN PROGRESS for batch start_time >= 1973-10-18 00:00:00 and end_time < 1974-01-25 00:00:00 for la-idb-it-dbl4c4lnsxfz.la-idb-it-tablequz4rfpnqk 
2025-05-16 09:51:14,523 - timestream_logger - INFO - Progress Percentage for batch start_time >= 1973-10-18 00:00:00 and end_time < 1974-01-25 00:00:00 for la-idb-it-dbl4c4lnsxfz.la-idb-it-tablequz4rfpnqk : 100.0%
2025-05-16 09:51:14,559 - timestream_logger - INFO - {}
2025-05-16 09:51:14,560 - timestream_logger - INFO - Rows exported for batch start_time >= 1973-10-18 00:00:00 and end_time < 1974-01-25 00:00:00 for la-idb-it-dbl4c4lnsxfz.la-idb-it-tablequz4rfpnqk: 0
2025-05-16 09:51:14,560 - timestream_logger - INFO - DynamoDB logging is disabled. Skipping logging to DynamoDB.
2025-05-16 09:51:14,560 - timestream_logger - INFO - Building unload query for la-idb-it-dbl4c4lnsxfz.la-idb-it-tablequz4rfpnqk
2025-05-16 09:51:14,560 - timestream_logger - INFO - DynamoDB logging is disabled. Skipping logging to DynamoDB.
2025-05-16 09:51:14,560 - timestream_logger - INFO - Running unload query for la-idb-it-dbl4c4lnsxfz.la-idb-it-tablequz4rfpnqk
2025-05-16 09:51:14,561 - timestream_logger - INFO - QUERY EXECUTING: UNLOAD( SELECT *, DATE_FORMAT(time,'%Y-%m-%d') as partition_date FROM "la-idb-it-dbl4c4lnsxfz"."la-idb-it-tablequz4rfpnqk" WHERE time >= '1974-01-25 00:00:00' AND time < '1974-05-04 00:00:00') TO 's3://la-idb-it-bucket34a1of401x/la-idb-it-dbl4c4lnsxfz/la-idb-it-tablequz4rfpnqk/unload-2025-05-16-16:50:51' WITH ( partitioned_by = ARRAY['partition_date'], max_file_size='2GB', format='PARQUET', encryption='SSE_S3', compression='NONE')
2025-05-16 09:51:14,561 - timestream_logger - INFO - UNLOAD IN PROGRESS for batch start_time >= 1974-01-25 00:00:00 and end_time < 1974-05-04 00:00:00 for la-idb-it-dbl4c4lnsxfz.la-idb-it-tablequz4rfpnqk 
2025-05-16 09:51:16,428 - timestream_logger - INFO - Progress Percentage for batch start_time >= 1974-01-25 00:00:00 and end_time < 1974-05-04 00:00:00 for la-idb-it-dbl4c4lnsxfz.la-idb-it-tablequz4rfpnqk : 100.0%
2025-05-16 09:51:16,472 - timestream_logger - INFO - {}
2025-05-16 09:51:16,473 - timestream_logger - INFO - Rows exported for batch start_time >= 1974-01-25 00:00:00 and end_time < 1974-05-04 00:00:00 for la-idb-it-dbl4c4lnsxfz.la-idb-it-tablequz4rfpnqk: 0
2025-05-16 09:51:16,473 - timestream_logger - INFO - DynamoDB logging is disabled. Skipping logging to DynamoDB.
2025-05-16 09:51:16,474 - timestream_logger - INFO - Building unload query for la-idb-it-dbl4c4lnsxfz.la-idb-it-tablequz4rfpnqk
2025-05-16 09:51:16,474 - timestream_logger - INFO - DynamoDB logging is disabled. Skipping logging to DynamoDB.
2025-05-16 09:51:16,474 - timestream_logger - INFO - Running unload query for la-idb-it-dbl4c4lnsxfz.la-idb-it-tablequz4rfpnqk
2025-05-16 09:51:16,475 - timestream_logger - INFO - QUERY EXECUTING: UNLOAD( SELECT *, DATE_FORMAT(time,'%Y-%m-%d') as partition_date FROM "la-idb-it-dbl4c4lnsxfz"."la-idb-it-tablequz4rfpnqk" WHERE time >= '1974-05-04 00:00:00' AND time < '1974-08-11 00:00:00') TO 's3://la-idb-it-bucket34a1of401x/la-idb-it-dbl4c4lnsxfz/la-idb-it-tablequz4rfpnqk/unload-2025-05-16-16:50:51' WITH ( partitioned_by = ARRAY['partition_date'], max_file_size='2GB', format='PARQUET', encryption='SSE_S3', compression='NONE')
2025-05-16 09:51:16,475 - timestream_logger - INFO - UNLOAD IN PROGRESS for batch start_time >= 1974-05-04 00:00:00 and end_time < 1974-08-11 00:00:00 for la-idb-it-dbl4c4lnsxfz.la-idb-it-tablequz4rfpnqk 
2025-05-16 09:51:17,985 - timestream_logger - INFO - Progress Percentage for batch start_time >= 1974-05-04 00:00:00 and end_time < 1974-08-11 00:00:00 for la-idb-it-dbl4c4lnsxfz.la-idb-it-tablequz4rfpnqk : 100.0%
2025-05-16 09:51:18,019 - timestream_logger - INFO - {}
2025-05-16 09:51:18,019 - timestream_logger - INFO - Rows exported for batch start_time >= 1974-05-04 00:00:00 and end_time < 1974-08-11 00:00:00 for la-idb-it-dbl4c4lnsxfz.la-idb-it-tablequz4rfpnqk: 0
2025-05-16 09:51:18,019 - timestream_logger - INFO - DynamoDB logging is disabled. Skipping logging to DynamoDB.
2025-05-16 09:51:18,019 - timestream_logger - INFO - Building unload query for la-idb-it-dbl4c4lnsxfz.la-idb-it-tablequz4rfpnqk
2025-05-16 09:51:18,019 - timestream_logger - INFO - DynamoDB logging is disabled. Skipping logging to DynamoDB.
2025-05-16 09:51:18,019 - timestream_logger - INFO - Running unload query for la-idb-it-dbl4c4lnsxfz.la-idb-it-tablequz4rfpnqk
2025-05-16 09:51:18,019 - timestream_logger - INFO - QUERY EXECUTING: UNLOAD( SELECT *, DATE_FORMAT(time,'%Y-%m-%d') as partition_date FROM "la-idb-it-dbl4c4lnsxfz"."la-idb-it-tablequz4rfpnqk" WHERE time >= '1974-08-11 00:00:00' AND time < '1974-11-18 00:00:00') TO 's3://la-idb-it-bucket34a1of401x/la-idb-it-dbl4c4lnsxfz/la-idb-it-tablequz4rfpnqk/unload-2025-05-16-16:50:51' WITH ( partitioned_by = ARRAY['partition_date'], max_file_size='2GB', format='PARQUET', encryption='SSE_S3', compression='NONE')
2025-05-16 09:51:18,020 - timestream_logger - INFO - UNLOAD IN PROGRESS for batch start_time >= 1974-08-11 00:00:00 and end_time < 1974-11-18 00:00:00 for la-idb-it-dbl4c4lnsxfz.la-idb-it-tablequz4rfpnqk 
2025-05-16 09:51:22,282 - timestream_logger - INFO - Progress Percentage for batch start_time >= 1974-08-11 00:00:00 and end_time < 1974-11-18 00:00:00 for la-idb-it-dbl4c4lnsxfz.la-idb-it-tablequz4rfpnqk : 100.0%
2025-05-16 09:51:22,323 - timestream_logger - INFO - {}
2025-05-16 09:51:22,324 - timestream_logger - INFO - Rows exported for batch start_time >= 1974-08-11 00:00:00 and end_time < 1974-11-18 00:00:00 for la-idb-it-dbl4c4lnsxfz.la-idb-it-tablequz4rfpnqk: 0
2025-05-16 09:51:22,324 - timestream_logger - INFO - DynamoDB logging is disabled. Skipping logging to DynamoDB.
2025-05-16 09:51:22,324 - timestream_logger - INFO - Building unload query for la-idb-it-dbl4c4lnsxfz.la-idb-it-tablequz4rfpnqk
2025-05-16 09:51:22,324 - timestream_logger - INFO - DynamoDB logging is disabled. Skipping logging to DynamoDB.
2025-05-16 09:51:22,324 - timestream_logger - INFO - Running unload query for la-idb-it-dbl4c4lnsxfz.la-idb-it-tablequz4rfpnqk
2025-05-16 09:51:22,325 - timestream_logger - INFO - QUERY EXECUTING: UNLOAD( SELECT *, DATE_FORMAT(time,'%Y-%m-%d') as partition_date FROM "la-idb-it-dbl4c4lnsxfz"."la-idb-it-tablequz4rfpnqk" WHERE time >= '1974-11-18 00:00:00' AND time < '1975-02-25 00:00:00') TO 's3://la-idb-it-bucket34a1of401x/la-idb-it-dbl4c4lnsxfz/la-idb-it-tablequz4rfpnqk/unload-2025-05-16-16:50:51' WITH ( partitioned_by = ARRAY['partition_date'], max_file_size='2GB', format='PARQUET', encryption='SSE_S3', compression='NONE')
2025-05-16 09:51:22,325 - timestream_logger - INFO - UNLOAD IN PROGRESS for batch start_time >= 1974-11-18 00:00:00 and end_time < 1975-02-25 00:00:00 for la-idb-it-dbl4c4lnsxfz.la-idb-it-tablequz4rfpnqk 
2025-05-16 09:51:25,124 - timestream_logger - INFO - Progress Percentage for batch start_time >= 1974-11-18 00:00:00 and end_time < 1975-02-25 00:00:00 for la-idb-it-dbl4c4lnsxfz.la-idb-it-tablequz4rfpnqk : 100.0%
2025-05-16 09:51:25,167 - timestream_logger - INFO - {}
2025-05-16 09:51:25,168 - timestream_logger - INFO - Rows exported for batch start_time >= 1974-11-18 00:00:00 and end_time < 1975-02-25 00:00:00 for la-idb-it-dbl4c4lnsxfz.la-idb-it-tablequz4rfpnqk: 0
2025-05-16 09:51:25,168 - timestream_logger - INFO - DynamoDB logging is disabled. Skipping logging to DynamoDB.
2025-05-16 09:51:25,168 - timestream_logger - INFO - Building unload query for la-idb-it-dbl4c4lnsxfz.la-idb-it-tablequz4rfpnqk
2025-05-16 09:51:25,168 - timestream_logger - INFO - DynamoDB logging is disabled. Skipping logging to DynamoDB.
2025-05-16 09:51:25,169 - timestream_logger - INFO - Running unload query for la-idb-it-dbl4c4lnsxfz.la-idb-it-tablequz4rfpnqk
2025-05-16 09:51:25,169 - timestream_logger - INFO - QUERY EXECUTING: UNLOAD( SELECT *, DATE_FORMAT(time,'%Y-%m-%d') as partition_date FROM "la-idb-it-dbl4c4lnsxfz"."la-idb-it-tablequz4rfpnqk" WHERE time >= '1975-02-25 00:00:00' AND time < '1975-06-04 00:00:00') TO 's3://la-idb-it-bucket34a1of401x/la-idb-it-dbl4c4lnsxfz/la-idb-it-tablequz4rfpnqk/unload-2025-05-16-16:50:51' WITH ( partitioned_by = ARRAY['partition_date'], max_file_size='2GB', format='PARQUET', encryption='SSE_S3', compression='NONE')
2025-05-16 09:51:25,170 - timestream_logger - INFO - UNLOAD IN PROGRESS for batch start_time >= 1975-02-25 00:00:00 and end_time < 1975-06-04 00:00:00 for la-idb-it-dbl4c4lnsxfz.la-idb-it-tablequz4rfpnqk 
2025-05-16 09:51:29,888 - timestream_logger - INFO - Progress Percentage for batch start_time >= 1975-02-25 00:00:00 and end_time < 1975-06-04 00:00:00 for la-idb-it-dbl4c4lnsxfz.la-idb-it-tablequz4rfpnqk : 100.0%
2025-05-16 09:51:29,927 - timestream_logger - INFO - {}
2025-05-16 09:51:29,927 - timestream_logger - INFO - Rows exported for batch start_time >= 1975-02-25 00:00:00 and end_time < 1975-06-04 00:00:00 for la-idb-it-dbl4c4lnsxfz.la-idb-it-tablequz4rfpnqk: 0
2025-05-16 09:51:29,927 - timestream_logger - INFO - DynamoDB logging is disabled. Skipping logging to DynamoDB.
2025-05-16 09:51:29,928 - timestream_logger - INFO - Building unload query for la-idb-it-dbl4c4lnsxfz.la-idb-it-tablequz4rfpnqk
2025-05-16 09:51:29,928 - timestream_logger - INFO - DynamoDB logging is disabled. Skipping logging to DynamoDB.
2025-05-16 09:51:29,928 - timestream_logger - INFO - Running unload query for la-idb-it-dbl4c4lnsxfz.la-idb-it-tablequz4rfpnqk
2025-05-16 09:51:29,928 - timestream_logger - INFO - QUERY EXECUTING: UNLOAD( SELECT *, DATE_FORMAT(time,'%Y-%m-%d') as partition_date FROM "la-idb-it-dbl4c4lnsxfz"."la-idb-it-tablequz4rfpnqk" WHERE time >= '1975-06-04 00:00:00' AND time < '1975-09-11 00:00:00') TO 's3://la-idb-it-bucket34a1of401x/la-idb-it-dbl4c4lnsxfz/la-idb-it-tablequz4rfpnqk/unload-2025-05-16-16:50:51' WITH ( partitioned_by = ARRAY['partition_date'], max_file_size='2GB', format='PARQUET', encryption='SSE_S3', compression='NONE')
2025-05-16 09:51:29,929 - timestream_logger - INFO - UNLOAD IN PROGRESS for batch start_time >= 1975-06-04 00:00:00 and end_time < 1975-09-11 00:00:00 for la-idb-it-dbl4c4lnsxfz.la-idb-it-tablequz4rfpnqk 
2025-05-16 09:51:30,897 - timestream_logger - INFO - Progress Percentage for batch start_time >= 1975-06-04 00:00:00 and end_time < 1975-09-11 00:00:00 for la-idb-it-dbl4c4lnsxfz.la-idb-it-tablequz4rfpnqk : 100.0%
2025-05-16 09:51:30,939 - timestream_logger - INFO - {}
2025-05-16 09:51:30,940 - timestream_logger - INFO - Rows exported for batch start_time >= 1975-06-04 00:00:00 and end_time < 1975-09-11 00:00:00 for la-idb-it-dbl4c4lnsxfz.la-idb-it-tablequz4rfpnqk: 0
2025-05-16 09:51:30,940 - timestream_logger - INFO - DynamoDB logging is disabled. Skipping logging to DynamoDB.
2025-05-16 09:51:30,940 - timestream_logger - INFO - Building unload query for la-idb-it-dbl4c4lnsxfz.la-idb-it-tablequz4rfpnqk
2025-05-16 09:51:30,940 - timestream_logger - INFO - DynamoDB logging is disabled. Skipping logging to DynamoDB.
2025-05-16 09:51:30,941 - timestream_logger - INFO - Running unload query for la-idb-it-dbl4c4lnsxfz.la-idb-it-tablequz4rfpnqk
2025-05-16 09:51:30,942 - timestream_logger - INFO - QUERY EXECUTING: UNLOAD( SELECT *, DATE_FORMAT(time,'%Y-%m-%d') as partition_date FROM "la-idb-it-dbl4c4lnsxfz"."la-idb-it-tablequz4rfpnqk" WHERE time >= '1975-09-11 00:00:00' AND time < '1975-12-19 00:00:00') TO 's3://la-idb-it-bucket34a1of401x/la-idb-it-dbl4c4lnsxfz/la-idb-it-tablequz4rfpnqk/unload-2025-05-16-16:50:51' WITH ( partitioned_by = ARRAY['partition_date'], max_file_size='2GB', format='PARQUET', encryption='SSE_S3', compression='NONE')
2025-05-16 09:51:30,942 - timestream_logger - INFO - UNLOAD IN PROGRESS for batch start_time >= 1975-09-11 00:00:00 and end_time < 1975-12-19 00:00:00 for la-idb-it-dbl4c4lnsxfz.la-idb-it-tablequz4rfpnqk 
2025-05-16 09:51:33,348 - timestream_logger - INFO - Progress Percentage for batch start_time >= 1975-09-11 00:00:00 and end_time < 1975-12-19 00:00:00 for la-idb-it-dbl4c4lnsxfz.la-idb-it-tablequz4rfpnqk : 100.0%
2025-05-16 09:51:33,387 - timestream_logger - INFO - {}
2025-05-16 09:51:33,387 - timestream_logger - INFO - Rows exported for batch start_time >= 1975-09-11 00:00:00 and end_time < 1975-12-19 00:00:00 for la-idb-it-dbl4c4lnsxfz.la-idb-it-tablequz4rfpnqk: 0
2025-05-16 09:51:33,388 - timestream_logger - INFO - DynamoDB logging is disabled. Skipping logging to DynamoDB.
2025-05-16 09:51:33,388 - timestream_logger - INFO - Building unload query for la-idb-it-dbl4c4lnsxfz.la-idb-it-tablequz4rfpnqk
2025-05-16 09:51:33,388 - timestream_logger - INFO - DynamoDB logging is disabled. Skipping logging to DynamoDB.
2025-05-16 09:51:33,388 - timestream_logger - INFO - Running unload query for la-idb-it-dbl4c4lnsxfz.la-idb-it-tablequz4rfpnqk
2025-05-16 09:51:33,389 - timestream_logger - INFO - QUERY EXECUTING: UNLOAD( SELECT *, DATE_FORMAT(time,'%Y-%m-%d') as partition_date FROM "la-idb-it-dbl4c4lnsxfz"."la-idb-it-tablequz4rfpnqk" WHERE time >= '1975-12-19 00:00:00' AND time < '1976-03-27 00:00:00') TO 's3://la-idb-it-bucket34a1of401x/la-idb-it-dbl4c4lnsxfz/la-idb-it-tablequz4rfpnqk/unload-2025-05-16-16:50:51' WITH ( partitioned_by = ARRAY['partition_date'], max_file_size='2GB', format='PARQUET', encryption='SSE_S3', compression='NONE')
2025-05-16 09:51:33,389 - timestream_logger - INFO - UNLOAD IN PROGRESS for batch start_time >= 1975-12-19 00:00:00 and end_time < 1976-03-27 00:00:00 for la-idb-it-dbl4c4lnsxfz.la-idb-it-tablequz4rfpnqk 
2025-05-16 09:51:34,488 - timestream_logger - INFO - Progress Percentage for batch start_time >= 1975-12-19 00:00:00 and end_time < 1976-03-27 00:00:00 for la-idb-it-dbl4c4lnsxfz.la-idb-it-tablequz4rfpnqk : 100.0%
2025-05-16 09:51:34,525 - timestream_logger - INFO - {}
2025-05-16 09:51:34,525 - timestream_logger - INFO - Rows exported for batch start_time >= 1975-12-19 00:00:00 and end_time < 1976-03-27 00:00:00 for la-idb-it-dbl4c4lnsxfz.la-idb-it-tablequz4rfpnqk: 0
2025-05-16 09:51:34,525 - timestream_logger - INFO - DynamoDB logging is disabled. Skipping logging to DynamoDB.
2025-05-16 09:51:34,525 - timestream_logger - INFO - Building unload query for la-idb-it-dbl4c4lnsxfz.la-idb-it-tablequz4rfpnqk
2025-05-16 09:51:34,526 - timestream_logger - INFO - DynamoDB logging is disabled. Skipping logging to DynamoDB.
2025-05-16 09:51:34,526 - timestream_logger - INFO - Running unload query for la-idb-it-dbl4c4lnsxfz.la-idb-it-tablequz4rfpnqk
2025-05-16 09:51:34,526 - timestream_logger - INFO - QUERY EXECUTING: UNLOAD( SELECT *, DATE_FORMAT(time,'%Y-%m-%d') as partition_date FROM "la-idb-it-dbl4c4lnsxfz"."la-idb-it-tablequz4rfpnqk" WHERE time >= '1976-03-27 00:00:00' AND time < '1976-07-04 00:00:00') TO 's3://la-idb-it-bucket34a1of401x/la-idb-it-dbl4c4lnsxfz/la-idb-it-tablequz4rfpnqk/unload-2025-05-16-16:50:51' WITH ( partitioned_by = ARRAY['partition_date'], max_file_size='2GB', format='PARQUET', encryption='SSE_S3', compression='NONE')
2025-05-16 09:51:34,526 - timestream_logger - INFO - UNLOAD IN PROGRESS for batch start_time >= 1976-03-27 00:00:00 and end_time < 1976-07-04 00:00:00 for la-idb-it-dbl4c4lnsxfz.la-idb-it-tablequz4rfpnqk 
2025-05-16 09:51:35,543 - timestream_logger - INFO - Progress Percentage for batch start_time >= 1976-03-27 00:00:00 and end_time < 1976-07-04 00:00:00 for la-idb-it-dbl4c4lnsxfz.la-idb-it-tablequz4rfpnqk : 100.0%
2025-05-16 09:51:35,581 - timestream_logger - INFO - {}
2025-05-16 09:51:35,581 - timestream_logger - INFO - Rows exported for batch start_time >= 1976-03-27 00:00:00 and end_time < 1976-07-04 00:00:00 for la-idb-it-dbl4c4lnsxfz.la-idb-it-tablequz4rfpnqk: 0
2025-05-16 09:51:35,582 - timestream_logger - INFO - DynamoDB logging is disabled. Skipping logging to DynamoDB.
2025-05-16 09:51:35,582 - timestream_logger - INFO - Building unload query for la-idb-it-dbl4c4lnsxfz.la-idb-it-tablequz4rfpnqk
2025-05-16 09:51:35,582 - timestream_logger - INFO - DynamoDB logging is disabled. Skipping logging to DynamoDB.
2025-05-16 09:51:35,582 - timestream_logger - INFO - Running unload query for la-idb-it-dbl4c4lnsxfz.la-idb-it-tablequz4rfpnqk
2025-05-16 09:51:35,583 - timestream_logger - INFO - QUERY EXECUTING: UNLOAD( SELECT *, DATE_FORMAT(time,'%Y-%m-%d') as partition_date FROM "la-idb-it-dbl4c4lnsxfz"."la-idb-it-tablequz4rfpnqk" WHERE time >= '1976-07-04 00:00:00' AND time < '1976-10-11 00:00:00') TO 's3://la-idb-it-bucket34a1of401x/la-idb-it-dbl4c4lnsxfz/la-idb-it-tablequz4rfpnqk/unload-2025-05-16-16:50:51' WITH ( partitioned_by = ARRAY['partition_date'], max_file_size='2GB', format='PARQUET', encryption='SSE_S3', compression='NONE')
2025-05-16 09:51:35,583 - timestream_logger - INFO - UNLOAD IN PROGRESS for batch start_time >= 1976-07-04 00:00:00 and end_time < 1976-10-11 00:00:00 for la-idb-it-dbl4c4lnsxfz.la-idb-it-tablequz4rfpnqk 
2025-05-16 09:51:39,571 - timestream_logger - INFO - Progress Percentage for batch start_time >= 1976-07-04 00:00:00 and end_time < 1976-10-11 00:00:00 for la-idb-it-dbl4c4lnsxfz.la-idb-it-tablequz4rfpnqk : 100.0%
2025-05-16 09:51:39,613 - timestream_logger - INFO - {}
2025-05-16 09:51:39,614 - timestream_logger - INFO - Rows exported for batch start_time >= 1976-07-04 00:00:00 and end_time < 1976-10-11 00:00:00 for la-idb-it-dbl4c4lnsxfz.la-idb-it-tablequz4rfpnqk: 0
2025-05-16 09:51:39,614 - timestream_logger - INFO - DynamoDB logging is disabled. Skipping logging to DynamoDB.
2025-05-16 09:51:39,614 - timestream_logger - INFO - Building unload query for la-idb-it-dbl4c4lnsxfz.la-idb-it-tablequz4rfpnqk
2025-05-16 09:51:39,614 - timestream_logger - INFO - DynamoDB logging is disabled. Skipping logging to DynamoDB.
2025-05-16 09:51:39,614 - timestream_logger - INFO - Running unload query for la-idb-it-dbl4c4lnsxfz.la-idb-it-tablequz4rfpnqk
2025-05-16 09:51:39,615 - timestream_logger - INFO - QUERY EXECUTING: UNLOAD( SELECT *, DATE_FORMAT(time,'%Y-%m-%d') as partition_date FROM "la-idb-it-dbl4c4lnsxfz"."la-idb-it-tablequz4rfpnqk" WHERE time >= '1976-10-11 00:00:00' AND time < '1977-01-18 00:00:00') TO 's3://la-idb-it-bucket34a1of401x/la-idb-it-dbl4c4lnsxfz/la-idb-it-tablequz4rfpnqk/unload-2025-05-16-16:50:51' WITH ( partitioned_by = ARRAY['partition_date'], max_file_size='2GB', format='PARQUET', encryption='SSE_S3', compression='NONE')
2025-05-16 09:51:39,615 - timestream_logger - INFO - UNLOAD IN PROGRESS for batch start_time >= 1976-10-11 00:00:00 and end_time < 1977-01-18 00:00:00 for la-idb-it-dbl4c4lnsxfz.la-idb-it-tablequz4rfpnqk 
2025-05-16 09:51:43,304 - timestream_logger - INFO - Progress Percentage for batch start_time >= 1976-10-11 00:00:00 and end_time < 1977-01-18 00:00:00 for la-idb-it-dbl4c4lnsxfz.la-idb-it-tablequz4rfpnqk : 100.0%
2025-05-16 09:51:43,340 - timestream_logger - INFO - {}
2025-05-16 09:51:43,340 - timestream_logger - INFO - Rows exported for batch start_time >= 1976-10-11 00:00:00 and end_time < 1977-01-18 00:00:00 for la-idb-it-dbl4c4lnsxfz.la-idb-it-tablequz4rfpnqk: 0
2025-05-16 09:51:43,340 - timestream_logger - INFO - DynamoDB logging is disabled. Skipping logging to DynamoDB.
2025-05-16 09:51:43,341 - timestream_logger - INFO - Building unload query for la-idb-it-dbl4c4lnsxfz.la-idb-it-tablequz4rfpnqk
2025-05-16 09:51:43,341 - timestream_logger - INFO - DynamoDB logging is disabled. Skipping logging to DynamoDB.
2025-05-16 09:51:43,341 - timestream_logger - INFO - Running unload query for la-idb-it-dbl4c4lnsxfz.la-idb-it-tablequz4rfpnqk
2025-05-16 09:51:43,341 - timestream_logger - INFO - QUERY EXECUTING: UNLOAD( SELECT *, DATE_FORMAT(time,'%Y-%m-%d') as partition_date FROM "la-idb-it-dbl4c4lnsxfz"."la-idb-it-tablequz4rfpnqk" WHERE time >= '1977-01-18 00:00:00' AND time < '1977-04-27 00:00:00') TO 's3://la-idb-it-bucket34a1of401x/la-idb-it-dbl4c4lnsxfz/la-idb-it-tablequz4rfpnqk/unload-2025-05-16-16:50:51' WITH ( partitioned_by = ARRAY['partition_date'], max_file_size='2GB', format='PARQUET', encryption='SSE_S3', compression='NONE')
2025-05-16 09:51:43,342 - timestream_logger - INFO - UNLOAD IN PROGRESS for batch start_time >= 1977-01-18 00:00:00 and end_time < 1977-04-27 00:00:00 for la-idb-it-dbl4c4lnsxfz.la-idb-it-tablequz4rfpnqk 
2025-05-16 09:51:44,964 - timestream_logger - INFO - Progress Percentage for batch start_time >= 1977-01-18 00:00:00 and end_time < 1977-04-27 00:00:00 for la-idb-it-dbl4c4lnsxfz.la-idb-it-tablequz4rfpnqk : 100.0%
2025-05-16 09:51:45,004 - timestream_logger - INFO - {}
2025-05-16 09:51:45,004 - timestream_logger - INFO - Rows exported for batch start_time >= 1977-01-18 00:00:00 and end_time < 1977-04-27 00:00:00 for la-idb-it-dbl4c4lnsxfz.la-idb-it-tablequz4rfpnqk: 0
2025-05-16 09:51:45,004 - timestream_logger - INFO - DynamoDB logging is disabled. Skipping logging to DynamoDB.
2025-05-16 09:51:45,005 - timestream_logger - INFO - Building unload query for la-idb-it-dbl4c4lnsxfz.la-idb-it-tablequz4rfpnqk
2025-05-16 09:51:45,005 - timestream_logger - INFO - DynamoDB logging is disabled. Skipping logging to DynamoDB.
2025-05-16 09:51:45,005 - timestream_logger - INFO - Running unload query for la-idb-it-dbl4c4lnsxfz.la-idb-it-tablequz4rfpnqk
2025-05-16 09:51:45,005 - timestream_logger - INFO - QUERY EXECUTING: UNLOAD( SELECT *, DATE_FORMAT(time,'%Y-%m-%d') as partition_date FROM "la-idb-it-dbl4c4lnsxfz"."la-idb-it-tablequz4rfpnqk" WHERE time >= '1977-04-27 00:00:00' AND time < '1977-08-04 00:00:00') TO 's3://la-idb-it-bucket34a1of401x/la-idb-it-dbl4c4lnsxfz/la-idb-it-tablequz4rfpnqk/unload-2025-05-16-16:50:51' WITH ( partitioned_by = ARRAY['partition_date'], max_file_size='2GB', format='PARQUET', encryption='SSE_S3', compression='NONE')
2025-05-16 09:51:45,005 - timestream_logger - INFO - UNLOAD IN PROGRESS for batch start_time >= 1977-04-27 00:00:00 and end_time < 1977-08-04 00:00:00 for la-idb-it-dbl4c4lnsxfz.la-idb-it-tablequz4rfpnqk 
2025-05-16 09:51:46,020 - timestream_logger - INFO - Progress Percentage for batch start_time >= 1977-04-27 00:00:00 and end_time < 1977-08-04 00:00:00 for la-idb-it-dbl4c4lnsxfz.la-idb-it-tablequz4rfpnqk : 100.0%
2025-05-16 09:51:46,061 - timestream_logger - INFO - {}
2025-05-16 09:51:46,061 - timestream_logger - INFO - Rows exported for batch start_time >= 1977-04-27 00:00:00 and end_time < 1977-08-04 00:00:00 for la-idb-it-dbl4c4lnsxfz.la-idb-it-tablequz4rfpnqk: 0
2025-05-16 09:51:46,061 - timestream_logger - INFO - DynamoDB logging is disabled. Skipping logging to DynamoDB.
2025-05-16 09:51:46,062 - timestream_logger - INFO - Building unload query for la-idb-it-dbl4c4lnsxfz.la-idb-it-tablequz4rfpnqk
2025-05-16 09:51:46,062 - timestream_logger - INFO - DynamoDB logging is disabled. Skipping logging to DynamoDB.
2025-05-16 09:51:46,062 - timestream_logger - INFO - Running unload query for la-idb-it-dbl4c4lnsxfz.la-idb-it-tablequz4rfpnqk
2025-05-16 09:51:46,062 - timestream_logger - INFO - QUERY EXECUTING: UNLOAD( SELECT *, DATE_FORMAT(time,'%Y-%m-%d') as partition_date FROM "la-idb-it-dbl4c4lnsxfz"."la-idb-it-tablequz4rfpnqk" WHERE time >= '1977-08-04 00:00:00' AND time < '1977-11-11 00:00:00') TO 's3://la-idb-it-bucket34a1of401x/la-idb-it-dbl4c4lnsxfz/la-idb-it-tablequz4rfpnqk/unload-2025-05-16-16:50:51' WITH ( partitioned_by = ARRAY['partition_date'], max_file_size='2GB', format='PARQUET', encryption='SSE_S3', compression='NONE')
2025-05-16 09:51:46,062 - timestream_logger - INFO - UNLOAD IN PROGRESS for batch start_time >= 1977-08-04 00:00:00 and end_time < 1977-11-11 00:00:00 for la-idb-it-dbl4c4lnsxfz.la-idb-it-tablequz4rfpnqk 
2025-05-16 09:51:47,145 - timestream_logger - INFO - Progress Percentage for batch start_time >= 1977-08-04 00:00:00 and end_time < 1977-11-11 00:00:00 for la-idb-it-dbl4c4lnsxfz.la-idb-it-tablequz4rfpnqk : 100.0%
2025-05-16 09:51:47,182 - timestream_logger - INFO - {}
2025-05-16 09:51:47,182 - timestream_logger - INFO - Rows exported for batch start_time >= 1977-08-04 00:00:00 and end_time < 1977-11-11 00:00:00 for la-idb-it-dbl4c4lnsxfz.la-idb-it-tablequz4rfpnqk: 0
2025-05-16 09:51:47,182 - timestream_logger - INFO - DynamoDB logging is disabled. Skipping logging to DynamoDB.
2025-05-16 09:51:47,182 - timestream_logger - INFO - Building unload query for la-idb-it-dbl4c4lnsxfz.la-idb-it-tablequz4rfpnqk
2025-05-16 09:51:47,182 - timestream_logger - INFO - DynamoDB logging is disabled. Skipping logging to DynamoDB.
2025-05-16 09:51:47,182 - timestream_logger - INFO - Running unload query for la-idb-it-dbl4c4lnsxfz.la-idb-it-tablequz4rfpnqk
2025-05-16 09:51:47,182 - timestream_logger - INFO - QUERY EXECUTING: UNLOAD( SELECT *, DATE_FORMAT(time,'%Y-%m-%d') as partition_date FROM "la-idb-it-dbl4c4lnsxfz"."la-idb-it-tablequz4rfpnqk" WHERE time >= '1977-11-11 00:00:00' AND time < '1978-02-18 00:00:00') TO 's3://la-idb-it-bucket34a1of401x/la-idb-it-dbl4c4lnsxfz/la-idb-it-tablequz4rfpnqk/unload-2025-05-16-16:50:51' WITH ( partitioned_by = ARRAY['partition_date'], max_file_size='2GB', format='PARQUET', encryption='SSE_S3', compression='NONE')
2025-05-16 09:51:47,182 - timestream_logger - INFO - UNLOAD IN PROGRESS for batch start_time >= 1977-11-11 00:00:00 and end_time < 1978-02-18 00:00:00 for la-idb-it-dbl4c4lnsxfz.la-idb-it-tablequz4rfpnqk 
2025-05-16 09:51:49,039 - timestream_logger - INFO - Progress Percentage for batch start_time >= 1977-11-11 00:00:00 and end_time < 1978-02-18 00:00:00 for la-idb-it-dbl4c4lnsxfz.la-idb-it-tablequz4rfpnqk : 100.0%
2025-05-16 09:51:49,076 - timestream_logger - INFO - {}
2025-05-16 09:51:49,076 - timestream_logger - INFO - Rows exported for batch start_time >= 1977-11-11 00:00:00 and end_time < 1978-02-18 00:00:00 for la-idb-it-dbl4c4lnsxfz.la-idb-it-tablequz4rfpnqk: 0
2025-05-16 09:51:49,076 - timestream_logger - INFO - DynamoDB logging is disabled. Skipping logging to DynamoDB.
2025-05-16 09:51:49,077 - timestream_logger - INFO - Building unload query for la-idb-it-dbl4c4lnsxfz.la-idb-it-tablequz4rfpnqk
2025-05-16 09:51:49,077 - timestream_logger - INFO - DynamoDB logging is disabled. Skipping logging to DynamoDB.
2025-05-16 09:51:49,077 - timestream_logger - INFO - Running unload query for la-idb-it-dbl4c4lnsxfz.la-idb-it-tablequz4rfpnqk
2025-05-16 09:51:49,077 - timestream_logger - INFO - QUERY EXECUTING: UNLOAD( SELECT *, DATE_FORMAT(time,'%Y-%m-%d') as partition_date FROM "la-idb-it-dbl4c4lnsxfz"."la-idb-it-tablequz4rfpnqk" WHERE time >= '1978-02-18 00:00:00' AND time < '1978-05-28 00:00:00') TO 's3://la-idb-it-bucket34a1of401x/la-idb-it-dbl4c4lnsxfz/la-idb-it-tablequz4rfpnqk/unload-2025-05-16-16:50:51' WITH ( partitioned_by = ARRAY['partition_date'], max_file_size='2GB', format='PARQUET', encryption='SSE_S3', compression='NONE')
2025-05-16 09:51:49,077 - timestream_logger - INFO - UNLOAD IN PROGRESS for batch start_time >= 1978-02-18 00:00:00 and end_time < 1978-05-28 00:00:00 for la-idb-it-dbl4c4lnsxfz.la-idb-it-tablequz4rfpnqk 
2025-05-16 09:51:50,123 - timestream_logger - INFO - Progress Percentage for batch start_time >= 1978-02-18 00:00:00 and end_time < 1978-05-28 00:00:00 for la-idb-it-dbl4c4lnsxfz.la-idb-it-tablequz4rfpnqk : 100.0%
2025-05-16 09:51:50,163 - timestream_logger - INFO - {}
2025-05-16 09:51:50,163 - timestream_logger - INFO - Rows exported for batch start_time >= 1978-02-18 00:00:00 and end_time < 1978-05-28 00:00:00 for la-idb-it-dbl4c4lnsxfz.la-idb-it-tablequz4rfpnqk: 0
2025-05-16 09:51:50,163 - timestream_logger - INFO - DynamoDB logging is disabled. Skipping logging to DynamoDB.
2025-05-16 09:51:50,163 - timestream_logger - INFO - Building unload query for la-idb-it-dbl4c4lnsxfz.la-idb-it-tablequz4rfpnqk
2025-05-16 09:51:50,163 - timestream_logger - INFO - DynamoDB logging is disabled. Skipping logging to DynamoDB.
2025-05-16 09:51:50,163 - timestream_logger - INFO - Running unload query for la-idb-it-dbl4c4lnsxfz.la-idb-it-tablequz4rfpnqk
2025-05-16 09:51:50,163 - timestream_logger - INFO - QUERY EXECUTING: UNLOAD( SELECT *, DATE_FORMAT(time,'%Y-%m-%d') as partition_date FROM "la-idb-it-dbl4c4lnsxfz"."la-idb-it-tablequz4rfpnqk" WHERE time >= '1978-05-28 00:00:00' AND time < '1978-09-04 00:00:00') TO 's3://la-idb-it-bucket34a1of401x/la-idb-it-dbl4c4lnsxfz/la-idb-it-tablequz4rfpnqk/unload-2025-05-16-16:50:51' WITH ( partitioned_by = ARRAY['partition_date'], max_file_size='2GB', format='PARQUET', encryption='SSE_S3', compression='NONE')
2025-05-16 09:51:50,163 - timestream_logger - INFO - UNLOAD IN PROGRESS for batch start_time >= 1978-05-28 00:00:00 and end_time < 1978-09-04 00:00:00 for la-idb-it-dbl4c4lnsxfz.la-idb-it-tablequz4rfpnqk 
2025-05-16 09:51:52,815 - timestream_logger - INFO - Progress Percentage for batch start_time >= 1978-05-28 00:00:00 and end_time < 1978-09-04 00:00:00 for la-idb-it-dbl4c4lnsxfz.la-idb-it-tablequz4rfpnqk : 100.0%
2025-05-16 09:51:52,855 - timestream_logger - INFO - {}
2025-05-16 09:51:52,855 - timestream_logger - INFO - Rows exported for batch start_time >= 1978-05-28 00:00:00 and end_time < 1978-09-04 00:00:00 for la-idb-it-dbl4c4lnsxfz.la-idb-it-tablequz4rfpnqk: 0
2025-05-16 09:51:52,855 - timestream_logger - INFO - DynamoDB logging is disabled. Skipping logging to DynamoDB.
2025-05-16 09:51:52,855 - timestream_logger - INFO - Building unload query for la-idb-it-dbl4c4lnsxfz.la-idb-it-tablequz4rfpnqk
2025-05-16 09:51:52,856 - timestream_logger - INFO - DynamoDB logging is disabled. Skipping logging to DynamoDB.
2025-05-16 09:51:52,856 - timestream_logger - INFO - Running unload query for la-idb-it-dbl4c4lnsxfz.la-idb-it-tablequz4rfpnqk
2025-05-16 09:51:52,856 - timestream_logger - INFO - QUERY EXECUTING: UNLOAD( SELECT *, DATE_FORMAT(time,'%Y-%m-%d') as partition_date FROM "la-idb-it-dbl4c4lnsxfz"."la-idb-it-tablequz4rfpnqk" WHERE time >= '1978-09-04 00:00:00' AND time < '1978-12-12 00:00:00') TO 's3://la-idb-it-bucket34a1of401x/la-idb-it-dbl4c4lnsxfz/la-idb-it-tablequz4rfpnqk/unload-2025-05-16-16:50:51' WITH ( partitioned_by = ARRAY['partition_date'], max_file_size='2GB', format='PARQUET', encryption='SSE_S3', compression='NONE')
2025-05-16 09:51:52,856 - timestream_logger - INFO - UNLOAD IN PROGRESS for batch start_time >= 1978-09-04 00:00:00 and end_time < 1978-12-12 00:00:00 for la-idb-it-dbl4c4lnsxfz.la-idb-it-tablequz4rfpnqk 
2025-05-16 09:51:54,051 - timestream_logger - INFO - Progress Percentage for batch start_time >= 1978-09-04 00:00:00 and end_time < 1978-12-12 00:00:00 for la-idb-it-dbl4c4lnsxfz.la-idb-it-tablequz4rfpnqk : 100.0%
2025-05-16 09:51:54,094 - timestream_logger - INFO - {}
2025-05-16 09:51:54,095 - timestream_logger - INFO - Rows exported for batch start_time >= 1978-09-04 00:00:00 and end_time < 1978-12-12 00:00:00 for la-idb-it-dbl4c4lnsxfz.la-idb-it-tablequz4rfpnqk: 0
2025-05-16 09:51:54,095 - timestream_logger - INFO - DynamoDB logging is disabled. Skipping logging to DynamoDB.
2025-05-16 09:51:54,095 - timestream_logger - INFO - Building unload query for la-idb-it-dbl4c4lnsxfz.la-idb-it-tablequz4rfpnqk
2025-05-16 09:51:54,095 - timestream_logger - INFO - DynamoDB logging is disabled. Skipping logging to DynamoDB.
2025-05-16 09:51:54,096 - timestream_logger - INFO - Running unload query for la-idb-it-dbl4c4lnsxfz.la-idb-it-tablequz4rfpnqk
2025-05-16 09:51:54,096 - timestream_logger - INFO - QUERY EXECUTING: UNLOAD( SELECT *, DATE_FORMAT(time,'%Y-%m-%d') as partition_date FROM "la-idb-it-dbl4c4lnsxfz"."la-idb-it-tablequz4rfpnqk" WHERE time >= '1978-12-12 00:00:00' AND time < '1979-03-21 00:00:00') TO 's3://la-idb-it-bucket34a1of401x/la-idb-it-dbl4c4lnsxfz/la-idb-it-tablequz4rfpnqk/unload-2025-05-16-16:50:51' WITH ( partitioned_by = ARRAY['partition_date'], max_file_size='2GB', format='PARQUET', encryption='SSE_S3', compression='NONE')
2025-05-16 09:51:54,097 - timestream_logger - INFO - UNLOAD IN PROGRESS for batch start_time >= 1978-12-12 00:00:00 and end_time < 1979-03-21 00:00:00 for la-idb-it-dbl4c4lnsxfz.la-idb-it-tablequz4rfpnqk 
2025-05-16 09:51:55,442 - timestream_logger - INFO - Progress Percentage for batch start_time >= 1978-12-12 00:00:00 and end_time < 1979-03-21 00:00:00 for la-idb-it-dbl4c4lnsxfz.la-idb-it-tablequz4rfpnqk : 100.0%
2025-05-16 09:51:55,479 - timestream_logger - INFO - {}
2025-05-16 09:51:55,480 - timestream_logger - INFO - Rows exported for batch start_time >= 1978-12-12 00:00:00 and end_time < 1979-03-21 00:00:00 for la-idb-it-dbl4c4lnsxfz.la-idb-it-tablequz4rfpnqk: 0
2025-05-16 09:51:55,480 - timestream_logger - INFO - DynamoDB logging is disabled. Skipping logging to DynamoDB.
2025-05-16 09:51:55,480 - timestream_logger - INFO - Building unload query for la-idb-it-dbl4c4lnsxfz.la-idb-it-tablequz4rfpnqk
2025-05-16 09:51:55,480 - timestream_logger - INFO - DynamoDB logging is disabled. Skipping logging to DynamoDB.
2025-05-16 09:51:55,480 - timestream_logger - INFO - Running unload query for la-idb-it-dbl4c4lnsxfz.la-idb-it-tablequz4rfpnqk
2025-05-16 09:51:55,481 - timestream_logger - INFO - QUERY EXECUTING: UNLOAD( SELECT *, DATE_FORMAT(time,'%Y-%m-%d') as partition_date FROM "la-idb-it-dbl4c4lnsxfz"."la-idb-it-tablequz4rfpnqk" WHERE time >= '1979-03-21 00:00:00' AND time < '1979-06-28 00:00:00') TO 's3://la-idb-it-bucket34a1of401x/la-idb-it-dbl4c4lnsxfz/la-idb-it-tablequz4rfpnqk/unload-2025-05-16-16:50:51' WITH ( partitioned_by = ARRAY['partition_date'], max_file_size='2GB', format='PARQUET', encryption='SSE_S3', compression='NONE')
2025-05-16 09:51:55,481 - timestream_logger - INFO - UNLOAD IN PROGRESS for batch start_time >= 1979-03-21 00:00:00 and end_time < 1979-06-28 00:00:00 for la-idb-it-dbl4c4lnsxfz.la-idb-it-tablequz4rfpnqk 
2025-05-16 09:51:56,610 - timestream_logger - INFO - Progress Percentage for batch start_time >= 1979-03-21 00:00:00 and end_time < 1979-06-28 00:00:00 for la-idb-it-dbl4c4lnsxfz.la-idb-it-tablequz4rfpnqk : 100.0%
2025-05-16 09:51:56,652 - timestream_logger - INFO - {}
2025-05-16 09:51:56,652 - timestream_logger - INFO - Rows exported for batch start_time >= 1979-03-21 00:00:00 and end_time < 1979-06-28 00:00:00 for la-idb-it-dbl4c4lnsxfz.la-idb-it-tablequz4rfpnqk: 0
2025-05-16 09:51:56,652 - timestream_logger - INFO - DynamoDB logging is disabled. Skipping logging to DynamoDB.
2025-05-16 09:51:56,653 - timestream_logger - INFO - Building unload query for la-idb-it-dbl4c4lnsxfz.la-idb-it-tablequz4rfpnqk
2025-05-16 09:51:56,653 - timestream_logger - INFO - DynamoDB logging is disabled. Skipping logging to DynamoDB.
2025-05-16 09:51:56,653 - timestream_logger - INFO - Running unload query for la-idb-it-dbl4c4lnsxfz.la-idb-it-tablequz4rfpnqk
2025-05-16 09:51:56,654 - timestream_logger - INFO - QUERY EXECUTING: UNLOAD( SELECT *, DATE_FORMAT(time,'%Y-%m-%d') as partition_date FROM "la-idb-it-dbl4c4lnsxfz"."la-idb-it-tablequz4rfpnqk" WHERE time >= '1979-06-28 00:00:00' AND time < '1979-10-05 00:00:00') TO 's3://la-idb-it-bucket34a1of401x/la-idb-it-dbl4c4lnsxfz/la-idb-it-tablequz4rfpnqk/unload-2025-05-16-16:50:51' WITH ( partitioned_by = ARRAY['partition_date'], max_file_size='2GB', format='PARQUET', encryption='SSE_S3', compression='NONE')
2025-05-16 09:51:56,654 - timestream_logger - INFO - UNLOAD IN PROGRESS for batch start_time >= 1979-06-28 00:00:00 and end_time < 1979-10-05 00:00:00 for la-idb-it-dbl4c4lnsxfz.la-idb-it-tablequz4rfpnqk 
2025-05-16 09:51:57,821 - timestream_logger - INFO - Progress Percentage for batch start_time >= 1979-06-28 00:00:00 and end_time < 1979-10-05 00:00:00 for la-idb-it-dbl4c4lnsxfz.la-idb-it-tablequz4rfpnqk : 100.0%
2025-05-16 09:51:57,866 - timestream_logger - INFO - {}
2025-05-16 09:51:57,866 - timestream_logger - INFO - Rows exported for batch start_time >= 1979-06-28 00:00:00 and end_time < 1979-10-05 00:00:00 for la-idb-it-dbl4c4lnsxfz.la-idb-it-tablequz4rfpnqk: 0
2025-05-16 09:51:57,867 - timestream_logger - INFO - DynamoDB logging is disabled. Skipping logging to DynamoDB.
2025-05-16 09:51:57,867 - timestream_logger - INFO - Building unload query for la-idb-it-dbl4c4lnsxfz.la-idb-it-tablequz4rfpnqk
2025-05-16 09:51:57,867 - timestream_logger - INFO - DynamoDB logging is disabled. Skipping logging to DynamoDB.
2025-05-16 09:51:57,867 - timestream_logger - INFO - Running unload query for la-idb-it-dbl4c4lnsxfz.la-idb-it-tablequz4rfpnqk
2025-05-16 09:51:57,867 - timestream_logger - INFO - QUERY EXECUTING: UNLOAD( SELECT *, DATE_FORMAT(time,'%Y-%m-%d') as partition_date FROM "la-idb-it-dbl4c4lnsxfz"."la-idb-it-tablequz4rfpnqk" WHERE time >= '1979-10-05 00:00:00' AND time < '1980-01-12 00:00:00') TO 's3://la-idb-it-bucket34a1of401x/la-idb-it-dbl4c4lnsxfz/la-idb-it-tablequz4rfpnqk/unload-2025-05-16-16:50:51' WITH ( partitioned_by = ARRAY['partition_date'], max_file_size='2GB', format='PARQUET', encryption='SSE_S3', compression='NONE')
2025-05-16 09:51:57,867 - timestream_logger - INFO - UNLOAD IN PROGRESS for batch start_time >= 1979-10-05 00:00:00 and end_time < 1980-01-12 00:00:00 for la-idb-it-dbl4c4lnsxfz.la-idb-it-tablequz4rfpnqk 
2025-05-16 09:51:58,903 - timestream_logger - INFO - Progress Percentage for batch start_time >= 1979-10-05 00:00:00 and end_time < 1980-01-12 00:00:00 for la-idb-it-dbl4c4lnsxfz.la-idb-it-tablequz4rfpnqk : 100.0%
2025-05-16 09:51:58,946 - timestream_logger - INFO - {}
2025-05-16 09:51:58,947 - timestream_logger - INFO - Rows exported for batch start_time >= 1979-10-05 00:00:00 and end_time < 1980-01-12 00:00:00 for la-idb-it-dbl4c4lnsxfz.la-idb-it-tablequz4rfpnqk: 0
2025-05-16 09:51:58,947 - timestream_logger - INFO - DynamoDB logging is disabled. Skipping logging to DynamoDB.
2025-05-16 09:51:58,947 - timestream_logger - INFO - Building unload query for la-idb-it-dbl4c4lnsxfz.la-idb-it-tablequz4rfpnqk
2025-05-16 09:51:58,947 - timestream_logger - INFO - DynamoDB logging is disabled. Skipping logging to DynamoDB.
2025-05-16 09:51:58,948 - timestream_logger - INFO - Running unload query for la-idb-it-dbl4c4lnsxfz.la-idb-it-tablequz4rfpnqk
2025-05-16 09:51:58,948 - timestream_logger - INFO - QUERY EXECUTING: UNLOAD( SELECT *, DATE_FORMAT(time,'%Y-%m-%d') as partition_date FROM "la-idb-it-dbl4c4lnsxfz"."la-idb-it-tablequz4rfpnqk" WHERE time >= '1980-01-12 00:00:00' AND time < '1980-04-20 00:00:00') TO 's3://la-idb-it-bucket34a1of401x/la-idb-it-dbl4c4lnsxfz/la-idb-it-tablequz4rfpnqk/unload-2025-05-16-16:50:51' WITH ( partitioned_by = ARRAY['partition_date'], max_file_size='2GB', format='PARQUET', encryption='SSE_S3', compression='NONE')
2025-05-16 09:51:58,948 - timestream_logger - INFO - UNLOAD IN PROGRESS for batch start_time >= 1980-01-12 00:00:00 and end_time < 1980-04-20 00:00:00 for la-idb-it-dbl4c4lnsxfz.la-idb-it-tablequz4rfpnqk 
2025-05-16 09:52:00,088 - timestream_logger - INFO - Progress Percentage for batch start_time >= 1980-01-12 00:00:00 and end_time < 1980-04-20 00:00:00 for la-idb-it-dbl4c4lnsxfz.la-idb-it-tablequz4rfpnqk : 100.0%
2025-05-16 09:52:00,131 - timestream_logger - INFO - {}
2025-05-16 09:52:00,131 - timestream_logger - INFO - Rows exported for batch start_time >= 1980-01-12 00:00:00 and end_time < 1980-04-20 00:00:00 for la-idb-it-dbl4c4lnsxfz.la-idb-it-tablequz4rfpnqk: 0
2025-05-16 09:52:00,131 - timestream_logger - INFO - DynamoDB logging is disabled. Skipping logging to DynamoDB.
2025-05-16 09:52:00,131 - timestream_logger - INFO - Building unload query for la-idb-it-dbl4c4lnsxfz.la-idb-it-tablequz4rfpnqk
2025-05-16 09:52:00,132 - timestream_logger - INFO - DynamoDB logging is disabled. Skipping logging to DynamoDB.
2025-05-16 09:52:00,132 - timestream_logger - INFO - Running unload query for la-idb-it-dbl4c4lnsxfz.la-idb-it-tablequz4rfpnqk
2025-05-16 09:52:00,132 - timestream_logger - INFO - QUERY EXECUTING: UNLOAD( SELECT *, DATE_FORMAT(time,'%Y-%m-%d') as partition_date FROM "la-idb-it-dbl4c4lnsxfz"."la-idb-it-tablequz4rfpnqk" WHERE time >= '1980-04-20 00:00:00' AND time < '1980-07-28 00:00:00') TO 's3://la-idb-it-bucket34a1of401x/la-idb-it-dbl4c4lnsxfz/la-idb-it-tablequz4rfpnqk/unload-2025-05-16-16:50:51' WITH ( partitioned_by = ARRAY['partition_date'], max_file_size='2GB', format='PARQUET', encryption='SSE_S3', compression='NONE')
2025-05-16 09:52:00,132 - timestream_logger - INFO - UNLOAD IN PROGRESS for batch start_time >= 1980-04-20 00:00:00 and end_time < 1980-07-28 00:00:00 for la-idb-it-dbl4c4lnsxfz.la-idb-it-tablequz4rfpnqk 
2025-05-16 09:52:01,847 - timestream_logger - INFO - Progress Percentage for batch start_time >= 1980-04-20 00:00:00 and end_time < 1980-07-28 00:00:00 for la-idb-it-dbl4c4lnsxfz.la-idb-it-tablequz4rfpnqk : 100.0%
2025-05-16 09:52:01,896 - timestream_logger - INFO - {}
2025-05-16 09:52:01,897 - timestream_logger - INFO - Rows exported for batch start_time >= 1980-04-20 00:00:00 and end_time < 1980-07-28 00:00:00 for la-idb-it-dbl4c4lnsxfz.la-idb-it-tablequz4rfpnqk: 0
2025-05-16 09:52:01,897 - timestream_logger - INFO - DynamoDB logging is disabled. Skipping logging to DynamoDB.
2025-05-16 09:52:01,897 - timestream_logger - INFO - Building unload query for la-idb-it-dbl4c4lnsxfz.la-idb-it-tablequz4rfpnqk
2025-05-16 09:52:01,898 - timestream_logger - INFO - DynamoDB logging is disabled. Skipping logging to DynamoDB.
2025-05-16 09:52:01,898 - timestream_logger - INFO - Running unload query for la-idb-it-dbl4c4lnsxfz.la-idb-it-tablequz4rfpnqk
2025-05-16 09:52:01,899 - timestream_logger - INFO - QUERY EXECUTING: UNLOAD( SELECT *, DATE_FORMAT(time,'%Y-%m-%d') as partition_date FROM "la-idb-it-dbl4c4lnsxfz"."la-idb-it-tablequz4rfpnqk" WHERE time >= '1980-07-28 00:00:00' AND time < '1980-11-04 00:00:00') TO 's3://la-idb-it-bucket34a1of401x/la-idb-it-dbl4c4lnsxfz/la-idb-it-tablequz4rfpnqk/unload-2025-05-16-16:50:51' WITH ( partitioned_by = ARRAY['partition_date'], max_file_size='2GB', format='PARQUET', encryption='SSE_S3', compression='NONE')
2025-05-16 09:52:01,899 - timestream_logger - INFO - UNLOAD IN PROGRESS for batch start_time >= 1980-07-28 00:00:00 and end_time < 1980-11-04 00:00:00 for la-idb-it-dbl4c4lnsxfz.la-idb-it-tablequz4rfpnqk 
2025-05-16 09:52:04,655 - timestream_logger - INFO - Progress Percentage for batch start_time >= 1980-07-28 00:00:00 and end_time < 1980-11-04 00:00:00 for la-idb-it-dbl4c4lnsxfz.la-idb-it-tablequz4rfpnqk : 100.0%
2025-05-16 09:52:04,693 - timestream_logger - INFO - {}
2025-05-16 09:52:04,694 - timestream_logger - INFO - Rows exported for batch start_time >= 1980-07-28 00:00:00 and end_time < 1980-11-04 00:00:00 for la-idb-it-dbl4c4lnsxfz.la-idb-it-tablequz4rfpnqk: 0
2025-05-16 09:52:04,694 - timestream_logger - INFO - DynamoDB logging is disabled. Skipping logging to DynamoDB.
2025-05-16 09:52:04,694 - timestream_logger - INFO - Building unload query for la-idb-it-dbl4c4lnsxfz.la-idb-it-tablequz4rfpnqk
2025-05-16 09:52:04,694 - timestream_logger - INFO - DynamoDB logging is disabled. Skipping logging to DynamoDB.
2025-05-16 09:52:04,694 - timestream_logger - INFO - Running unload query for la-idb-it-dbl4c4lnsxfz.la-idb-it-tablequz4rfpnqk
2025-05-16 09:52:04,694 - timestream_logger - INFO - QUERY EXECUTING: UNLOAD( SELECT *, DATE_FORMAT(time,'%Y-%m-%d') as partition_date FROM "la-idb-it-dbl4c4lnsxfz"."la-idb-it-tablequz4rfpnqk" WHERE time >= '1980-11-04 00:00:00' AND time < '1981-02-11 00:00:00') TO 's3://la-idb-it-bucket34a1of401x/la-idb-it-dbl4c4lnsxfz/la-idb-it-tablequz4rfpnqk/unload-2025-05-16-16:50:51' WITH ( partitioned_by = ARRAY['partition_date'], max_file_size='2GB', format='PARQUET', encryption='SSE_S3', compression='NONE')
2025-05-16 09:52:04,694 - timestream_logger - INFO - UNLOAD IN PROGRESS for batch start_time >= 1980-11-04 00:00:00 and end_time < 1981-02-11 00:00:00 for la-idb-it-dbl4c4lnsxfz.la-idb-it-tablequz4rfpnqk 
2025-05-16 09:52:06,089 - timestream_logger - INFO - Progress Percentage for batch start_time >= 1980-11-04 00:00:00 and end_time < 1981-02-11 00:00:00 for la-idb-it-dbl4c4lnsxfz.la-idb-it-tablequz4rfpnqk : 100.0%
2025-05-16 09:52:06,128 - timestream_logger - INFO - {}
2025-05-16 09:52:06,128 - timestream_logger - INFO - Rows exported for batch start_time >= 1980-11-04 00:00:00 and end_time < 1981-02-11 00:00:00 for la-idb-it-dbl4c4lnsxfz.la-idb-it-tablequz4rfpnqk: 0
2025-05-16 09:52:06,129 - timestream_logger - INFO - DynamoDB logging is disabled. Skipping logging to DynamoDB.
2025-05-16 09:52:06,129 - timestream_logger - INFO - Building unload query for la-idb-it-dbl4c4lnsxfz.la-idb-it-tablequz4rfpnqk
2025-05-16 09:52:06,129 - timestream_logger - INFO - DynamoDB logging is disabled. Skipping logging to DynamoDB.
2025-05-16 09:52:06,129 - timestream_logger - INFO - Running unload query for la-idb-it-dbl4c4lnsxfz.la-idb-it-tablequz4rfpnqk
2025-05-16 09:52:06,129 - timestream_logger - INFO - QUERY EXECUTING: UNLOAD( SELECT *, DATE_FORMAT(time,'%Y-%m-%d') as partition_date FROM "la-idb-it-dbl4c4lnsxfz"."la-idb-it-tablequz4rfpnqk" WHERE time >= '1981-02-11 00:00:00' AND time < '1981-05-21 00:00:00') TO 's3://la-idb-it-bucket34a1of401x/la-idb-it-dbl4c4lnsxfz/la-idb-it-tablequz4rfpnqk/unload-2025-05-16-16:50:51' WITH ( partitioned_by = ARRAY['partition_date'], max_file_size='2GB', format='PARQUET', encryption='SSE_S3', compression='NONE')
2025-05-16 09:52:06,130 - timestream_logger - INFO - UNLOAD IN PROGRESS for batch start_time >= 1981-02-11 00:00:00 and end_time < 1981-05-21 00:00:00 for la-idb-it-dbl4c4lnsxfz.la-idb-it-tablequz4rfpnqk 
2025-05-16 09:52:07,730 - timestream_logger - INFO - Progress Percentage for batch start_time >= 1981-02-11 00:00:00 and end_time < 1981-05-21 00:00:00 for la-idb-it-dbl4c4lnsxfz.la-idb-it-tablequz4rfpnqk : 100.0%
2025-05-16 09:52:07,769 - timestream_logger - INFO - {}
2025-05-16 09:52:07,769 - timestream_logger - INFO - Rows exported for batch start_time >= 1981-02-11 00:00:00 and end_time < 1981-05-21 00:00:00 for la-idb-it-dbl4c4lnsxfz.la-idb-it-tablequz4rfpnqk: 0
2025-05-16 09:52:07,770 - timestream_logger - INFO - DynamoDB logging is disabled. Skipping logging to DynamoDB.
2025-05-16 09:52:07,770 - timestream_logger - INFO - Building unload query for la-idb-it-dbl4c4lnsxfz.la-idb-it-tablequz4rfpnqk
2025-05-16 09:52:07,770 - timestream_logger - INFO - DynamoDB logging is disabled. Skipping logging to DynamoDB.
2025-05-16 09:52:07,770 - timestream_logger - INFO - Running unload query for la-idb-it-dbl4c4lnsxfz.la-idb-it-tablequz4rfpnqk
2025-05-16 09:52:07,771 - timestream_logger - INFO - QUERY EXECUTING: UNLOAD( SELECT *, DATE_FORMAT(time,'%Y-%m-%d') as partition_date FROM "la-idb-it-dbl4c4lnsxfz"."la-idb-it-tablequz4rfpnqk" WHERE time >= '1981-05-21 00:00:00' AND time < '1981-08-28 00:00:00') TO 's3://la-idb-it-bucket34a1of401x/la-idb-it-dbl4c4lnsxfz/la-idb-it-tablequz4rfpnqk/unload-2025-05-16-16:50:51' WITH ( partitioned_by = ARRAY['partition_date'], max_file_size='2GB', format='PARQUET', encryption='SSE_S3', compression='NONE')
2025-05-16 09:52:07,771 - timestream_logger - INFO - UNLOAD IN PROGRESS for batch start_time >= 1981-05-21 00:00:00 and end_time < 1981-08-28 00:00:00 for la-idb-it-dbl4c4lnsxfz.la-idb-it-tablequz4rfpnqk 
2025-05-16 09:52:09,209 - timestream_logger - INFO - Progress Percentage for batch start_time >= 1981-05-21 00:00:00 and end_time < 1981-08-28 00:00:00 for la-idb-it-dbl4c4lnsxfz.la-idb-it-tablequz4rfpnqk : 100.0%
2025-05-16 09:52:09,245 - timestream_logger - INFO - {}
2025-05-16 09:52:09,246 - timestream_logger - INFO - Rows exported for batch start_time >= 1981-05-21 00:00:00 and end_time < 1981-08-28 00:00:00 for la-idb-it-dbl4c4lnsxfz.la-idb-it-tablequz4rfpnqk: 0
2025-05-16 09:52:09,246 - timestream_logger - INFO - DynamoDB logging is disabled. Skipping logging to DynamoDB.
2025-05-16 09:52:09,246 - timestream_logger - INFO - Building unload query for la-idb-it-dbl4c4lnsxfz.la-idb-it-tablequz4rfpnqk
2025-05-16 09:52:09,246 - timestream_logger - INFO - DynamoDB logging is disabled. Skipping logging to DynamoDB.
2025-05-16 09:52:09,246 - timestream_logger - INFO - Running unload query for la-idb-it-dbl4c4lnsxfz.la-idb-it-tablequz4rfpnqk
2025-05-16 09:52:09,246 - timestream_logger - INFO - QUERY EXECUTING: UNLOAD( SELECT *, DATE_FORMAT(time,'%Y-%m-%d') as partition_date FROM "la-idb-it-dbl4c4lnsxfz"."la-idb-it-tablequz4rfpnqk" WHERE time >= '1981-08-28 00:00:00' AND time < '1981-12-05 00:00:00') TO 's3://la-idb-it-bucket34a1of401x/la-idb-it-dbl4c4lnsxfz/la-idb-it-tablequz4rfpnqk/unload-2025-05-16-16:50:51' WITH ( partitioned_by = ARRAY['partition_date'], max_file_size='2GB', format='PARQUET', encryption='SSE_S3', compression='NONE')
2025-05-16 09:52:09,246 - timestream_logger - INFO - UNLOAD IN PROGRESS for batch start_time >= 1981-08-28 00:00:00 and end_time < 1981-12-05 00:00:00 for la-idb-it-dbl4c4lnsxfz.la-idb-it-tablequz4rfpnqk 
2025-05-16 09:52:10,489 - timestream_logger - INFO - Progress Percentage for batch start_time >= 1981-08-28 00:00:00 and end_time < 1981-12-05 00:00:00 for la-idb-it-dbl4c4lnsxfz.la-idb-it-tablequz4rfpnqk : 100.0%
2025-05-16 09:52:10,528 - timestream_logger - INFO - {}
2025-05-16 09:52:10,529 - timestream_logger - INFO - Rows exported for batch start_time >= 1981-08-28 00:00:00 and end_time < 1981-12-05 00:00:00 for la-idb-it-dbl4c4lnsxfz.la-idb-it-tablequz4rfpnqk: 0
2025-05-16 09:52:10,529 - timestream_logger - INFO - DynamoDB logging is disabled. Skipping logging to DynamoDB.
2025-05-16 09:52:10,529 - timestream_logger - INFO - Building unload query for la-idb-it-dbl4c4lnsxfz.la-idb-it-tablequz4rfpnqk
2025-05-16 09:52:10,529 - timestream_logger - INFO - DynamoDB logging is disabled. Skipping logging to DynamoDB.
2025-05-16 09:52:10,529 - timestream_logger - INFO - Running unload query for la-idb-it-dbl4c4lnsxfz.la-idb-it-tablequz4rfpnqk
2025-05-16 09:52:10,529 - timestream_logger - INFO - QUERY EXECUTING: UNLOAD( SELECT *, DATE_FORMAT(time,'%Y-%m-%d') as partition_date FROM "la-idb-it-dbl4c4lnsxfz"."la-idb-it-tablequz4rfpnqk" WHERE time >= '1981-12-05 00:00:00' AND time < '1982-03-14 00:00:00') TO 's3://la-idb-it-bucket34a1of401x/la-idb-it-dbl4c4lnsxfz/la-idb-it-tablequz4rfpnqk/unload-2025-05-16-16:50:51' WITH ( partitioned_by = ARRAY['partition_date'], max_file_size='2GB', format='PARQUET', encryption='SSE_S3', compression='NONE')
2025-05-16 09:52:10,529 - timestream_logger - INFO - UNLOAD IN PROGRESS for batch start_time >= 1981-12-05 00:00:00 and end_time < 1982-03-14 00:00:00 for la-idb-it-dbl4c4lnsxfz.la-idb-it-tablequz4rfpnqk 
2025-05-16 09:52:11,928 - timestream_logger - INFO - Progress Percentage for batch start_time >= 1981-12-05 00:00:00 and end_time < 1982-03-14 00:00:00 for la-idb-it-dbl4c4lnsxfz.la-idb-it-tablequz4rfpnqk : 100.0%
2025-05-16 09:52:11,969 - timestream_logger - INFO - {}
2025-05-16 09:52:11,969 - timestream_logger - INFO - Rows exported for batch start_time >= 1981-12-05 00:00:00 and end_time < 1982-03-14 00:00:00 for la-idb-it-dbl4c4lnsxfz.la-idb-it-tablequz4rfpnqk: 0
2025-05-16 09:52:11,969 - timestream_logger - INFO - DynamoDB logging is disabled. Skipping logging to DynamoDB.
2025-05-16 09:52:11,970 - timestream_logger - INFO - Building unload query for la-idb-it-dbl4c4lnsxfz.la-idb-it-tablequz4rfpnqk
2025-05-16 09:52:11,970 - timestream_logger - INFO - DynamoDB logging is disabled. Skipping logging to DynamoDB.
2025-05-16 09:52:11,970 - timestream_logger - INFO - Running unload query for la-idb-it-dbl4c4lnsxfz.la-idb-it-tablequz4rfpnqk
2025-05-16 09:52:11,970 - timestream_logger - INFO - QUERY EXECUTING: UNLOAD( SELECT *, DATE_FORMAT(time,'%Y-%m-%d') as partition_date FROM "la-idb-it-dbl4c4lnsxfz"."la-idb-it-tablequz4rfpnqk" WHERE time >= '1982-03-14 00:00:00' AND time < '1982-06-21 00:00:00') TO 's3://la-idb-it-bucket34a1of401x/la-idb-it-dbl4c4lnsxfz/la-idb-it-tablequz4rfpnqk/unload-2025-05-16-16:50:51' WITH ( partitioned_by = ARRAY['partition_date'], max_file_size='2GB', format='PARQUET', encryption='SSE_S3', compression='NONE')
2025-05-16 09:52:11,971 - timestream_logger - INFO - UNLOAD IN PROGRESS for batch start_time >= 1982-03-14 00:00:00 and end_time < 1982-06-21 00:00:00 for la-idb-it-dbl4c4lnsxfz.la-idb-it-tablequz4rfpnqk 
2025-05-16 09:52:13,033 - timestream_logger - INFO - Progress Percentage for batch start_time >= 1982-03-14 00:00:00 and end_time < 1982-06-21 00:00:00 for la-idb-it-dbl4c4lnsxfz.la-idb-it-tablequz4rfpnqk : 100.0%
2025-05-16 09:52:13,078 - timestream_logger - INFO - {}
2025-05-16 09:52:13,079 - timestream_logger - INFO - Rows exported for batch start_time >= 1982-03-14 00:00:00 and end_time < 1982-06-21 00:00:00 for la-idb-it-dbl4c4lnsxfz.la-idb-it-tablequz4rfpnqk: 0
2025-05-16 09:52:13,079 - timestream_logger - INFO - DynamoDB logging is disabled. Skipping logging to DynamoDB.
2025-05-16 09:52:13,079 - timestream_logger - INFO - Building unload query for la-idb-it-dbl4c4lnsxfz.la-idb-it-tablequz4rfpnqk
2025-05-16 09:52:13,079 - timestream_logger - INFO - DynamoDB logging is disabled. Skipping logging to DynamoDB.
2025-05-16 09:52:13,080 - timestream_logger - INFO - Running unload query for la-idb-it-dbl4c4lnsxfz.la-idb-it-tablequz4rfpnqk
2025-05-16 09:52:13,080 - timestream_logger - INFO - QUERY EXECUTING: UNLOAD( SELECT *, DATE_FORMAT(time,'%Y-%m-%d') as partition_date FROM "la-idb-it-dbl4c4lnsxfz"."la-idb-it-tablequz4rfpnqk" WHERE time >= '1982-06-21 00:00:00' AND time < '1982-09-28 00:00:00') TO 's3://la-idb-it-bucket34a1of401x/la-idb-it-dbl4c4lnsxfz/la-idb-it-tablequz4rfpnqk/unload-2025-05-16-16:50:51' WITH ( partitioned_by = ARRAY['partition_date'], max_file_size='2GB', format='PARQUET', encryption='SSE_S3', compression='NONE')
2025-05-16 09:52:13,081 - timestream_logger - INFO - UNLOAD IN PROGRESS for batch start_time >= 1982-06-21 00:00:00 and end_time < 1982-09-28 00:00:00 for la-idb-it-dbl4c4lnsxfz.la-idb-it-tablequz4rfpnqk 
2025-05-16 09:52:15,854 - timestream_logger - INFO - Progress Percentage for batch start_time >= 1982-06-21 00:00:00 and end_time < 1982-09-28 00:00:00 for la-idb-it-dbl4c4lnsxfz.la-idb-it-tablequz4rfpnqk : 100.0%
2025-05-16 09:52:15,891 - timestream_logger - INFO - {}
2025-05-16 09:52:15,891 - timestream_logger - INFO - Rows exported for batch start_time >= 1982-06-21 00:00:00 and end_time < 1982-09-28 00:00:00 for la-idb-it-dbl4c4lnsxfz.la-idb-it-tablequz4rfpnqk: 0
2025-05-16 09:52:15,891 - timestream_logger - INFO - DynamoDB logging is disabled. Skipping logging to DynamoDB.
2025-05-16 09:52:15,891 - timestream_logger - INFO - Building unload query for la-idb-it-dbl4c4lnsxfz.la-idb-it-tablequz4rfpnqk
2025-05-16 09:52:15,891 - timestream_logger - INFO - DynamoDB logging is disabled. Skipping logging to DynamoDB.
2025-05-16 09:52:15,891 - timestream_logger - INFO - Running unload query for la-idb-it-dbl4c4lnsxfz.la-idb-it-tablequz4rfpnqk
2025-05-16 09:52:15,891 - timestream_logger - INFO - QUERY EXECUTING: UNLOAD( SELECT *, DATE_FORMAT(time,'%Y-%m-%d') as partition_date FROM "la-idb-it-dbl4c4lnsxfz"."la-idb-it-tablequz4rfpnqk" WHERE time >= '1982-09-28 00:00:00' AND time < '1983-01-05 00:00:00') TO 's3://la-idb-it-bucket34a1of401x/la-idb-it-dbl4c4lnsxfz/la-idb-it-tablequz4rfpnqk/unload-2025-05-16-16:50:51' WITH ( partitioned_by = ARRAY['partition_date'], max_file_size='2GB', format='PARQUET', encryption='SSE_S3', compression='NONE')
2025-05-16 09:52:15,891 - timestream_logger - INFO - UNLOAD IN PROGRESS for batch start_time >= 1982-09-28 00:00:00 and end_time < 1983-01-05 00:00:00 for la-idb-it-dbl4c4lnsxfz.la-idb-it-tablequz4rfpnqk 
2025-05-16 09:52:17,752 - timestream_logger - INFO - Progress Percentage for batch start_time >= 1982-09-28 00:00:00 and end_time < 1983-01-05 00:00:00 for la-idb-it-dbl4c4lnsxfz.la-idb-it-tablequz4rfpnqk : 100.0%
2025-05-16 09:52:17,793 - timestream_logger - INFO - {}
2025-05-16 09:52:17,793 - timestream_logger - INFO - Rows exported for batch start_time >= 1982-09-28 00:00:00 and end_time < 1983-01-05 00:00:00 for la-idb-it-dbl4c4lnsxfz.la-idb-it-tablequz4rfpnqk: 0
2025-05-16 09:52:17,793 - timestream_logger - INFO - DynamoDB logging is disabled. Skipping logging to DynamoDB.
2025-05-16 09:52:17,793 - timestream_logger - INFO - Building unload query for la-idb-it-dbl4c4lnsxfz.la-idb-it-tablequz4rfpnqk
2025-05-16 09:52:17,794 - timestream_logger - INFO - DynamoDB logging is disabled. Skipping logging to DynamoDB.
2025-05-16 09:52:17,794 - timestream_logger - INFO - Running unload query for la-idb-it-dbl4c4lnsxfz.la-idb-it-tablequz4rfpnqk
2025-05-16 09:52:17,794 - timestream_logger - INFO - QUERY EXECUTING: UNLOAD( SELECT *, DATE_FORMAT(time,'%Y-%m-%d') as partition_date FROM "la-idb-it-dbl4c4lnsxfz"."la-idb-it-tablequz4rfpnqk" WHERE time >= '1983-01-05 00:00:00' AND time < '1983-04-14 00:00:00') TO 's3://la-idb-it-bucket34a1of401x/la-idb-it-dbl4c4lnsxfz/la-idb-it-tablequz4rfpnqk/unload-2025-05-16-16:50:51' WITH ( partitioned_by = ARRAY['partition_date'], max_file_size='2GB', format='PARQUET', encryption='SSE_S3', compression='NONE')
2025-05-16 09:52:17,794 - timestream_logger - INFO - UNLOAD IN PROGRESS for batch start_time >= 1983-01-05 00:00:00 and end_time < 1983-04-14 00:00:00 for la-idb-it-dbl4c4lnsxfz.la-idb-it-tablequz4rfpnqk 
2025-05-16 09:52:18,849 - timestream_logger - INFO - Progress Percentage for batch start_time >= 1983-01-05 00:00:00 and end_time < 1983-04-14 00:00:00 for la-idb-it-dbl4c4lnsxfz.la-idb-it-tablequz4rfpnqk : 100.0%
2025-05-16 09:52:18,890 - timestream_logger - INFO - {}
2025-05-16 09:52:18,890 - timestream_logger - INFO - Rows exported for batch start_time >= 1983-01-05 00:00:00 and end_time < 1983-04-14 00:00:00 for la-idb-it-dbl4c4lnsxfz.la-idb-it-tablequz4rfpnqk: 0
2025-05-16 09:52:18,890 - timestream_logger - INFO - DynamoDB logging is disabled. Skipping logging to DynamoDB.
2025-05-16 09:52:18,890 - timestream_logger - INFO - Building unload query for la-idb-it-dbl4c4lnsxfz.la-idb-it-tablequz4rfpnqk
2025-05-16 09:52:18,891 - timestream_logger - INFO - DynamoDB logging is disabled. Skipping logging to DynamoDB.
2025-05-16 09:52:18,891 - timestream_logger - INFO - Running unload query for la-idb-it-dbl4c4lnsxfz.la-idb-it-tablequz4rfpnqk
2025-05-16 09:52:18,891 - timestream_logger - INFO - QUERY EXECUTING: UNLOAD( SELECT *, DATE_FORMAT(time,'%Y-%m-%d') as partition_date FROM "la-idb-it-dbl4c4lnsxfz"."la-idb-it-tablequz4rfpnqk" WHERE time >= '1983-04-14 00:00:00' AND time < '1983-07-22 00:00:00') TO 's3://la-idb-it-bucket34a1of401x/la-idb-it-dbl4c4lnsxfz/la-idb-it-tablequz4rfpnqk/unload-2025-05-16-16:50:51' WITH ( partitioned_by = ARRAY['partition_date'], max_file_size='2GB', format='PARQUET', encryption='SSE_S3', compression='NONE')
2025-05-16 09:52:18,891 - timestream_logger - INFO - UNLOAD IN PROGRESS for batch start_time >= 1983-04-14 00:00:00 and end_time < 1983-07-22 00:00:00 for la-idb-it-dbl4c4lnsxfz.la-idb-it-tablequz4rfpnqk 
2025-05-16 09:52:20,839 - timestream_logger - INFO - Progress Percentage for batch start_time >= 1983-04-14 00:00:00 and end_time < 1983-07-22 00:00:00 for la-idb-it-dbl4c4lnsxfz.la-idb-it-tablequz4rfpnqk : 100.0%
2025-05-16 09:52:20,885 - timestream_logger - INFO - {}
2025-05-16 09:52:20,885 - timestream_logger - INFO - Rows exported for batch start_time >= 1983-04-14 00:00:00 and end_time < 1983-07-22 00:00:00 for la-idb-it-dbl4c4lnsxfz.la-idb-it-tablequz4rfpnqk: 0
2025-05-16 09:52:20,886 - timestream_logger - INFO - DynamoDB logging is disabled. Skipping logging to DynamoDB.
2025-05-16 09:52:20,886 - timestream_logger - INFO - Building unload query for la-idb-it-dbl4c4lnsxfz.la-idb-it-tablequz4rfpnqk
2025-05-16 09:52:20,886 - timestream_logger - INFO - DynamoDB logging is disabled. Skipping logging to DynamoDB.
2025-05-16 09:52:20,886 - timestream_logger - INFO - Running unload query for la-idb-it-dbl4c4lnsxfz.la-idb-it-tablequz4rfpnqk
2025-05-16 09:52:20,886 - timestream_logger - INFO - QUERY EXECUTING: UNLOAD( SELECT *, DATE_FORMAT(time,'%Y-%m-%d') as partition_date FROM "la-idb-it-dbl4c4lnsxfz"."la-idb-it-tablequz4rfpnqk" WHERE time >= '1983-07-22 00:00:00' AND time < '1983-10-29 00:00:00') TO 's3://la-idb-it-bucket34a1of401x/la-idb-it-dbl4c4lnsxfz/la-idb-it-tablequz4rfpnqk/unload-2025-05-16-16:50:51' WITH ( partitioned_by = ARRAY['partition_date'], max_file_size='2GB', format='PARQUET', encryption='SSE_S3', compression='NONE')
2025-05-16 09:52:20,886 - timestream_logger - INFO - UNLOAD IN PROGRESS for batch start_time >= 1983-07-22 00:00:00 and end_time < 1983-10-29 00:00:00 for la-idb-it-dbl4c4lnsxfz.la-idb-it-tablequz4rfpnqk 
2025-05-16 09:52:22,994 - timestream_logger - INFO - Progress Percentage for batch start_time >= 1983-07-22 00:00:00 and end_time < 1983-10-29 00:00:00 for la-idb-it-dbl4c4lnsxfz.la-idb-it-tablequz4rfpnqk : 100.0%
2025-05-16 09:52:23,036 - timestream_logger - INFO - {}
2025-05-16 09:52:23,037 - timestream_logger - INFO - Rows exported for batch start_time >= 1983-07-22 00:00:00 and end_time < 1983-10-29 00:00:00 for la-idb-it-dbl4c4lnsxfz.la-idb-it-tablequz4rfpnqk: 0
2025-05-16 09:52:23,037 - timestream_logger - INFO - DynamoDB logging is disabled. Skipping logging to DynamoDB.
2025-05-16 09:52:23,037 - timestream_logger - INFO - Building unload query for la-idb-it-dbl4c4lnsxfz.la-idb-it-tablequz4rfpnqk
2025-05-16 09:52:23,037 - timestream_logger - INFO - DynamoDB logging is disabled. Skipping logging to DynamoDB.
2025-05-16 09:52:23,037 - timestream_logger - INFO - Running unload query for la-idb-it-dbl4c4lnsxfz.la-idb-it-tablequz4rfpnqk
2025-05-16 09:52:23,037 - timestream_logger - INFO - QUERY EXECUTING: UNLOAD( SELECT *, DATE_FORMAT(time,'%Y-%m-%d') as partition_date FROM "la-idb-it-dbl4c4lnsxfz"."la-idb-it-tablequz4rfpnqk" WHERE time >= '1983-10-29 00:00:00' AND time < '1984-02-05 00:00:00') TO 's3://la-idb-it-bucket34a1of401x/la-idb-it-dbl4c4lnsxfz/la-idb-it-tablequz4rfpnqk/unload-2025-05-16-16:50:51' WITH ( partitioned_by = ARRAY['partition_date'], max_file_size='2GB', format='PARQUET', encryption='SSE_S3', compression='NONE')
2025-05-16 09:52:23,038 - timestream_logger - INFO - UNLOAD IN PROGRESS for batch start_time >= 1983-10-29 00:00:00 and end_time < 1984-02-05 00:00:00 for la-idb-it-dbl4c4lnsxfz.la-idb-it-tablequz4rfpnqk 
2025-05-16 09:52:25,239 - timestream_logger - INFO - Progress Percentage for batch start_time >= 1983-10-29 00:00:00 and end_time < 1984-02-05 00:00:00 for la-idb-it-dbl4c4lnsxfz.la-idb-it-tablequz4rfpnqk : 100.0%
2025-05-16 09:52:25,280 - timestream_logger - INFO - {}
2025-05-16 09:52:25,281 - timestream_logger - INFO - Rows exported for batch start_time >= 1983-10-29 00:00:00 and end_time < 1984-02-05 00:00:00 for la-idb-it-dbl4c4lnsxfz.la-idb-it-tablequz4rfpnqk: 0
2025-05-16 09:52:25,281 - timestream_logger - INFO - DynamoDB logging is disabled. Skipping logging to DynamoDB.
2025-05-16 09:52:25,281 - timestream_logger - INFO - Building unload query for la-idb-it-dbl4c4lnsxfz.la-idb-it-tablequz4rfpnqk
2025-05-16 09:52:25,282 - timestream_logger - INFO - DynamoDB logging is disabled. Skipping logging to DynamoDB.
2025-05-16 09:52:25,282 - timestream_logger - INFO - Running unload query for la-idb-it-dbl4c4lnsxfz.la-idb-it-tablequz4rfpnqk
2025-05-16 09:52:25,282 - timestream_logger - INFO - QUERY EXECUTING: UNLOAD( SELECT *, DATE_FORMAT(time,'%Y-%m-%d') as partition_date FROM "la-idb-it-dbl4c4lnsxfz"."la-idb-it-tablequz4rfpnqk" WHERE time >= '1984-02-05 00:00:00' AND time < '1984-05-14 00:00:00') TO 's3://la-idb-it-bucket34a1of401x/la-idb-it-dbl4c4lnsxfz/la-idb-it-tablequz4rfpnqk/unload-2025-05-16-16:50:51' WITH ( partitioned_by = ARRAY['partition_date'], max_file_size='2GB', format='PARQUET', encryption='SSE_S3', compression='NONE')
2025-05-16 09:52:25,282 - timestream_logger - INFO - UNLOAD IN PROGRESS for batch start_time >= 1984-02-05 00:00:00 and end_time < 1984-05-14 00:00:00 for la-idb-it-dbl4c4lnsxfz.la-idb-it-tablequz4rfpnqk 
2025-05-16 09:52:26,366 - timestream_logger - INFO - Progress Percentage for batch start_time >= 1984-02-05 00:00:00 and end_time < 1984-05-14 00:00:00 for la-idb-it-dbl4c4lnsxfz.la-idb-it-tablequz4rfpnqk : 100.0%
2025-05-16 09:52:26,406 - timestream_logger - INFO - {}
2025-05-16 09:52:26,407 - timestream_logger - INFO - Rows exported for batch start_time >= 1984-02-05 00:00:00 and end_time < 1984-05-14 00:00:00 for la-idb-it-dbl4c4lnsxfz.la-idb-it-tablequz4rfpnqk: 0
2025-05-16 09:52:26,407 - timestream_logger - INFO - DynamoDB logging is disabled. Skipping logging to DynamoDB.
2025-05-16 09:52:26,407 - timestream_logger - INFO - Building unload query for la-idb-it-dbl4c4lnsxfz.la-idb-it-tablequz4rfpnqk
2025-05-16 09:52:26,407 - timestream_logger - INFO - DynamoDB logging is disabled. Skipping logging to DynamoDB.
2025-05-16 09:52:26,407 - timestream_logger - INFO - Running unload query for la-idb-it-dbl4c4lnsxfz.la-idb-it-tablequz4rfpnqk
2025-05-16 09:52:26,407 - timestream_logger - INFO - QUERY EXECUTING: UNLOAD( SELECT *, DATE_FORMAT(time,'%Y-%m-%d') as partition_date FROM "la-idb-it-dbl4c4lnsxfz"."la-idb-it-tablequz4rfpnqk" WHERE time >= '1984-05-14 00:00:00' AND time < '1984-08-21 00:00:00') TO 's3://la-idb-it-bucket34a1of401x/la-idb-it-dbl4c4lnsxfz/la-idb-it-tablequz4rfpnqk/unload-2025-05-16-16:50:51' WITH ( partitioned_by = ARRAY['partition_date'], max_file_size='2GB', format='PARQUET', encryption='SSE_S3', compression='NONE')
2025-05-16 09:52:26,408 - timestream_logger - INFO - UNLOAD IN PROGRESS for batch start_time >= 1984-05-14 00:00:00 and end_time < 1984-08-21 00:00:00 for la-idb-it-dbl4c4lnsxfz.la-idb-it-tablequz4rfpnqk 
2025-05-16 09:52:27,369 - timestream_logger - INFO - Progress Percentage for batch start_time >= 1984-05-14 00:00:00 and end_time < 1984-08-21 00:00:00 for la-idb-it-dbl4c4lnsxfz.la-idb-it-tablequz4rfpnqk : 100.0%
2025-05-16 09:52:27,403 - timestream_logger - INFO - {}
2025-05-16 09:52:27,403 - timestream_logger - INFO - Rows exported for batch start_time >= 1984-05-14 00:00:00 and end_time < 1984-08-21 00:00:00 for la-idb-it-dbl4c4lnsxfz.la-idb-it-tablequz4rfpnqk: 0
2025-05-16 09:52:27,403 - timestream_logger - INFO - DynamoDB logging is disabled. Skipping logging to DynamoDB.
2025-05-16 09:52:27,403 - timestream_logger - INFO - Building unload query for la-idb-it-dbl4c4lnsxfz.la-idb-it-tablequz4rfpnqk
2025-05-16 09:52:27,403 - timestream_logger - INFO - DynamoDB logging is disabled. Skipping logging to DynamoDB.
2025-05-16 09:52:27,403 - timestream_logger - INFO - Running unload query for la-idb-it-dbl4c4lnsxfz.la-idb-it-tablequz4rfpnqk
2025-05-16 09:52:27,403 - timestream_logger - INFO - QUERY EXECUTING: UNLOAD( SELECT *, DATE_FORMAT(time,'%Y-%m-%d') as partition_date FROM "la-idb-it-dbl4c4lnsxfz"."la-idb-it-tablequz4rfpnqk" WHERE time >= '1984-08-21 00:00:00' AND time < '1984-11-28 00:00:00') TO 's3://la-idb-it-bucket34a1of401x/la-idb-it-dbl4c4lnsxfz/la-idb-it-tablequz4rfpnqk/unload-2025-05-16-16:50:51' WITH ( partitioned_by = ARRAY['partition_date'], max_file_size='2GB', format='PARQUET', encryption='SSE_S3', compression='NONE')
2025-05-16 09:52:27,403 - timestream_logger - INFO - UNLOAD IN PROGRESS for batch start_time >= 1984-08-21 00:00:00 and end_time < 1984-11-28 00:00:00 for la-idb-it-dbl4c4lnsxfz.la-idb-it-tablequz4rfpnqk 
2025-05-16 09:52:28,500 - timestream_logger - INFO - Progress Percentage for batch start_time >= 1984-08-21 00:00:00 and end_time < 1984-11-28 00:00:00 for la-idb-it-dbl4c4lnsxfz.la-idb-it-tablequz4rfpnqk : 100.0%
2025-05-16 09:52:28,536 - timestream_logger - INFO - {}
2025-05-16 09:52:28,536 - timestream_logger - INFO - Rows exported for batch start_time >= 1984-08-21 00:00:00 and end_time < 1984-11-28 00:00:00 for la-idb-it-dbl4c4lnsxfz.la-idb-it-tablequz4rfpnqk: 0
2025-05-16 09:52:28,536 - timestream_logger - INFO - DynamoDB logging is disabled. Skipping logging to DynamoDB.
2025-05-16 09:52:28,536 - timestream_logger - INFO - Building unload query for la-idb-it-dbl4c4lnsxfz.la-idb-it-tablequz4rfpnqk
2025-05-16 09:52:28,536 - timestream_logger - INFO - DynamoDB logging is disabled. Skipping logging to DynamoDB.
2025-05-16 09:52:28,536 - timestream_logger - INFO - Running unload query for la-idb-it-dbl4c4lnsxfz.la-idb-it-tablequz4rfpnqk
2025-05-16 09:52:28,536 - timestream_logger - INFO - QUERY EXECUTING: UNLOAD( SELECT *, DATE_FORMAT(time,'%Y-%m-%d') as partition_date FROM "la-idb-it-dbl4c4lnsxfz"."la-idb-it-tablequz4rfpnqk" WHERE time >= '1984-11-28 00:00:00' AND time < '1985-03-07 00:00:00') TO 's3://la-idb-it-bucket34a1of401x/la-idb-it-dbl4c4lnsxfz/la-idb-it-tablequz4rfpnqk/unload-2025-05-16-16:50:51' WITH ( partitioned_by = ARRAY['partition_date'], max_file_size='2GB', format='PARQUET', encryption='SSE_S3', compression='NONE')
2025-05-16 09:52:28,536 - timestream_logger - INFO - UNLOAD IN PROGRESS for batch start_time >= 1984-11-28 00:00:00 and end_time < 1985-03-07 00:00:00 for la-idb-it-dbl4c4lnsxfz.la-idb-it-tablequz4rfpnqk 
2025-05-16 09:52:29,545 - timestream_logger - INFO - Progress Percentage for batch start_time >= 1984-11-28 00:00:00 and end_time < 1985-03-07 00:00:00 for la-idb-it-dbl4c4lnsxfz.la-idb-it-tablequz4rfpnqk : 100.0%
2025-05-16 09:52:29,586 - timestream_logger - INFO - {}
2025-05-16 09:52:29,587 - timestream_logger - INFO - Rows exported for batch start_time >= 1984-11-28 00:00:00 and end_time < 1985-03-07 00:00:00 for la-idb-it-dbl4c4lnsxfz.la-idb-it-tablequz4rfpnqk: 0
2025-05-16 09:52:29,587 - timestream_logger - INFO - DynamoDB logging is disabled. Skipping logging to DynamoDB.
2025-05-16 09:52:29,587 - timestream_logger - INFO - Building unload query for la-idb-it-dbl4c4lnsxfz.la-idb-it-tablequz4rfpnqk
2025-05-16 09:52:29,588 - timestream_logger - INFO - DynamoDB logging is disabled. Skipping logging to DynamoDB.
2025-05-16 09:52:29,588 - timestream_logger - INFO - Running unload query for la-idb-it-dbl4c4lnsxfz.la-idb-it-tablequz4rfpnqk
2025-05-16 09:52:29,588 - timestream_logger - INFO - QUERY EXECUTING: UNLOAD( SELECT *, DATE_FORMAT(time,'%Y-%m-%d') as partition_date FROM "la-idb-it-dbl4c4lnsxfz"."la-idb-it-tablequz4rfpnqk" WHERE time >= '1985-03-07 00:00:00' AND time < '1985-06-14 00:00:00') TO 's3://la-idb-it-bucket34a1of401x/la-idb-it-dbl4c4lnsxfz/la-idb-it-tablequz4rfpnqk/unload-2025-05-16-16:50:51' WITH ( partitioned_by = ARRAY['partition_date'], max_file_size='2GB', format='PARQUET', encryption='SSE_S3', compression='NONE')
2025-05-16 09:52:29,589 - timestream_logger - INFO - UNLOAD IN PROGRESS for batch start_time >= 1985-03-07 00:00:00 and end_time < 1985-06-14 00:00:00 for la-idb-it-dbl4c4lnsxfz.la-idb-it-tablequz4rfpnqk 
2025-05-16 09:52:32,526 - timestream_logger - INFO - Progress Percentage for batch start_time >= 1985-03-07 00:00:00 and end_time < 1985-06-14 00:00:00 for la-idb-it-dbl4c4lnsxfz.la-idb-it-tablequz4rfpnqk : 100.0%
2025-05-16 09:52:32,567 - timestream_logger - INFO - {}
2025-05-16 09:52:32,567 - timestream_logger - INFO - Rows exported for batch start_time >= 1985-03-07 00:00:00 and end_time < 1985-06-14 00:00:00 for la-idb-it-dbl4c4lnsxfz.la-idb-it-tablequz4rfpnqk: 0
2025-05-16 09:52:32,568 - timestream_logger - INFO - DynamoDB logging is disabled. Skipping logging to DynamoDB.
2025-05-16 09:52:32,568 - timestream_logger - INFO - Building unload query for la-idb-it-dbl4c4lnsxfz.la-idb-it-tablequz4rfpnqk
2025-05-16 09:52:32,568 - timestream_logger - INFO - DynamoDB logging is disabled. Skipping logging to DynamoDB.
2025-05-16 09:52:32,568 - timestream_logger - INFO - Running unload query for la-idb-it-dbl4c4lnsxfz.la-idb-it-tablequz4rfpnqk
2025-05-16 09:52:32,569 - timestream_logger - INFO - QUERY EXECUTING: UNLOAD( SELECT *, DATE_FORMAT(time,'%Y-%m-%d') as partition_date FROM "la-idb-it-dbl4c4lnsxfz"."la-idb-it-tablequz4rfpnqk" WHERE time >= '1985-06-14 00:00:00' AND time < '1985-09-21 00:00:00') TO 's3://la-idb-it-bucket34a1of401x/la-idb-it-dbl4c4lnsxfz/la-idb-it-tablequz4rfpnqk/unload-2025-05-16-16:50:51' WITH ( partitioned_by = ARRAY['partition_date'], max_file_size='2GB', format='PARQUET', encryption='SSE_S3', compression='NONE')
2025-05-16 09:52:32,569 - timestream_logger - INFO - UNLOAD IN PROGRESS for batch start_time >= 1985-06-14 00:00:00 and end_time < 1985-09-21 00:00:00 for la-idb-it-dbl4c4lnsxfz.la-idb-it-tablequz4rfpnqk 
2025-05-16 09:52:33,720 - timestream_logger - INFO - Progress Percentage for batch start_time >= 1985-06-14 00:00:00 and end_time < 1985-09-21 00:00:00 for la-idb-it-dbl4c4lnsxfz.la-idb-it-tablequz4rfpnqk : 100.0%
2025-05-16 09:52:33,761 - timestream_logger - INFO - {}
2025-05-16 09:52:33,762 - timestream_logger - INFO - Rows exported for batch start_time >= 1985-06-14 00:00:00 and end_time < 1985-09-21 00:00:00 for la-idb-it-dbl4c4lnsxfz.la-idb-it-tablequz4rfpnqk: 0
2025-05-16 09:52:33,762 - timestream_logger - INFO - DynamoDB logging is disabled. Skipping logging to DynamoDB.
2025-05-16 09:52:33,762 - timestream_logger - INFO - Building unload query for la-idb-it-dbl4c4lnsxfz.la-idb-it-tablequz4rfpnqk
2025-05-16 09:52:33,762 - timestream_logger - INFO - DynamoDB logging is disabled. Skipping logging to DynamoDB.
2025-05-16 09:52:33,762 - timestream_logger - INFO - Running unload query for la-idb-it-dbl4c4lnsxfz.la-idb-it-tablequz4rfpnqk
2025-05-16 09:52:33,762 - timestream_logger - INFO - QUERY EXECUTING: UNLOAD( SELECT *, DATE_FORMAT(time,'%Y-%m-%d') as partition_date FROM "la-idb-it-dbl4c4lnsxfz"."la-idb-it-tablequz4rfpnqk" WHERE time >= '1985-09-21 00:00:00' AND time < '1985-12-29 00:00:00') TO 's3://la-idb-it-bucket34a1of401x/la-idb-it-dbl4c4lnsxfz/la-idb-it-tablequz4rfpnqk/unload-2025-05-16-16:50:51' WITH ( partitioned_by = ARRAY['partition_date'], max_file_size='2GB', format='PARQUET', encryption='SSE_S3', compression='NONE')
2025-05-16 09:52:33,762 - timestream_logger - INFO - UNLOAD IN PROGRESS for batch start_time >= 1985-09-21 00:00:00 and end_time < 1985-12-29 00:00:00 for la-idb-it-dbl4c4lnsxfz.la-idb-it-tablequz4rfpnqk 
2025-05-16 09:52:35,067 - timestream_logger - INFO - Progress Percentage for batch start_time >= 1985-09-21 00:00:00 and end_time < 1985-12-29 00:00:00 for la-idb-it-dbl4c4lnsxfz.la-idb-it-tablequz4rfpnqk : 100.0%
2025-05-16 09:52:35,104 - timestream_logger - INFO - {}
2025-05-16 09:52:35,104 - timestream_logger - INFO - Rows exported for batch start_time >= 1985-09-21 00:00:00 and end_time < 1985-12-29 00:00:00 for la-idb-it-dbl4c4lnsxfz.la-idb-it-tablequz4rfpnqk: 0
2025-05-16 09:52:35,104 - timestream_logger - INFO - DynamoDB logging is disabled. Skipping logging to DynamoDB.
2025-05-16 09:52:35,104 - timestream_logger - INFO - Building unload query for la-idb-it-dbl4c4lnsxfz.la-idb-it-tablequz4rfpnqk
2025-05-16 09:52:35,104 - timestream_logger - INFO - DynamoDB logging is disabled. Skipping logging to DynamoDB.
2025-05-16 09:52:35,104 - timestream_logger - INFO - Running unload query for la-idb-it-dbl4c4lnsxfz.la-idb-it-tablequz4rfpnqk
2025-05-16 09:52:35,104 - timestream_logger - INFO - QUERY EXECUTING: UNLOAD( SELECT *, DATE_FORMAT(time,'%Y-%m-%d') as partition_date FROM "la-idb-it-dbl4c4lnsxfz"."la-idb-it-tablequz4rfpnqk" WHERE time >= '1985-12-29 00:00:00' AND time < '1986-04-07 00:00:00') TO 's3://la-idb-it-bucket34a1of401x/la-idb-it-dbl4c4lnsxfz/la-idb-it-tablequz4rfpnqk/unload-2025-05-16-16:50:51' WITH ( partitioned_by = ARRAY['partition_date'], max_file_size='2GB', format='PARQUET', encryption='SSE_S3', compression='NONE')
2025-05-16 09:52:35,104 - timestream_logger - INFO - UNLOAD IN PROGRESS for batch start_time >= 1985-12-29 00:00:00 and end_time < 1986-04-07 00:00:00 for la-idb-it-dbl4c4lnsxfz.la-idb-it-tablequz4rfpnqk 
2025-05-16 09:52:36,914 - timestream_logger - INFO - Progress Percentage for batch start_time >= 1985-12-29 00:00:00 and end_time < 1986-04-07 00:00:00 for la-idb-it-dbl4c4lnsxfz.la-idb-it-tablequz4rfpnqk : 100.0%
2025-05-16 09:52:36,946 - timestream_logger - INFO - {}
2025-05-16 09:52:36,946 - timestream_logger - INFO - Rows exported for batch start_time >= 1985-12-29 00:00:00 and end_time < 1986-04-07 00:00:00 for la-idb-it-dbl4c4lnsxfz.la-idb-it-tablequz4rfpnqk: 0
2025-05-16 09:52:36,946 - timestream_logger - INFO - DynamoDB logging is disabled. Skipping logging to DynamoDB.
2025-05-16 09:52:36,946 - timestream_logger - INFO - Building unload query for la-idb-it-dbl4c4lnsxfz.la-idb-it-tablequz4rfpnqk
2025-05-16 09:52:36,946 - timestream_logger - INFO - DynamoDB logging is disabled. Skipping logging to DynamoDB.
2025-05-16 09:52:36,946 - timestream_logger - INFO - Running unload query for la-idb-it-dbl4c4lnsxfz.la-idb-it-tablequz4rfpnqk
2025-05-16 09:52:36,946 - timestream_logger - INFO - QUERY EXECUTING: UNLOAD( SELECT *, DATE_FORMAT(time,'%Y-%m-%d') as partition_date FROM "la-idb-it-dbl4c4lnsxfz"."la-idb-it-tablequz4rfpnqk" WHERE time >= '1986-04-07 00:00:00' AND time < '1986-07-15 00:00:00') TO 's3://la-idb-it-bucket34a1of401x/la-idb-it-dbl4c4lnsxfz/la-idb-it-tablequz4rfpnqk/unload-2025-05-16-16:50:51' WITH ( partitioned_by = ARRAY['partition_date'], max_file_size='2GB', format='PARQUET', encryption='SSE_S3', compression='NONE')
2025-05-16 09:52:36,946 - timestream_logger - INFO - UNLOAD IN PROGRESS for batch start_time >= 1986-04-07 00:00:00 and end_time < 1986-07-15 00:00:00 for la-idb-it-dbl4c4lnsxfz.la-idb-it-tablequz4rfpnqk 
2025-05-16 09:52:38,143 - timestream_logger - INFO - Progress Percentage for batch start_time >= 1986-04-07 00:00:00 and end_time < 1986-07-15 00:00:00 for la-idb-it-dbl4c4lnsxfz.la-idb-it-tablequz4rfpnqk : 100.0%
2025-05-16 09:52:38,184 - timestream_logger - INFO - {}
2025-05-16 09:52:38,184 - timestream_logger - INFO - Rows exported for batch start_time >= 1986-04-07 00:00:00 and end_time < 1986-07-15 00:00:00 for la-idb-it-dbl4c4lnsxfz.la-idb-it-tablequz4rfpnqk: 0
2025-05-16 09:52:38,184 - timestream_logger - INFO - DynamoDB logging is disabled. Skipping logging to DynamoDB.
2025-05-16 09:52:38,184 - timestream_logger - INFO - Building unload query for la-idb-it-dbl4c4lnsxfz.la-idb-it-tablequz4rfpnqk
2025-05-16 09:52:38,184 - timestream_logger - INFO - DynamoDB logging is disabled. Skipping logging to DynamoDB.
2025-05-16 09:52:38,184 - timestream_logger - INFO - Running unload query for la-idb-it-dbl4c4lnsxfz.la-idb-it-tablequz4rfpnqk
2025-05-16 09:52:38,185 - timestream_logger - INFO - QUERY EXECUTING: UNLOAD( SELECT *, DATE_FORMAT(time,'%Y-%m-%d') as partition_date FROM "la-idb-it-dbl4c4lnsxfz"."la-idb-it-tablequz4rfpnqk" WHERE time >= '1986-07-15 00:00:00' AND time < '1986-10-22 00:00:00') TO 's3://la-idb-it-bucket34a1of401x/la-idb-it-dbl4c4lnsxfz/la-idb-it-tablequz4rfpnqk/unload-2025-05-16-16:50:51' WITH ( partitioned_by = ARRAY['partition_date'], max_file_size='2GB', format='PARQUET', encryption='SSE_S3', compression='NONE')
2025-05-16 09:52:38,185 - timestream_logger - INFO - UNLOAD IN PROGRESS for batch start_time >= 1986-07-15 00:00:00 and end_time < 1986-10-22 00:00:00 for la-idb-it-dbl4c4lnsxfz.la-idb-it-tablequz4rfpnqk 
2025-05-16 09:52:39,268 - timestream_logger - INFO - Progress Percentage for batch start_time >= 1986-07-15 00:00:00 and end_time < 1986-10-22 00:00:00 for la-idb-it-dbl4c4lnsxfz.la-idb-it-tablequz4rfpnqk : 100.0%
2025-05-16 09:52:39,309 - timestream_logger - INFO - {}
2025-05-16 09:52:39,310 - timestream_logger - INFO - Rows exported for batch start_time >= 1986-07-15 00:00:00 and end_time < 1986-10-22 00:00:00 for la-idb-it-dbl4c4lnsxfz.la-idb-it-tablequz4rfpnqk: 0
2025-05-16 09:52:39,310 - timestream_logger - INFO - DynamoDB logging is disabled. Skipping logging to DynamoDB.
2025-05-16 09:52:39,310 - timestream_logger - INFO - Building unload query for la-idb-it-dbl4c4lnsxfz.la-idb-it-tablequz4rfpnqk
2025-05-16 09:52:39,310 - timestream_logger - INFO - DynamoDB logging is disabled. Skipping logging to DynamoDB.
2025-05-16 09:52:39,311 - timestream_logger - INFO - Running unload query for la-idb-it-dbl4c4lnsxfz.la-idb-it-tablequz4rfpnqk
2025-05-16 09:52:39,311 - timestream_logger - INFO - QUERY EXECUTING: UNLOAD( SELECT *, DATE_FORMAT(time,'%Y-%m-%d') as partition_date FROM "la-idb-it-dbl4c4lnsxfz"."la-idb-it-tablequz4rfpnqk" WHERE time >= '1986-10-22 00:00:00' AND time < '1987-01-29 00:00:00') TO 's3://la-idb-it-bucket34a1of401x/la-idb-it-dbl4c4lnsxfz/la-idb-it-tablequz4rfpnqk/unload-2025-05-16-16:50:51' WITH ( partitioned_by = ARRAY['partition_date'], max_file_size='2GB', format='PARQUET', encryption='SSE_S3', compression='NONE')
2025-05-16 09:52:39,311 - timestream_logger - INFO - UNLOAD IN PROGRESS for batch start_time >= 1986-10-22 00:00:00 and end_time < 1987-01-29 00:00:00 for la-idb-it-dbl4c4lnsxfz.la-idb-it-tablequz4rfpnqk 
2025-05-16 09:52:40,353 - timestream_logger - INFO - Progress Percentage for batch start_time >= 1986-10-22 00:00:00 and end_time < 1987-01-29 00:00:00 for la-idb-it-dbl4c4lnsxfz.la-idb-it-tablequz4rfpnqk : 100.0%
2025-05-16 09:52:40,391 - timestream_logger - INFO - {}
2025-05-16 09:52:40,391 - timestream_logger - INFO - Rows exported for batch start_time >= 1986-10-22 00:00:00 and end_time < 1987-01-29 00:00:00 for la-idb-it-dbl4c4lnsxfz.la-idb-it-tablequz4rfpnqk: 0
2025-05-16 09:52:40,392 - timestream_logger - INFO - DynamoDB logging is disabled. Skipping logging to DynamoDB.
2025-05-16 09:52:40,392 - timestream_logger - INFO - Building unload query for la-idb-it-dbl4c4lnsxfz.la-idb-it-tablequz4rfpnqk
2025-05-16 09:52:40,392 - timestream_logger - INFO - DynamoDB logging is disabled. Skipping logging to DynamoDB.
2025-05-16 09:52:40,392 - timestream_logger - INFO - Running unload query for la-idb-it-dbl4c4lnsxfz.la-idb-it-tablequz4rfpnqk
2025-05-16 09:52:40,393 - timestream_logger - INFO - QUERY EXECUTING: UNLOAD( SELECT *, DATE_FORMAT(time,'%Y-%m-%d') as partition_date FROM "la-idb-it-dbl4c4lnsxfz"."la-idb-it-tablequz4rfpnqk" WHERE time >= '1987-01-29 00:00:00' AND time < '1987-05-08 00:00:00') TO 's3://la-idb-it-bucket34a1of401x/la-idb-it-dbl4c4lnsxfz/la-idb-it-tablequz4rfpnqk/unload-2025-05-16-16:50:51' WITH ( partitioned_by = ARRAY['partition_date'], max_file_size='2GB', format='PARQUET', encryption='SSE_S3', compression='NONE')
2025-05-16 09:52:40,393 - timestream_logger - INFO - UNLOAD IN PROGRESS for batch start_time >= 1987-01-29 00:00:00 and end_time < 1987-05-08 00:00:00 for la-idb-it-dbl4c4lnsxfz.la-idb-it-tablequz4rfpnqk 
2025-05-16 09:52:42,112 - timestream_logger - INFO - Progress Percentage for batch start_time >= 1987-01-29 00:00:00 and end_time < 1987-05-08 00:00:00 for la-idb-it-dbl4c4lnsxfz.la-idb-it-tablequz4rfpnqk : 100.0%
2025-05-16 09:52:42,152 - timestream_logger - INFO - {}
2025-05-16 09:52:42,152 - timestream_logger - INFO - Rows exported for batch start_time >= 1987-01-29 00:00:00 and end_time < 1987-05-08 00:00:00 for la-idb-it-dbl4c4lnsxfz.la-idb-it-tablequz4rfpnqk: 0
2025-05-16 09:52:42,153 - timestream_logger - INFO - DynamoDB logging is disabled. Skipping logging to DynamoDB.
2025-05-16 09:52:42,153 - timestream_logger - INFO - Building unload query for la-idb-it-dbl4c4lnsxfz.la-idb-it-tablequz4rfpnqk
2025-05-16 09:52:42,153 - timestream_logger - INFO - DynamoDB logging is disabled. Skipping logging to DynamoDB.
2025-05-16 09:52:42,153 - timestream_logger - INFO - Running unload query for la-idb-it-dbl4c4lnsxfz.la-idb-it-tablequz4rfpnqk
2025-05-16 09:52:42,153 - timestream_logger - INFO - QUERY EXECUTING: UNLOAD( SELECT *, DATE_FORMAT(time,'%Y-%m-%d') as partition_date FROM "la-idb-it-dbl4c4lnsxfz"."la-idb-it-tablequz4rfpnqk" WHERE time >= '1987-05-08 00:00:00' AND time < '1987-08-15 00:00:00') TO 's3://la-idb-it-bucket34a1of401x/la-idb-it-dbl4c4lnsxfz/la-idb-it-tablequz4rfpnqk/unload-2025-05-16-16:50:51' WITH ( partitioned_by = ARRAY['partition_date'], max_file_size='2GB', format='PARQUET', encryption='SSE_S3', compression='NONE')
2025-05-16 09:52:42,154 - timestream_logger - INFO - UNLOAD IN PROGRESS for batch start_time >= 1987-05-08 00:00:00 and end_time < 1987-08-15 00:00:00 for la-idb-it-dbl4c4lnsxfz.la-idb-it-tablequz4rfpnqk 
2025-05-16 09:52:43,808 - timestream_logger - INFO - Progress Percentage for batch start_time >= 1987-05-08 00:00:00 and end_time < 1987-08-15 00:00:00 for la-idb-it-dbl4c4lnsxfz.la-idb-it-tablequz4rfpnqk : 100.0%
2025-05-16 09:52:43,847 - timestream_logger - INFO - {}
2025-05-16 09:52:43,848 - timestream_logger - INFO - Rows exported for batch start_time >= 1987-05-08 00:00:00 and end_time < 1987-08-15 00:00:00 for la-idb-it-dbl4c4lnsxfz.la-idb-it-tablequz4rfpnqk: 0
2025-05-16 09:52:43,848 - timestream_logger - INFO - DynamoDB logging is disabled. Skipping logging to DynamoDB.
2025-05-16 09:52:43,848 - timestream_logger - INFO - Building unload query for la-idb-it-dbl4c4lnsxfz.la-idb-it-tablequz4rfpnqk
2025-05-16 09:52:43,848 - timestream_logger - INFO - DynamoDB logging is disabled. Skipping logging to DynamoDB.
2025-05-16 09:52:43,848 - timestream_logger - INFO - Running unload query for la-idb-it-dbl4c4lnsxfz.la-idb-it-tablequz4rfpnqk
2025-05-16 09:52:43,849 - timestream_logger - INFO - QUERY EXECUTING: UNLOAD( SELECT *, DATE_FORMAT(time,'%Y-%m-%d') as partition_date FROM "la-idb-it-dbl4c4lnsxfz"."la-idb-it-tablequz4rfpnqk" WHERE time >= '1987-08-15 00:00:00' AND time < '1987-11-22 00:00:00') TO 's3://la-idb-it-bucket34a1of401x/la-idb-it-dbl4c4lnsxfz/la-idb-it-tablequz4rfpnqk/unload-2025-05-16-16:50:51' WITH ( partitioned_by = ARRAY['partition_date'], max_file_size='2GB', format='PARQUET', encryption='SSE_S3', compression='NONE')
2025-05-16 09:52:43,849 - timestream_logger - INFO - UNLOAD IN PROGRESS for batch start_time >= 1987-08-15 00:00:00 and end_time < 1987-11-22 00:00:00 for la-idb-it-dbl4c4lnsxfz.la-idb-it-tablequz4rfpnqk 
2025-05-16 09:52:46,770 - timestream_logger - INFO - Progress Percentage for batch start_time >= 1987-08-15 00:00:00 and end_time < 1987-11-22 00:00:00 for la-idb-it-dbl4c4lnsxfz.la-idb-it-tablequz4rfpnqk : 100.0%
2025-05-16 09:52:46,810 - timestream_logger - INFO - {}
2025-05-16 09:52:46,811 - timestream_logger - INFO - Rows exported for batch start_time >= 1987-08-15 00:00:00 and end_time < 1987-11-22 00:00:00 for la-idb-it-dbl4c4lnsxfz.la-idb-it-tablequz4rfpnqk: 0
2025-05-16 09:52:46,811 - timestream_logger - INFO - DynamoDB logging is disabled. Skipping logging to DynamoDB.
2025-05-16 09:52:46,811 - timestream_logger - INFO - Building unload query for la-idb-it-dbl4c4lnsxfz.la-idb-it-tablequz4rfpnqk
2025-05-16 09:52:46,811 - timestream_logger - INFO - DynamoDB logging is disabled. Skipping logging to DynamoDB.
2025-05-16 09:52:46,812 - timestream_logger - INFO - Running unload query for la-idb-it-dbl4c4lnsxfz.la-idb-it-tablequz4rfpnqk
2025-05-16 09:52:46,812 - timestream_logger - INFO - QUERY EXECUTING: UNLOAD( SELECT *, DATE_FORMAT(time,'%Y-%m-%d') as partition_date FROM "la-idb-it-dbl4c4lnsxfz"."la-idb-it-tablequz4rfpnqk" WHERE time >= '1987-11-22 00:00:00' AND time < '1988-02-29 00:00:00') TO 's3://la-idb-it-bucket34a1of401x/la-idb-it-dbl4c4lnsxfz/la-idb-it-tablequz4rfpnqk/unload-2025-05-16-16:50:51' WITH ( partitioned_by = ARRAY['partition_date'], max_file_size='2GB', format='PARQUET', encryption='SSE_S3', compression='NONE')
2025-05-16 09:52:46,812 - timestream_logger - INFO - UNLOAD IN PROGRESS for batch start_time >= 1987-11-22 00:00:00 and end_time < 1988-02-29 00:00:00 for la-idb-it-dbl4c4lnsxfz.la-idb-it-tablequz4rfpnqk 
2025-05-16 09:52:48,005 - timestream_logger - INFO - Progress Percentage for batch start_time >= 1987-11-22 00:00:00 and end_time < 1988-02-29 00:00:00 for la-idb-it-dbl4c4lnsxfz.la-idb-it-tablequz4rfpnqk : 100.0%
2025-05-16 09:52:48,048 - timestream_logger - INFO - {}
2025-05-16 09:52:48,049 - timestream_logger - INFO - Rows exported for batch start_time >= 1987-11-22 00:00:00 and end_time < 1988-02-29 00:00:00 for la-idb-it-dbl4c4lnsxfz.la-idb-it-tablequz4rfpnqk: 0
2025-05-16 09:52:48,049 - timestream_logger - INFO - DynamoDB logging is disabled. Skipping logging to DynamoDB.
2025-05-16 09:52:48,049 - timestream_logger - INFO - Building unload query for la-idb-it-dbl4c4lnsxfz.la-idb-it-tablequz4rfpnqk
2025-05-16 09:52:48,049 - timestream_logger - INFO - DynamoDB logging is disabled. Skipping logging to DynamoDB.
2025-05-16 09:52:48,049 - timestream_logger - INFO - Running unload query for la-idb-it-dbl4c4lnsxfz.la-idb-it-tablequz4rfpnqk
2025-05-16 09:52:48,049 - timestream_logger - INFO - QUERY EXECUTING: UNLOAD( SELECT *, DATE_FORMAT(time,'%Y-%m-%d') as partition_date FROM "la-idb-it-dbl4c4lnsxfz"."la-idb-it-tablequz4rfpnqk" WHERE time >= '1988-02-29 00:00:00' AND time < '1988-06-07 00:00:00') TO 's3://la-idb-it-bucket34a1of401x/la-idb-it-dbl4c4lnsxfz/la-idb-it-tablequz4rfpnqk/unload-2025-05-16-16:50:51' WITH ( partitioned_by = ARRAY['partition_date'], max_file_size='2GB', format='PARQUET', encryption='SSE_S3', compression='NONE')
2025-05-16 09:52:48,049 - timestream_logger - INFO - UNLOAD IN PROGRESS for batch start_time >= 1988-02-29 00:00:00 and end_time < 1988-06-07 00:00:00 for la-idb-it-dbl4c4lnsxfz.la-idb-it-tablequz4rfpnqk 
2025-05-16 09:52:49,105 - timestream_logger - INFO - Progress Percentage for batch start_time >= 1988-02-29 00:00:00 and end_time < 1988-06-07 00:00:00 for la-idb-it-dbl4c4lnsxfz.la-idb-it-tablequz4rfpnqk : 100.0%
2025-05-16 09:52:49,138 - timestream_logger - INFO - {}
2025-05-16 09:52:49,139 - timestream_logger - INFO - Rows exported for batch start_time >= 1988-02-29 00:00:00 and end_time < 1988-06-07 00:00:00 for la-idb-it-dbl4c4lnsxfz.la-idb-it-tablequz4rfpnqk: 0
2025-05-16 09:52:49,139 - timestream_logger - INFO - DynamoDB logging is disabled. Skipping logging to DynamoDB.
2025-05-16 09:52:49,139 - timestream_logger - INFO - Building unload query for la-idb-it-dbl4c4lnsxfz.la-idb-it-tablequz4rfpnqk
2025-05-16 09:52:49,139 - timestream_logger - INFO - DynamoDB logging is disabled. Skipping logging to DynamoDB.
2025-05-16 09:52:49,139 - timestream_logger - INFO - Running unload query for la-idb-it-dbl4c4lnsxfz.la-idb-it-tablequz4rfpnqk
2025-05-16 09:52:49,139 - timestream_logger - INFO - QUERY EXECUTING: UNLOAD( SELECT *, DATE_FORMAT(time,'%Y-%m-%d') as partition_date FROM "la-idb-it-dbl4c4lnsxfz"."la-idb-it-tablequz4rfpnqk" WHERE time >= '1988-06-07 00:00:00' AND time < '1988-09-14 00:00:00') TO 's3://la-idb-it-bucket34a1of401x/la-idb-it-dbl4c4lnsxfz/la-idb-it-tablequz4rfpnqk/unload-2025-05-16-16:50:51' WITH ( partitioned_by = ARRAY['partition_date'], max_file_size='2GB', format='PARQUET', encryption='SSE_S3', compression='NONE')
2025-05-16 09:52:49,139 - timestream_logger - INFO - UNLOAD IN PROGRESS for batch start_time >= 1988-06-07 00:00:00 and end_time < 1988-09-14 00:00:00 for la-idb-it-dbl4c4lnsxfz.la-idb-it-tablequz4rfpnqk 
2025-05-16 09:52:50,385 - timestream_logger - INFO - Progress Percentage for batch start_time >= 1988-06-07 00:00:00 and end_time < 1988-09-14 00:00:00 for la-idb-it-dbl4c4lnsxfz.la-idb-it-tablequz4rfpnqk : 100.0%
2025-05-16 09:52:50,419 - timestream_logger - INFO - {}
2025-05-16 09:52:50,419 - timestream_logger - INFO - Rows exported for batch start_time >= 1988-06-07 00:00:00 and end_time < 1988-09-14 00:00:00 for la-idb-it-dbl4c4lnsxfz.la-idb-it-tablequz4rfpnqk: 0
2025-05-16 09:52:50,419 - timestream_logger - INFO - DynamoDB logging is disabled. Skipping logging to DynamoDB.
2025-05-16 09:52:50,419 - timestream_logger - INFO - Building unload query for la-idb-it-dbl4c4lnsxfz.la-idb-it-tablequz4rfpnqk
2025-05-16 09:52:50,419 - timestream_logger - INFO - DynamoDB logging is disabled. Skipping logging to DynamoDB.
2025-05-16 09:52:50,419 - timestream_logger - INFO - Running unload query for la-idb-it-dbl4c4lnsxfz.la-idb-it-tablequz4rfpnqk
2025-05-16 09:52:50,419 - timestream_logger - INFO - QUERY EXECUTING: UNLOAD( SELECT *, DATE_FORMAT(time,'%Y-%m-%d') as partition_date FROM "la-idb-it-dbl4c4lnsxfz"."la-idb-it-tablequz4rfpnqk" WHERE time >= '1988-09-14 00:00:00' AND time < '1988-12-22 00:00:00') TO 's3://la-idb-it-bucket34a1of401x/la-idb-it-dbl4c4lnsxfz/la-idb-it-tablequz4rfpnqk/unload-2025-05-16-16:50:51' WITH ( partitioned_by = ARRAY['partition_date'], max_file_size='2GB', format='PARQUET', encryption='SSE_S3', compression='NONE')
2025-05-16 09:52:50,419 - timestream_logger - INFO - UNLOAD IN PROGRESS for batch start_time >= 1988-09-14 00:00:00 and end_time < 1988-12-22 00:00:00 for la-idb-it-dbl4c4lnsxfz.la-idb-it-tablequz4rfpnqk 
2025-05-16 09:52:51,547 - timestream_logger - INFO - Progress Percentage for batch start_time >= 1988-09-14 00:00:00 and end_time < 1988-12-22 00:00:00 for la-idb-it-dbl4c4lnsxfz.la-idb-it-tablequz4rfpnqk : 100.0%
2025-05-16 09:52:51,587 - timestream_logger - INFO - {}
2025-05-16 09:52:51,587 - timestream_logger - INFO - Rows exported for batch start_time >= 1988-09-14 00:00:00 and end_time < 1988-12-22 00:00:00 for la-idb-it-dbl4c4lnsxfz.la-idb-it-tablequz4rfpnqk: 0
2025-05-16 09:52:51,588 - timestream_logger - INFO - DynamoDB logging is disabled. Skipping logging to DynamoDB.
2025-05-16 09:52:51,588 - timestream_logger - INFO - Building unload query for la-idb-it-dbl4c4lnsxfz.la-idb-it-tablequz4rfpnqk
2025-05-16 09:52:51,588 - timestream_logger - INFO - DynamoDB logging is disabled. Skipping logging to DynamoDB.
2025-05-16 09:52:51,588 - timestream_logger - INFO - Running unload query for la-idb-it-dbl4c4lnsxfz.la-idb-it-tablequz4rfpnqk
2025-05-16 09:52:51,589 - timestream_logger - INFO - QUERY EXECUTING: UNLOAD( SELECT *, DATE_FORMAT(time,'%Y-%m-%d') as partition_date FROM "la-idb-it-dbl4c4lnsxfz"."la-idb-it-tablequz4rfpnqk" WHERE time >= '1988-12-22 00:00:00' AND time < '1989-03-31 00:00:00') TO 's3://la-idb-it-bucket34a1of401x/la-idb-it-dbl4c4lnsxfz/la-idb-it-tablequz4rfpnqk/unload-2025-05-16-16:50:51' WITH ( partitioned_by = ARRAY['partition_date'], max_file_size='2GB', format='PARQUET', encryption='SSE_S3', compression='NONE')
2025-05-16 09:52:51,589 - timestream_logger - INFO - UNLOAD IN PROGRESS for batch start_time >= 1988-12-22 00:00:00 and end_time < 1989-03-31 00:00:00 for la-idb-it-dbl4c4lnsxfz.la-idb-it-tablequz4rfpnqk 
2025-05-16 09:52:52,769 - timestream_logger - INFO - Progress Percentage for batch start_time >= 1988-12-22 00:00:00 and end_time < 1989-03-31 00:00:00 for la-idb-it-dbl4c4lnsxfz.la-idb-it-tablequz4rfpnqk : 100.0%
2025-05-16 09:52:52,812 - timestream_logger - INFO - {}
2025-05-16 09:52:52,813 - timestream_logger - INFO - Rows exported for batch start_time >= 1988-12-22 00:00:00 and end_time < 1989-03-31 00:00:00 for la-idb-it-dbl4c4lnsxfz.la-idb-it-tablequz4rfpnqk: 0
2025-05-16 09:52:52,813 - timestream_logger - INFO - DynamoDB logging is disabled. Skipping logging to DynamoDB.
2025-05-16 09:52:52,813 - timestream_logger - INFO - Building unload query for la-idb-it-dbl4c4lnsxfz.la-idb-it-tablequz4rfpnqk
2025-05-16 09:52:52,813 - timestream_logger - INFO - DynamoDB logging is disabled. Skipping logging to DynamoDB.
2025-05-16 09:52:52,813 - timestream_logger - INFO - Running unload query for la-idb-it-dbl4c4lnsxfz.la-idb-it-tablequz4rfpnqk
2025-05-16 09:52:52,814 - timestream_logger - INFO - QUERY EXECUTING: UNLOAD( SELECT *, DATE_FORMAT(time,'%Y-%m-%d') as partition_date FROM "la-idb-it-dbl4c4lnsxfz"."la-idb-it-tablequz4rfpnqk" WHERE time >= '1989-03-31 00:00:00' AND time < '1989-07-08 00:00:00') TO 's3://la-idb-it-bucket34a1of401x/la-idb-it-dbl4c4lnsxfz/la-idb-it-tablequz4rfpnqk/unload-2025-05-16-16:50:51' WITH ( partitioned_by = ARRAY['partition_date'], max_file_size='2GB', format='PARQUET', encryption='SSE_S3', compression='NONE')
2025-05-16 09:52:52,814 - timestream_logger - INFO - UNLOAD IN PROGRESS for batch start_time >= 1989-03-31 00:00:00 and end_time < 1989-07-08 00:00:00 for la-idb-it-dbl4c4lnsxfz.la-idb-it-tablequz4rfpnqk 
2025-05-16 09:52:53,949 - timestream_logger - INFO - Progress Percentage for batch start_time >= 1989-03-31 00:00:00 and end_time < 1989-07-08 00:00:00 for la-idb-it-dbl4c4lnsxfz.la-idb-it-tablequz4rfpnqk : 100.0%
2025-05-16 09:52:53,987 - timestream_logger - INFO - {}
2025-05-16 09:52:53,988 - timestream_logger - INFO - Rows exported for batch start_time >= 1989-03-31 00:00:00 and end_time < 1989-07-08 00:00:00 for la-idb-it-dbl4c4lnsxfz.la-idb-it-tablequz4rfpnqk: 0
2025-05-16 09:52:53,988 - timestream_logger - INFO - DynamoDB logging is disabled. Skipping logging to DynamoDB.
2025-05-16 09:52:53,988 - timestream_logger - INFO - Building unload query for la-idb-it-dbl4c4lnsxfz.la-idb-it-tablequz4rfpnqk
2025-05-16 09:52:53,988 - timestream_logger - INFO - DynamoDB logging is disabled. Skipping logging to DynamoDB.
2025-05-16 09:52:53,988 - timestream_logger - INFO - Running unload query for la-idb-it-dbl4c4lnsxfz.la-idb-it-tablequz4rfpnqk
2025-05-16 09:52:53,989 - timestream_logger - INFO - QUERY EXECUTING: UNLOAD( SELECT *, DATE_FORMAT(time,'%Y-%m-%d') as partition_date FROM "la-idb-it-dbl4c4lnsxfz"."la-idb-it-tablequz4rfpnqk" WHERE time >= '1989-07-08 00:00:00' AND time < '1989-10-15 00:00:00') TO 's3://la-idb-it-bucket34a1of401x/la-idb-it-dbl4c4lnsxfz/la-idb-it-tablequz4rfpnqk/unload-2025-05-16-16:50:51' WITH ( partitioned_by = ARRAY['partition_date'], max_file_size='2GB', format='PARQUET', encryption='SSE_S3', compression='NONE')
2025-05-16 09:52:53,989 - timestream_logger - INFO - UNLOAD IN PROGRESS for batch start_time >= 1989-07-08 00:00:00 and end_time < 1989-10-15 00:00:00 for la-idb-it-dbl4c4lnsxfz.la-idb-it-tablequz4rfpnqk 
2025-05-16 09:52:55,449 - timestream_logger - INFO - Progress Percentage for batch start_time >= 1989-07-08 00:00:00 and end_time < 1989-10-15 00:00:00 for la-idb-it-dbl4c4lnsxfz.la-idb-it-tablequz4rfpnqk : 100.0%
2025-05-16 09:52:55,491 - timestream_logger - INFO - {}
2025-05-16 09:52:55,491 - timestream_logger - INFO - Rows exported for batch start_time >= 1989-07-08 00:00:00 and end_time < 1989-10-15 00:00:00 for la-idb-it-dbl4c4lnsxfz.la-idb-it-tablequz4rfpnqk: 0
2025-05-16 09:52:55,492 - timestream_logger - INFO - DynamoDB logging is disabled. Skipping logging to DynamoDB.
2025-05-16 09:52:55,492 - timestream_logger - INFO - Building unload query for la-idb-it-dbl4c4lnsxfz.la-idb-it-tablequz4rfpnqk
2025-05-16 09:52:55,492 - timestream_logger - INFO - DynamoDB logging is disabled. Skipping logging to DynamoDB.
2025-05-16 09:52:55,492 - timestream_logger - INFO - Running unload query for la-idb-it-dbl4c4lnsxfz.la-idb-it-tablequz4rfpnqk
2025-05-16 09:52:55,493 - timestream_logger - INFO - QUERY EXECUTING: UNLOAD( SELECT *, DATE_FORMAT(time,'%Y-%m-%d') as partition_date FROM "la-idb-it-dbl4c4lnsxfz"."la-idb-it-tablequz4rfpnqk" WHERE time >= '1989-10-15 00:00:00' AND time < '1990-01-22 00:00:00') TO 's3://la-idb-it-bucket34a1of401x/la-idb-it-dbl4c4lnsxfz/la-idb-it-tablequz4rfpnqk/unload-2025-05-16-16:50:51' WITH ( partitioned_by = ARRAY['partition_date'], max_file_size='2GB', format='PARQUET', encryption='SSE_S3', compression='NONE')
2025-05-16 09:52:55,493 - timestream_logger - INFO - UNLOAD IN PROGRESS for batch start_time >= 1989-10-15 00:00:00 and end_time < 1990-01-22 00:00:00 for la-idb-it-dbl4c4lnsxfz.la-idb-it-tablequz4rfpnqk 
2025-05-16 09:52:57,703 - timestream_logger - INFO - Progress Percentage for batch start_time >= 1989-10-15 00:00:00 and end_time < 1990-01-22 00:00:00 for la-idb-it-dbl4c4lnsxfz.la-idb-it-tablequz4rfpnqk : 100.0%
2025-05-16 09:52:57,739 - timestream_logger - INFO - {}
2025-05-16 09:52:57,740 - timestream_logger - INFO - Rows exported for batch start_time >= 1989-10-15 00:00:00 and end_time < 1990-01-22 00:00:00 for la-idb-it-dbl4c4lnsxfz.la-idb-it-tablequz4rfpnqk: 0
2025-05-16 09:52:57,740 - timestream_logger - INFO - DynamoDB logging is disabled. Skipping logging to DynamoDB.
2025-05-16 09:52:57,740 - timestream_logger - INFO - Building unload query for la-idb-it-dbl4c4lnsxfz.la-idb-it-tablequz4rfpnqk
2025-05-16 09:52:57,740 - timestream_logger - INFO - DynamoDB logging is disabled. Skipping logging to DynamoDB.
2025-05-16 09:52:57,740 - timestream_logger - INFO - Running unload query for la-idb-it-dbl4c4lnsxfz.la-idb-it-tablequz4rfpnqk
2025-05-16 09:52:57,740 - timestream_logger - INFO - QUERY EXECUTING: UNLOAD( SELECT *, DATE_FORMAT(time,'%Y-%m-%d') as partition_date FROM "la-idb-it-dbl4c4lnsxfz"."la-idb-it-tablequz4rfpnqk" WHERE time >= '1990-01-22 00:00:00' AND time < '1990-05-01 00:00:00') TO 's3://la-idb-it-bucket34a1of401x/la-idb-it-dbl4c4lnsxfz/la-idb-it-tablequz4rfpnqk/unload-2025-05-16-16:50:51' WITH ( partitioned_by = ARRAY['partition_date'], max_file_size='2GB', format='PARQUET', encryption='SSE_S3', compression='NONE')
2025-05-16 09:52:57,740 - timestream_logger - INFO - UNLOAD IN PROGRESS for batch start_time >= 1990-01-22 00:00:00 and end_time < 1990-05-01 00:00:00 for la-idb-it-dbl4c4lnsxfz.la-idb-it-tablequz4rfpnqk 
2025-05-16 09:52:59,747 - timestream_logger - INFO - Progress Percentage for batch start_time >= 1990-01-22 00:00:00 and end_time < 1990-05-01 00:00:00 for la-idb-it-dbl4c4lnsxfz.la-idb-it-tablequz4rfpnqk : 100.0%
2025-05-16 09:52:59,780 - timestream_logger - INFO - {}
2025-05-16 09:52:59,780 - timestream_logger - INFO - Rows exported for batch start_time >= 1990-01-22 00:00:00 and end_time < 1990-05-01 00:00:00 for la-idb-it-dbl4c4lnsxfz.la-idb-it-tablequz4rfpnqk: 0
2025-05-16 09:52:59,780 - timestream_logger - INFO - DynamoDB logging is disabled. Skipping logging to DynamoDB.
2025-05-16 09:52:59,780 - timestream_logger - INFO - Building unload query for la-idb-it-dbl4c4lnsxfz.la-idb-it-tablequz4rfpnqk
2025-05-16 09:52:59,780 - timestream_logger - INFO - DynamoDB logging is disabled. Skipping logging to DynamoDB.
2025-05-16 09:52:59,780 - timestream_logger - INFO - Running unload query for la-idb-it-dbl4c4lnsxfz.la-idb-it-tablequz4rfpnqk
2025-05-16 09:52:59,780 - timestream_logger - INFO - QUERY EXECUTING: UNLOAD( SELECT *, DATE_FORMAT(time,'%Y-%m-%d') as partition_date FROM "la-idb-it-dbl4c4lnsxfz"."la-idb-it-tablequz4rfpnqk" WHERE time >= '1990-05-01 00:00:00' AND time < '1990-08-08 00:00:00') TO 's3://la-idb-it-bucket34a1of401x/la-idb-it-dbl4c4lnsxfz/la-idb-it-tablequz4rfpnqk/unload-2025-05-16-16:50:51' WITH ( partitioned_by = ARRAY['partition_date'], max_file_size='2GB', format='PARQUET', encryption='SSE_S3', compression='NONE')
2025-05-16 09:52:59,780 - timestream_logger - INFO - UNLOAD IN PROGRESS for batch start_time >= 1990-05-01 00:00:00 and end_time < 1990-08-08 00:00:00 for la-idb-it-dbl4c4lnsxfz.la-idb-it-tablequz4rfpnqk 
2025-05-16 09:53:00,785 - timestream_logger - INFO - Progress Percentage for batch start_time >= 1990-05-01 00:00:00 and end_time < 1990-08-08 00:00:00 for la-idb-it-dbl4c4lnsxfz.la-idb-it-tablequz4rfpnqk : 100.0%
2025-05-16 09:53:00,819 - timestream_logger - INFO - {}
2025-05-16 09:53:00,819 - timestream_logger - INFO - Rows exported for batch start_time >= 1990-05-01 00:00:00 and end_time < 1990-08-08 00:00:00 for la-idb-it-dbl4c4lnsxfz.la-idb-it-tablequz4rfpnqk: 0
2025-05-16 09:53:00,819 - timestream_logger - INFO - DynamoDB logging is disabled. Skipping logging to DynamoDB.
2025-05-16 09:53:00,819 - timestream_logger - INFO - Building unload query for la-idb-it-dbl4c4lnsxfz.la-idb-it-tablequz4rfpnqk
2025-05-16 09:53:00,819 - timestream_logger - INFO - DynamoDB logging is disabled. Skipping logging to DynamoDB.
2025-05-16 09:53:00,819 - timestream_logger - INFO - Running unload query for la-idb-it-dbl4c4lnsxfz.la-idb-it-tablequz4rfpnqk
2025-05-16 09:53:00,819 - timestream_logger - INFO - QUERY EXECUTING: UNLOAD( SELECT *, DATE_FORMAT(time,'%Y-%m-%d') as partition_date FROM "la-idb-it-dbl4c4lnsxfz"."la-idb-it-tablequz4rfpnqk" WHERE time >= '1990-08-08 00:00:00' AND time < '1990-11-15 00:00:00') TO 's3://la-idb-it-bucket34a1of401x/la-idb-it-dbl4c4lnsxfz/la-idb-it-tablequz4rfpnqk/unload-2025-05-16-16:50:51' WITH ( partitioned_by = ARRAY['partition_date'], max_file_size='2GB', format='PARQUET', encryption='SSE_S3', compression='NONE')
2025-05-16 09:53:00,819 - timestream_logger - INFO - UNLOAD IN PROGRESS for batch start_time >= 1990-08-08 00:00:00 and end_time < 1990-11-15 00:00:00 for la-idb-it-dbl4c4lnsxfz.la-idb-it-tablequz4rfpnqk 
2025-05-16 09:53:01,853 - timestream_logger - INFO - Progress Percentage for batch start_time >= 1990-08-08 00:00:00 and end_time < 1990-11-15 00:00:00 for la-idb-it-dbl4c4lnsxfz.la-idb-it-tablequz4rfpnqk : 100.0%
2025-05-16 09:53:01,885 - timestream_logger - INFO - {}
2025-05-16 09:53:01,885 - timestream_logger - INFO - Rows exported for batch start_time >= 1990-08-08 00:00:00 and end_time < 1990-11-15 00:00:00 for la-idb-it-dbl4c4lnsxfz.la-idb-it-tablequz4rfpnqk: 0
2025-05-16 09:53:01,885 - timestream_logger - INFO - DynamoDB logging is disabled. Skipping logging to DynamoDB.
2025-05-16 09:53:01,885 - timestream_logger - INFO - Building unload query for la-idb-it-dbl4c4lnsxfz.la-idb-it-tablequz4rfpnqk
2025-05-16 09:53:01,885 - timestream_logger - INFO - DynamoDB logging is disabled. Skipping logging to DynamoDB.
2025-05-16 09:53:01,885 - timestream_logger - INFO - Running unload query for la-idb-it-dbl4c4lnsxfz.la-idb-it-tablequz4rfpnqk
2025-05-16 09:53:01,885 - timestream_logger - INFO - QUERY EXECUTING: UNLOAD( SELECT *, DATE_FORMAT(time,'%Y-%m-%d') as partition_date FROM "la-idb-it-dbl4c4lnsxfz"."la-idb-it-tablequz4rfpnqk" WHERE time >= '1990-11-15 00:00:00' AND time < '1991-02-22 00:00:00') TO 's3://la-idb-it-bucket34a1of401x/la-idb-it-dbl4c4lnsxfz/la-idb-it-tablequz4rfpnqk/unload-2025-05-16-16:50:51' WITH ( partitioned_by = ARRAY['partition_date'], max_file_size='2GB', format='PARQUET', encryption='SSE_S3', compression='NONE')
2025-05-16 09:53:01,885 - timestream_logger - INFO - UNLOAD IN PROGRESS for batch start_time >= 1990-11-15 00:00:00 and end_time < 1991-02-22 00:00:00 for la-idb-it-dbl4c4lnsxfz.la-idb-it-tablequz4rfpnqk 
2025-05-16 09:53:03,029 - timestream_logger - INFO - Progress Percentage for batch start_time >= 1990-11-15 00:00:00 and end_time < 1991-02-22 00:00:00 for la-idb-it-dbl4c4lnsxfz.la-idb-it-tablequz4rfpnqk : 100.0%
2025-05-16 09:53:03,068 - timestream_logger - INFO - {}
2025-05-16 09:53:03,068 - timestream_logger - INFO - Rows exported for batch start_time >= 1990-11-15 00:00:00 and end_time < 1991-02-22 00:00:00 for la-idb-it-dbl4c4lnsxfz.la-idb-it-tablequz4rfpnqk: 0
2025-05-16 09:53:03,068 - timestream_logger - INFO - DynamoDB logging is disabled. Skipping logging to DynamoDB.
2025-05-16 09:53:03,068 - timestream_logger - INFO - Building unload query for la-idb-it-dbl4c4lnsxfz.la-idb-it-tablequz4rfpnqk
2025-05-16 09:53:03,068 - timestream_logger - INFO - DynamoDB logging is disabled. Skipping logging to DynamoDB.
2025-05-16 09:53:03,068 - timestream_logger - INFO - Running unload query for la-idb-it-dbl4c4lnsxfz.la-idb-it-tablequz4rfpnqk
2025-05-16 09:53:03,068 - timestream_logger - INFO - QUERY EXECUTING: UNLOAD( SELECT *, DATE_FORMAT(time,'%Y-%m-%d') as partition_date FROM "la-idb-it-dbl4c4lnsxfz"."la-idb-it-tablequz4rfpnqk" WHERE time >= '1991-02-22 00:00:00' AND time < '1991-06-01 00:00:00') TO 's3://la-idb-it-bucket34a1of401x/la-idb-it-dbl4c4lnsxfz/la-idb-it-tablequz4rfpnqk/unload-2025-05-16-16:50:51' WITH ( partitioned_by = ARRAY['partition_date'], max_file_size='2GB', format='PARQUET', encryption='SSE_S3', compression='NONE')
2025-05-16 09:53:03,068 - timestream_logger - INFO - UNLOAD IN PROGRESS for batch start_time >= 1991-02-22 00:00:00 and end_time < 1991-06-01 00:00:00 for la-idb-it-dbl4c4lnsxfz.la-idb-it-tablequz4rfpnqk 
2025-05-16 09:53:05,954 - timestream_logger - INFO - Progress Percentage for batch start_time >= 1991-02-22 00:00:00 and end_time < 1991-06-01 00:00:00 for la-idb-it-dbl4c4lnsxfz.la-idb-it-tablequz4rfpnqk : 100.0%
2025-05-16 09:53:05,994 - timestream_logger - INFO - {}
2025-05-16 09:53:05,994 - timestream_logger - INFO - Rows exported for batch start_time >= 1991-02-22 00:00:00 and end_time < 1991-06-01 00:00:00 for la-idb-it-dbl4c4lnsxfz.la-idb-it-tablequz4rfpnqk: 0
2025-05-16 09:53:05,994 - timestream_logger - INFO - DynamoDB logging is disabled. Skipping logging to DynamoDB.
2025-05-16 09:53:05,994 - timestream_logger - INFO - Building unload query for la-idb-it-dbl4c4lnsxfz.la-idb-it-tablequz4rfpnqk
2025-05-16 09:53:05,994 - timestream_logger - INFO - DynamoDB logging is disabled. Skipping logging to DynamoDB.
2025-05-16 09:53:05,995 - timestream_logger - INFO - Running unload query for la-idb-it-dbl4c4lnsxfz.la-idb-it-tablequz4rfpnqk
2025-05-16 09:53:05,995 - timestream_logger - INFO - QUERY EXECUTING: UNLOAD( SELECT *, DATE_FORMAT(time,'%Y-%m-%d') as partition_date FROM "la-idb-it-dbl4c4lnsxfz"."la-idb-it-tablequz4rfpnqk" WHERE time >= '1991-06-01 00:00:00' AND time < '1991-09-08 00:00:00') TO 's3://la-idb-it-bucket34a1of401x/la-idb-it-dbl4c4lnsxfz/la-idb-it-tablequz4rfpnqk/unload-2025-05-16-16:50:51' WITH ( partitioned_by = ARRAY['partition_date'], max_file_size='2GB', format='PARQUET', encryption='SSE_S3', compression='NONE')
2025-05-16 09:53:05,995 - timestream_logger - INFO - UNLOAD IN PROGRESS for batch start_time >= 1991-06-01 00:00:00 and end_time < 1991-09-08 00:00:00 for la-idb-it-dbl4c4lnsxfz.la-idb-it-tablequz4rfpnqk 
2025-05-16 09:53:07,221 - timestream_logger - INFO - Progress Percentage for batch start_time >= 1991-06-01 00:00:00 and end_time < 1991-09-08 00:00:00 for la-idb-it-dbl4c4lnsxfz.la-idb-it-tablequz4rfpnqk : 100.0%
2025-05-16 09:53:07,253 - timestream_logger - INFO - {}
2025-05-16 09:53:07,253 - timestream_logger - INFO - Rows exported for batch start_time >= 1991-06-01 00:00:00 and end_time < 1991-09-08 00:00:00 for la-idb-it-dbl4c4lnsxfz.la-idb-it-tablequz4rfpnqk: 0
2025-05-16 09:53:07,253 - timestream_logger - INFO - DynamoDB logging is disabled. Skipping logging to DynamoDB.
2025-05-16 09:53:07,254 - timestream_logger - INFO - Building unload query for la-idb-it-dbl4c4lnsxfz.la-idb-it-tablequz4rfpnqk
2025-05-16 09:53:07,254 - timestream_logger - INFO - DynamoDB logging is disabled. Skipping logging to DynamoDB.
2025-05-16 09:53:07,254 - timestream_logger - INFO - Running unload query for la-idb-it-dbl4c4lnsxfz.la-idb-it-tablequz4rfpnqk
2025-05-16 09:53:07,254 - timestream_logger - INFO - QUERY EXECUTING: UNLOAD( SELECT *, DATE_FORMAT(time,'%Y-%m-%d') as partition_date FROM "la-idb-it-dbl4c4lnsxfz"."la-idb-it-tablequz4rfpnqk" WHERE time >= '1991-09-08 00:00:00' AND time < '1991-12-16 00:00:00') TO 's3://la-idb-it-bucket34a1of401x/la-idb-it-dbl4c4lnsxfz/la-idb-it-tablequz4rfpnqk/unload-2025-05-16-16:50:51' WITH ( partitioned_by = ARRAY['partition_date'], max_file_size='2GB', format='PARQUET', encryption='SSE_S3', compression='NONE')
2025-05-16 09:53:07,254 - timestream_logger - INFO - UNLOAD IN PROGRESS for batch start_time >= 1991-09-08 00:00:00 and end_time < 1991-12-16 00:00:00 for la-idb-it-dbl4c4lnsxfz.la-idb-it-tablequz4rfpnqk 
2025-05-16 09:53:08,702 - timestream_logger - INFO - Progress Percentage for batch start_time >= 1991-09-08 00:00:00 and end_time < 1991-12-16 00:00:00 for la-idb-it-dbl4c4lnsxfz.la-idb-it-tablequz4rfpnqk : 100.0%
2025-05-16 09:53:08,740 - timestream_logger - INFO - {}
2025-05-16 09:53:08,740 - timestream_logger - INFO - Rows exported for batch start_time >= 1991-09-08 00:00:00 and end_time < 1991-12-16 00:00:00 for la-idb-it-dbl4c4lnsxfz.la-idb-it-tablequz4rfpnqk: 0
2025-05-16 09:53:08,741 - timestream_logger - INFO - DynamoDB logging is disabled. Skipping logging to DynamoDB.
2025-05-16 09:53:08,741 - timestream_logger - INFO - Building unload query for la-idb-it-dbl4c4lnsxfz.la-idb-it-tablequz4rfpnqk
2025-05-16 09:53:08,741 - timestream_logger - INFO - DynamoDB logging is disabled. Skipping logging to DynamoDB.
2025-05-16 09:53:08,741 - timestream_logger - INFO - Running unload query for la-idb-it-dbl4c4lnsxfz.la-idb-it-tablequz4rfpnqk
2025-05-16 09:53:08,742 - timestream_logger - INFO - QUERY EXECUTING: UNLOAD( SELECT *, DATE_FORMAT(time,'%Y-%m-%d') as partition_date FROM "la-idb-it-dbl4c4lnsxfz"."la-idb-it-tablequz4rfpnqk" WHERE time >= '1991-12-16 00:00:00' AND time < '1992-03-24 00:00:00') TO 's3://la-idb-it-bucket34a1of401x/la-idb-it-dbl4c4lnsxfz/la-idb-it-tablequz4rfpnqk/unload-2025-05-16-16:50:51' WITH ( partitioned_by = ARRAY['partition_date'], max_file_size='2GB', format='PARQUET', encryption='SSE_S3', compression='NONE')
2025-05-16 09:53:08,742 - timestream_logger - INFO - UNLOAD IN PROGRESS for batch start_time >= 1991-12-16 00:00:00 and end_time < 1992-03-24 00:00:00 for la-idb-it-dbl4c4lnsxfz.la-idb-it-tablequz4rfpnqk 
2025-05-16 09:53:11,106 - timestream_logger - INFO - Progress Percentage for batch start_time >= 1991-12-16 00:00:00 and end_time < 1992-03-24 00:00:00 for la-idb-it-dbl4c4lnsxfz.la-idb-it-tablequz4rfpnqk : 100.0%
2025-05-16 09:53:11,149 - timestream_logger - INFO - {}
2025-05-16 09:53:11,149 - timestream_logger - INFO - Rows exported for batch start_time >= 1991-12-16 00:00:00 and end_time < 1992-03-24 00:00:00 for la-idb-it-dbl4c4lnsxfz.la-idb-it-tablequz4rfpnqk: 0
2025-05-16 09:53:11,149 - timestream_logger - INFO - DynamoDB logging is disabled. Skipping logging to DynamoDB.
2025-05-16 09:53:11,149 - timestream_logger - INFO - Building unload query for la-idb-it-dbl4c4lnsxfz.la-idb-it-tablequz4rfpnqk
2025-05-16 09:53:11,149 - timestream_logger - INFO - DynamoDB logging is disabled. Skipping logging to DynamoDB.
2025-05-16 09:53:11,149 - timestream_logger - INFO - Running unload query for la-idb-it-dbl4c4lnsxfz.la-idb-it-tablequz4rfpnqk
2025-05-16 09:53:11,149 - timestream_logger - INFO - QUERY EXECUTING: UNLOAD( SELECT *, DATE_FORMAT(time,'%Y-%m-%d') as partition_date FROM "la-idb-it-dbl4c4lnsxfz"."la-idb-it-tablequz4rfpnqk" WHERE time >= '1992-03-24 00:00:00' AND time < '1992-07-01 00:00:00') TO 's3://la-idb-it-bucket34a1of401x/la-idb-it-dbl4c4lnsxfz/la-idb-it-tablequz4rfpnqk/unload-2025-05-16-16:50:51' WITH ( partitioned_by = ARRAY['partition_date'], max_file_size='2GB', format='PARQUET', encryption='SSE_S3', compression='NONE')
2025-05-16 09:53:11,149 - timestream_logger - INFO - UNLOAD IN PROGRESS for batch start_time >= 1992-03-24 00:00:00 and end_time < 1992-07-01 00:00:00 for la-idb-it-dbl4c4lnsxfz.la-idb-it-tablequz4rfpnqk 
2025-05-16 09:53:13,597 - timestream_logger - INFO - Progress Percentage for batch start_time >= 1992-03-24 00:00:00 and end_time < 1992-07-01 00:00:00 for la-idb-it-dbl4c4lnsxfz.la-idb-it-tablequz4rfpnqk : 100.0%
2025-05-16 09:53:13,640 - timestream_logger - INFO - {}
2025-05-16 09:53:13,641 - timestream_logger - INFO - Rows exported for batch start_time >= 1992-03-24 00:00:00 and end_time < 1992-07-01 00:00:00 for la-idb-it-dbl4c4lnsxfz.la-idb-it-tablequz4rfpnqk: 0
2025-05-16 09:53:13,641 - timestream_logger - INFO - DynamoDB logging is disabled. Skipping logging to DynamoDB.
2025-05-16 09:53:13,641 - timestream_logger - INFO - Building unload query for la-idb-it-dbl4c4lnsxfz.la-idb-it-tablequz4rfpnqk
2025-05-16 09:53:13,641 - timestream_logger - INFO - DynamoDB logging is disabled. Skipping logging to DynamoDB.
2025-05-16 09:53:13,641 - timestream_logger - INFO - Running unload query for la-idb-it-dbl4c4lnsxfz.la-idb-it-tablequz4rfpnqk
2025-05-16 09:53:13,642 - timestream_logger - INFO - QUERY EXECUTING: UNLOAD( SELECT *, DATE_FORMAT(time,'%Y-%m-%d') as partition_date FROM "la-idb-it-dbl4c4lnsxfz"."la-idb-it-tablequz4rfpnqk" WHERE time >= '1992-07-01 00:00:00' AND time < '1992-10-08 00:00:00') TO 's3://la-idb-it-bucket34a1of401x/la-idb-it-dbl4c4lnsxfz/la-idb-it-tablequz4rfpnqk/unload-2025-05-16-16:50:51' WITH ( partitioned_by = ARRAY['partition_date'], max_file_size='2GB', format='PARQUET', encryption='SSE_S3', compression='NONE')
2025-05-16 09:53:13,642 - timestream_logger - INFO - UNLOAD IN PROGRESS for batch start_time >= 1992-07-01 00:00:00 and end_time < 1992-10-08 00:00:00 for la-idb-it-dbl4c4lnsxfz.la-idb-it-tablequz4rfpnqk 
2025-05-16 09:53:15,109 - timestream_logger - INFO - Progress Percentage for batch start_time >= 1992-07-01 00:00:00 and end_time < 1992-10-08 00:00:00 for la-idb-it-dbl4c4lnsxfz.la-idb-it-tablequz4rfpnqk : 100.0%
2025-05-16 09:53:15,140 - timestream_logger - INFO - {}
2025-05-16 09:53:15,140 - timestream_logger - INFO - Rows exported for batch start_time >= 1992-07-01 00:00:00 and end_time < 1992-10-08 00:00:00 for la-idb-it-dbl4c4lnsxfz.la-idb-it-tablequz4rfpnqk: 0
2025-05-16 09:53:15,140 - timestream_logger - INFO - DynamoDB logging is disabled. Skipping logging to DynamoDB.
2025-05-16 09:53:15,140 - timestream_logger - INFO - Building unload query for la-idb-it-dbl4c4lnsxfz.la-idb-it-tablequz4rfpnqk
2025-05-16 09:53:15,141 - timestream_logger - INFO - DynamoDB logging is disabled. Skipping logging to DynamoDB.
2025-05-16 09:53:15,141 - timestream_logger - INFO - Running unload query for la-idb-it-dbl4c4lnsxfz.la-idb-it-tablequz4rfpnqk
2025-05-16 09:53:15,141 - timestream_logger - INFO - QUERY EXECUTING: UNLOAD( SELECT *, DATE_FORMAT(time,'%Y-%m-%d') as partition_date FROM "la-idb-it-dbl4c4lnsxfz"."la-idb-it-tablequz4rfpnqk" WHERE time >= '1992-10-08 00:00:00' AND time < '1993-01-15 00:00:00') TO 's3://la-idb-it-bucket34a1of401x/la-idb-it-dbl4c4lnsxfz/la-idb-it-tablequz4rfpnqk/unload-2025-05-16-16:50:51' WITH ( partitioned_by = ARRAY['partition_date'], max_file_size='2GB', format='PARQUET', encryption='SSE_S3', compression='NONE')
2025-05-16 09:53:15,141 - timestream_logger - INFO - UNLOAD IN PROGRESS for batch start_time >= 1992-10-08 00:00:00 and end_time < 1993-01-15 00:00:00 for la-idb-it-dbl4c4lnsxfz.la-idb-it-tablequz4rfpnqk 
2025-05-16 09:53:17,636 - timestream_logger - INFO - Progress Percentage for batch start_time >= 1992-10-08 00:00:00 and end_time < 1993-01-15 00:00:00 for la-idb-it-dbl4c4lnsxfz.la-idb-it-tablequz4rfpnqk : 100.0%
2025-05-16 09:53:17,675 - timestream_logger - INFO - {}
2025-05-16 09:53:17,676 - timestream_logger - INFO - Rows exported for batch start_time >= 1992-10-08 00:00:00 and end_time < 1993-01-15 00:00:00 for la-idb-it-dbl4c4lnsxfz.la-idb-it-tablequz4rfpnqk: 0
2025-05-16 09:53:17,676 - timestream_logger - INFO - DynamoDB logging is disabled. Skipping logging to DynamoDB.
2025-05-16 09:53:17,676 - timestream_logger - INFO - Building unload query for la-idb-it-dbl4c4lnsxfz.la-idb-it-tablequz4rfpnqk
2025-05-16 09:53:17,676 - timestream_logger - INFO - DynamoDB logging is disabled. Skipping logging to DynamoDB.
2025-05-16 09:53:17,677 - timestream_logger - INFO - Running unload query for la-idb-it-dbl4c4lnsxfz.la-idb-it-tablequz4rfpnqk
2025-05-16 09:53:17,677 - timestream_logger - INFO - QUERY EXECUTING: UNLOAD( SELECT *, DATE_FORMAT(time,'%Y-%m-%d') as partition_date FROM "la-idb-it-dbl4c4lnsxfz"."la-idb-it-tablequz4rfpnqk" WHERE time >= '1993-01-15 00:00:00' AND time < '1993-04-24 00:00:00') TO 's3://la-idb-it-bucket34a1of401x/la-idb-it-dbl4c4lnsxfz/la-idb-it-tablequz4rfpnqk/unload-2025-05-16-16:50:51' WITH ( partitioned_by = ARRAY['partition_date'], max_file_size='2GB', format='PARQUET', encryption='SSE_S3', compression='NONE')
2025-05-16 09:53:17,677 - timestream_logger - INFO - UNLOAD IN PROGRESS for batch start_time >= 1993-01-15 00:00:00 and end_time < 1993-04-24 00:00:00 for la-idb-it-dbl4c4lnsxfz.la-idb-it-tablequz4rfpnqk 
2025-05-16 09:53:19,508 - timestream_logger - INFO - Progress Percentage for batch start_time >= 1993-01-15 00:00:00 and end_time < 1993-04-24 00:00:00 for la-idb-it-dbl4c4lnsxfz.la-idb-it-tablequz4rfpnqk : 100.0%
2025-05-16 09:53:19,547 - timestream_logger - INFO - {}
2025-05-16 09:53:19,547 - timestream_logger - INFO - Rows exported for batch start_time >= 1993-01-15 00:00:00 and end_time < 1993-04-24 00:00:00 for la-idb-it-dbl4c4lnsxfz.la-idb-it-tablequz4rfpnqk: 0
2025-05-16 09:53:19,548 - timestream_logger - INFO - DynamoDB logging is disabled. Skipping logging to DynamoDB.
2025-05-16 09:53:19,548 - timestream_logger - INFO - Building unload query for la-idb-it-dbl4c4lnsxfz.la-idb-it-tablequz4rfpnqk
2025-05-16 09:53:19,548 - timestream_logger - INFO - DynamoDB logging is disabled. Skipping logging to DynamoDB.
2025-05-16 09:53:19,548 - timestream_logger - INFO - Running unload query for la-idb-it-dbl4c4lnsxfz.la-idb-it-tablequz4rfpnqk
2025-05-16 09:53:19,549 - timestream_logger - INFO - QUERY EXECUTING: UNLOAD( SELECT *, DATE_FORMAT(time,'%Y-%m-%d') as partition_date FROM "la-idb-it-dbl4c4lnsxfz"."la-idb-it-tablequz4rfpnqk" WHERE time >= '1993-04-24 00:00:00' AND time < '1993-08-01 00:00:00') TO 's3://la-idb-it-bucket34a1of401x/la-idb-it-dbl4c4lnsxfz/la-idb-it-tablequz4rfpnqk/unload-2025-05-16-16:50:51' WITH ( partitioned_by = ARRAY['partition_date'], max_file_size='2GB', format='PARQUET', encryption='SSE_S3', compression='NONE')
2025-05-16 09:53:19,549 - timestream_logger - INFO - UNLOAD IN PROGRESS for batch start_time >= 1993-04-24 00:00:00 and end_time < 1993-08-01 00:00:00 for la-idb-it-dbl4c4lnsxfz.la-idb-it-tablequz4rfpnqk 
2025-05-16 09:53:20,829 - timestream_logger - INFO - Progress Percentage for batch start_time >= 1993-04-24 00:00:00 and end_time < 1993-08-01 00:00:00 for la-idb-it-dbl4c4lnsxfz.la-idb-it-tablequz4rfpnqk : 100.0%
2025-05-16 09:53:20,863 - timestream_logger - INFO - {}
2025-05-16 09:53:20,863 - timestream_logger - INFO - Rows exported for batch start_time >= 1993-04-24 00:00:00 and end_time < 1993-08-01 00:00:00 for la-idb-it-dbl4c4lnsxfz.la-idb-it-tablequz4rfpnqk: 0
2025-05-16 09:53:20,863 - timestream_logger - INFO - DynamoDB logging is disabled. Skipping logging to DynamoDB.
2025-05-16 09:53:20,863 - timestream_logger - INFO - Building unload query for la-idb-it-dbl4c4lnsxfz.la-idb-it-tablequz4rfpnqk
2025-05-16 09:53:20,863 - timestream_logger - INFO - DynamoDB logging is disabled. Skipping logging to DynamoDB.
2025-05-16 09:53:20,863 - timestream_logger - INFO - Running unload query for la-idb-it-dbl4c4lnsxfz.la-idb-it-tablequz4rfpnqk
2025-05-16 09:53:20,863 - timestream_logger - INFO - QUERY EXECUTING: UNLOAD( SELECT *, DATE_FORMAT(time,'%Y-%m-%d') as partition_date FROM "la-idb-it-dbl4c4lnsxfz"."la-idb-it-tablequz4rfpnqk" WHERE time >= '1993-08-01 00:00:00' AND time < '1993-11-08 00:00:00') TO 's3://la-idb-it-bucket34a1of401x/la-idb-it-dbl4c4lnsxfz/la-idb-it-tablequz4rfpnqk/unload-2025-05-16-16:50:51' WITH ( partitioned_by = ARRAY['partition_date'], max_file_size='2GB', format='PARQUET', encryption='SSE_S3', compression='NONE')
2025-05-16 09:53:20,863 - timestream_logger - INFO - UNLOAD IN PROGRESS for batch start_time >= 1993-08-01 00:00:00 and end_time < 1993-11-08 00:00:00 for la-idb-it-dbl4c4lnsxfz.la-idb-it-tablequz4rfpnqk 
2025-05-16 09:53:23,599 - timestream_logger - INFO - Progress Percentage for batch start_time >= 1993-08-01 00:00:00 and end_time < 1993-11-08 00:00:00 for la-idb-it-dbl4c4lnsxfz.la-idb-it-tablequz4rfpnqk : 100.0%
2025-05-16 09:53:23,633 - timestream_logger - INFO - {}
2025-05-16 09:53:23,634 - timestream_logger - INFO - Rows exported for batch start_time >= 1993-08-01 00:00:00 and end_time < 1993-11-08 00:00:00 for la-idb-it-dbl4c4lnsxfz.la-idb-it-tablequz4rfpnqk: 0
2025-05-16 09:53:23,634 - timestream_logger - INFO - DynamoDB logging is disabled. Skipping logging to DynamoDB.
2025-05-16 09:53:23,634 - timestream_logger - INFO - Building unload query for la-idb-it-dbl4c4lnsxfz.la-idb-it-tablequz4rfpnqk
2025-05-16 09:53:23,634 - timestream_logger - INFO - DynamoDB logging is disabled. Skipping logging to DynamoDB.
2025-05-16 09:53:23,634 - timestream_logger - INFO - Running unload query for la-idb-it-dbl4c4lnsxfz.la-idb-it-tablequz4rfpnqk
2025-05-16 09:53:23,634 - timestream_logger - INFO - QUERY EXECUTING: UNLOAD( SELECT *, DATE_FORMAT(time,'%Y-%m-%d') as partition_date FROM "la-idb-it-dbl4c4lnsxfz"."la-idb-it-tablequz4rfpnqk" WHERE time >= '1993-11-08 00:00:00' AND time < '1994-02-15 00:00:00') TO 's3://la-idb-it-bucket34a1of401x/la-idb-it-dbl4c4lnsxfz/la-idb-it-tablequz4rfpnqk/unload-2025-05-16-16:50:51' WITH ( partitioned_by = ARRAY['partition_date'], max_file_size='2GB', format='PARQUET', encryption='SSE_S3', compression='NONE')
2025-05-16 09:53:23,634 - timestream_logger - INFO - UNLOAD IN PROGRESS for batch start_time >= 1993-11-08 00:00:00 and end_time < 1994-02-15 00:00:00 for la-idb-it-dbl4c4lnsxfz.la-idb-it-tablequz4rfpnqk 
2025-05-16 09:53:24,835 - timestream_logger - INFO - Progress Percentage for batch start_time >= 1993-11-08 00:00:00 and end_time < 1994-02-15 00:00:00 for la-idb-it-dbl4c4lnsxfz.la-idb-it-tablequz4rfpnqk : 100.0%
2025-05-16 09:53:24,867 - timestream_logger - INFO - {}
2025-05-16 09:53:24,867 - timestream_logger - INFO - Rows exported for batch start_time >= 1993-11-08 00:00:00 and end_time < 1994-02-15 00:00:00 for la-idb-it-dbl4c4lnsxfz.la-idb-it-tablequz4rfpnqk: 0
2025-05-16 09:53:24,867 - timestream_logger - INFO - DynamoDB logging is disabled. Skipping logging to DynamoDB.
2025-05-16 09:53:24,868 - timestream_logger - INFO - Building unload query for la-idb-it-dbl4c4lnsxfz.la-idb-it-tablequz4rfpnqk
2025-05-16 09:53:24,868 - timestream_logger - INFO - DynamoDB logging is disabled. Skipping logging to DynamoDB.
2025-05-16 09:53:24,868 - timestream_logger - INFO - Running unload query for la-idb-it-dbl4c4lnsxfz.la-idb-it-tablequz4rfpnqk
2025-05-16 09:53:24,868 - timestream_logger - INFO - QUERY EXECUTING: UNLOAD( SELECT *, DATE_FORMAT(time,'%Y-%m-%d') as partition_date FROM "la-idb-it-dbl4c4lnsxfz"."la-idb-it-tablequz4rfpnqk" WHERE time >= '1994-02-15 00:00:00' AND time < '1994-05-25 00:00:00') TO 's3://la-idb-it-bucket34a1of401x/la-idb-it-dbl4c4lnsxfz/la-idb-it-tablequz4rfpnqk/unload-2025-05-16-16:50:51' WITH ( partitioned_by = ARRAY['partition_date'], max_file_size='2GB', format='PARQUET', encryption='SSE_S3', compression='NONE')
2025-05-16 09:53:24,868 - timestream_logger - INFO - UNLOAD IN PROGRESS for batch start_time >= 1994-02-15 00:00:00 and end_time < 1994-05-25 00:00:00 for la-idb-it-dbl4c4lnsxfz.la-idb-it-tablequz4rfpnqk 
2025-05-16 09:53:28,056 - timestream_logger - INFO - Progress Percentage for batch start_time >= 1994-02-15 00:00:00 and end_time < 1994-05-25 00:00:00 for la-idb-it-dbl4c4lnsxfz.la-idb-it-tablequz4rfpnqk : 100.0%
2025-05-16 09:53:28,101 - timestream_logger - INFO - {}
2025-05-16 09:53:28,102 - timestream_logger - INFO - Rows exported for batch start_time >= 1994-02-15 00:00:00 and end_time < 1994-05-25 00:00:00 for la-idb-it-dbl4c4lnsxfz.la-idb-it-tablequz4rfpnqk: 0
2025-05-16 09:53:28,102 - timestream_logger - INFO - DynamoDB logging is disabled. Skipping logging to DynamoDB.
2025-05-16 09:53:28,102 - timestream_logger - INFO - Building unload query for la-idb-it-dbl4c4lnsxfz.la-idb-it-tablequz4rfpnqk
2025-05-16 09:53:28,103 - timestream_logger - INFO - DynamoDB logging is disabled. Skipping logging to DynamoDB.
2025-05-16 09:53:28,103 - timestream_logger - INFO - Running unload query for la-idb-it-dbl4c4lnsxfz.la-idb-it-tablequz4rfpnqk
2025-05-16 09:53:28,103 - timestream_logger - INFO - QUERY EXECUTING: UNLOAD( SELECT *, DATE_FORMAT(time,'%Y-%m-%d') as partition_date FROM "la-idb-it-dbl4c4lnsxfz"."la-idb-it-tablequz4rfpnqk" WHERE time >= '1994-05-25 00:00:00' AND time < '1994-09-01 00:00:00') TO 's3://la-idb-it-bucket34a1of401x/la-idb-it-dbl4c4lnsxfz/la-idb-it-tablequz4rfpnqk/unload-2025-05-16-16:50:51' WITH ( partitioned_by = ARRAY['partition_date'], max_file_size='2GB', format='PARQUET', encryption='SSE_S3', compression='NONE')
2025-05-16 09:53:28,103 - timestream_logger - INFO - UNLOAD IN PROGRESS for batch start_time >= 1994-05-25 00:00:00 and end_time < 1994-09-01 00:00:00 for la-idb-it-dbl4c4lnsxfz.la-idb-it-tablequz4rfpnqk 
2025-05-16 09:53:29,140 - timestream_logger - INFO - Progress Percentage for batch start_time >= 1994-05-25 00:00:00 and end_time < 1994-09-01 00:00:00 for la-idb-it-dbl4c4lnsxfz.la-idb-it-tablequz4rfpnqk : 100.0%
2025-05-16 09:53:29,186 - timestream_logger - INFO - {}
2025-05-16 09:53:29,186 - timestream_logger - INFO - Rows exported for batch start_time >= 1994-05-25 00:00:00 and end_time < 1994-09-01 00:00:00 for la-idb-it-dbl4c4lnsxfz.la-idb-it-tablequz4rfpnqk: 0
2025-05-16 09:53:29,187 - timestream_logger - INFO - DynamoDB logging is disabled. Skipping logging to DynamoDB.
2025-05-16 09:53:29,187 - timestream_logger - INFO - Building unload query for la-idb-it-dbl4c4lnsxfz.la-idb-it-tablequz4rfpnqk
2025-05-16 09:53:29,187 - timestream_logger - INFO - DynamoDB logging is disabled. Skipping logging to DynamoDB.
2025-05-16 09:53:29,187 - timestream_logger - INFO - Running unload query for la-idb-it-dbl4c4lnsxfz.la-idb-it-tablequz4rfpnqk
2025-05-16 09:53:29,187 - timestream_logger - INFO - QUERY EXECUTING: UNLOAD( SELECT *, DATE_FORMAT(time,'%Y-%m-%d') as partition_date FROM "la-idb-it-dbl4c4lnsxfz"."la-idb-it-tablequz4rfpnqk" WHERE time >= '1994-09-01 00:00:00' AND time < '1994-12-09 00:00:00') TO 's3://la-idb-it-bucket34a1of401x/la-idb-it-dbl4c4lnsxfz/la-idb-it-tablequz4rfpnqk/unload-2025-05-16-16:50:51' WITH ( partitioned_by = ARRAY['partition_date'], max_file_size='2GB', format='PARQUET', encryption='SSE_S3', compression='NONE')
2025-05-16 09:53:29,187 - timestream_logger - INFO - UNLOAD IN PROGRESS for batch start_time >= 1994-09-01 00:00:00 and end_time < 1994-12-09 00:00:00 for la-idb-it-dbl4c4lnsxfz.la-idb-it-tablequz4rfpnqk 
2025-05-16 09:53:30,880 - timestream_logger - INFO - Progress Percentage for batch start_time >= 1994-09-01 00:00:00 and end_time < 1994-12-09 00:00:00 for la-idb-it-dbl4c4lnsxfz.la-idb-it-tablequz4rfpnqk : 100.0%
2025-05-16 09:53:30,924 - timestream_logger - INFO - {}
2025-05-16 09:53:30,924 - timestream_logger - INFO - Rows exported for batch start_time >= 1994-09-01 00:00:00 and end_time < 1994-12-09 00:00:00 for la-idb-it-dbl4c4lnsxfz.la-idb-it-tablequz4rfpnqk: 0
2025-05-16 09:53:30,925 - timestream_logger - INFO - DynamoDB logging is disabled. Skipping logging to DynamoDB.
2025-05-16 09:53:30,925 - timestream_logger - INFO - Building unload query for la-idb-it-dbl4c4lnsxfz.la-idb-it-tablequz4rfpnqk
2025-05-16 09:53:30,925 - timestream_logger - INFO - DynamoDB logging is disabled. Skipping logging to DynamoDB.
2025-05-16 09:53:30,926 - timestream_logger - INFO - Running unload query for la-idb-it-dbl4c4lnsxfz.la-idb-it-tablequz4rfpnqk
2025-05-16 09:53:30,926 - timestream_logger - INFO - QUERY EXECUTING: UNLOAD( SELECT *, DATE_FORMAT(time,'%Y-%m-%d') as partition_date FROM "la-idb-it-dbl4c4lnsxfz"."la-idb-it-tablequz4rfpnqk" WHERE time >= '1994-12-09 00:00:00' AND time < '1995-03-18 00:00:00') TO 's3://la-idb-it-bucket34a1of401x/la-idb-it-dbl4c4lnsxfz/la-idb-it-tablequz4rfpnqk/unload-2025-05-16-16:50:51' WITH ( partitioned_by = ARRAY['partition_date'], max_file_size='2GB', format='PARQUET', encryption='SSE_S3', compression='NONE')
2025-05-16 09:53:30,926 - timestream_logger - INFO - UNLOAD IN PROGRESS for batch start_time >= 1994-12-09 00:00:00 and end_time < 1995-03-18 00:00:00 for la-idb-it-dbl4c4lnsxfz.la-idb-it-tablequz4rfpnqk 
2025-05-16 09:53:32,038 - timestream_logger - INFO - Progress Percentage for batch start_time >= 1994-12-09 00:00:00 and end_time < 1995-03-18 00:00:00 for la-idb-it-dbl4c4lnsxfz.la-idb-it-tablequz4rfpnqk : 100.0%
2025-05-16 09:53:32,076 - timestream_logger - INFO - {}
2025-05-16 09:53:32,076 - timestream_logger - INFO - Rows exported for batch start_time >= 1994-12-09 00:00:00 and end_time < 1995-03-18 00:00:00 for la-idb-it-dbl4c4lnsxfz.la-idb-it-tablequz4rfpnqk: 0
2025-05-16 09:53:32,076 - timestream_logger - INFO - DynamoDB logging is disabled. Skipping logging to DynamoDB.
2025-05-16 09:53:32,077 - timestream_logger - INFO - Building unload query for la-idb-it-dbl4c4lnsxfz.la-idb-it-tablequz4rfpnqk
2025-05-16 09:53:32,077 - timestream_logger - INFO - DynamoDB logging is disabled. Skipping logging to DynamoDB.
2025-05-16 09:53:32,077 - timestream_logger - INFO - Running unload query for la-idb-it-dbl4c4lnsxfz.la-idb-it-tablequz4rfpnqk
2025-05-16 09:53:32,077 - timestream_logger - INFO - QUERY EXECUTING: UNLOAD( SELECT *, DATE_FORMAT(time,'%Y-%m-%d') as partition_date FROM "la-idb-it-dbl4c4lnsxfz"."la-idb-it-tablequz4rfpnqk" WHERE time >= '1995-03-18 00:00:00' AND time < '1995-06-25 00:00:00') TO 's3://la-idb-it-bucket34a1of401x/la-idb-it-dbl4c4lnsxfz/la-idb-it-tablequz4rfpnqk/unload-2025-05-16-16:50:51' WITH ( partitioned_by = ARRAY['partition_date'], max_file_size='2GB', format='PARQUET', encryption='SSE_S3', compression='NONE')
2025-05-16 09:53:32,078 - timestream_logger - INFO - UNLOAD IN PROGRESS for batch start_time >= 1995-03-18 00:00:00 and end_time < 1995-06-25 00:00:00 for la-idb-it-dbl4c4lnsxfz.la-idb-it-tablequz4rfpnqk 
2025-05-16 09:53:33,919 - timestream_logger - INFO - Progress Percentage for batch start_time >= 1995-03-18 00:00:00 and end_time < 1995-06-25 00:00:00 for la-idb-it-dbl4c4lnsxfz.la-idb-it-tablequz4rfpnqk : 100.0%
2025-05-16 09:53:33,960 - timestream_logger - INFO - {}
2025-05-16 09:53:33,961 - timestream_logger - INFO - Rows exported for batch start_time >= 1995-03-18 00:00:00 and end_time < 1995-06-25 00:00:00 for la-idb-it-dbl4c4lnsxfz.la-idb-it-tablequz4rfpnqk: 0
2025-05-16 09:53:33,961 - timestream_logger - INFO - DynamoDB logging is disabled. Skipping logging to DynamoDB.
2025-05-16 09:53:33,962 - timestream_logger - INFO - Building unload query for la-idb-it-dbl4c4lnsxfz.la-idb-it-tablequz4rfpnqk
2025-05-16 09:53:33,962 - timestream_logger - INFO - DynamoDB logging is disabled. Skipping logging to DynamoDB.
2025-05-16 09:53:33,962 - timestream_logger - INFO - Running unload query for la-idb-it-dbl4c4lnsxfz.la-idb-it-tablequz4rfpnqk
2025-05-16 09:53:33,962 - timestream_logger - INFO - QUERY EXECUTING: UNLOAD( SELECT *, DATE_FORMAT(time,'%Y-%m-%d') as partition_date FROM "la-idb-it-dbl4c4lnsxfz"."la-idb-it-tablequz4rfpnqk" WHERE time >= '1995-06-25 00:00:00' AND time < '1995-10-02 00:00:00') TO 's3://la-idb-it-bucket34a1of401x/la-idb-it-dbl4c4lnsxfz/la-idb-it-tablequz4rfpnqk/unload-2025-05-16-16:50:51' WITH ( partitioned_by = ARRAY['partition_date'], max_file_size='2GB', format='PARQUET', encryption='SSE_S3', compression='NONE')
2025-05-16 09:53:33,963 - timestream_logger - INFO - UNLOAD IN PROGRESS for batch start_time >= 1995-06-25 00:00:00 and end_time < 1995-10-02 00:00:00 for la-idb-it-dbl4c4lnsxfz.la-idb-it-tablequz4rfpnqk 
2025-05-16 09:53:36,282 - timestream_logger - INFO - Progress Percentage for batch start_time >= 1995-06-25 00:00:00 and end_time < 1995-10-02 00:00:00 for la-idb-it-dbl4c4lnsxfz.la-idb-it-tablequz4rfpnqk : 100.0%
2025-05-16 09:53:36,323 - timestream_logger - INFO - {}
2025-05-16 09:53:36,325 - timestream_logger - INFO - Rows exported for batch start_time >= 1995-06-25 00:00:00 and end_time < 1995-10-02 00:00:00 for la-idb-it-dbl4c4lnsxfz.la-idb-it-tablequz4rfpnqk: 0
2025-05-16 09:53:36,326 - timestream_logger - INFO - DynamoDB logging is disabled. Skipping logging to DynamoDB.
2025-05-16 09:53:36,326 - timestream_logger - INFO - Building unload query for la-idb-it-dbl4c4lnsxfz.la-idb-it-tablequz4rfpnqk
2025-05-16 09:53:36,327 - timestream_logger - INFO - DynamoDB logging is disabled. Skipping logging to DynamoDB.
2025-05-16 09:53:36,327 - timestream_logger - INFO - Running unload query for la-idb-it-dbl4c4lnsxfz.la-idb-it-tablequz4rfpnqk
2025-05-16 09:53:36,328 - timestream_logger - INFO - QUERY EXECUTING: UNLOAD( SELECT *, DATE_FORMAT(time,'%Y-%m-%d') as partition_date FROM "la-idb-it-dbl4c4lnsxfz"."la-idb-it-tablequz4rfpnqk" WHERE time >= '1995-10-02 00:00:00' AND time < '1996-01-09 00:00:00') TO 's3://la-idb-it-bucket34a1of401x/la-idb-it-dbl4c4lnsxfz/la-idb-it-tablequz4rfpnqk/unload-2025-05-16-16:50:51' WITH ( partitioned_by = ARRAY['partition_date'], max_file_size='2GB', format='PARQUET', encryption='SSE_S3', compression='NONE')
2025-05-16 09:53:36,328 - timestream_logger - INFO - UNLOAD IN PROGRESS for batch start_time >= 1995-10-02 00:00:00 and end_time < 1996-01-09 00:00:00 for la-idb-it-dbl4c4lnsxfz.la-idb-it-tablequz4rfpnqk 
2025-05-16 09:53:38,653 - timestream_logger - INFO - Progress Percentage for batch start_time >= 1995-10-02 00:00:00 and end_time < 1996-01-09 00:00:00 for la-idb-it-dbl4c4lnsxfz.la-idb-it-tablequz4rfpnqk : 100.0%
2025-05-16 09:53:38,692 - timestream_logger - INFO - {}
2025-05-16 09:53:38,692 - timestream_logger - INFO - Rows exported for batch start_time >= 1995-10-02 00:00:00 and end_time < 1996-01-09 00:00:00 for la-idb-it-dbl4c4lnsxfz.la-idb-it-tablequz4rfpnqk: 0
2025-05-16 09:53:38,692 - timestream_logger - INFO - DynamoDB logging is disabled. Skipping logging to DynamoDB.
2025-05-16 09:53:38,693 - timestream_logger - INFO - Building unload query for la-idb-it-dbl4c4lnsxfz.la-idb-it-tablequz4rfpnqk
2025-05-16 09:53:38,693 - timestream_logger - INFO - DynamoDB logging is disabled. Skipping logging to DynamoDB.
2025-05-16 09:53:38,693 - timestream_logger - INFO - Running unload query for la-idb-it-dbl4c4lnsxfz.la-idb-it-tablequz4rfpnqk
2025-05-16 09:53:38,694 - timestream_logger - INFO - QUERY EXECUTING: UNLOAD( SELECT *, DATE_FORMAT(time,'%Y-%m-%d') as partition_date FROM "la-idb-it-dbl4c4lnsxfz"."la-idb-it-tablequz4rfpnqk" WHERE time >= '1996-01-09 00:00:00' AND time < '1996-04-17 00:00:00') TO 's3://la-idb-it-bucket34a1of401x/la-idb-it-dbl4c4lnsxfz/la-idb-it-tablequz4rfpnqk/unload-2025-05-16-16:50:51' WITH ( partitioned_by = ARRAY['partition_date'], max_file_size='2GB', format='PARQUET', encryption='SSE_S3', compression='NONE')
2025-05-16 09:53:38,694 - timestream_logger - INFO - UNLOAD IN PROGRESS for batch start_time >= 1996-01-09 00:00:00 and end_time < 1996-04-17 00:00:00 for la-idb-it-dbl4c4lnsxfz.la-idb-it-tablequz4rfpnqk 
2025-05-16 09:53:41,145 - timestream_logger - INFO - Progress Percentage for batch start_time >= 1996-01-09 00:00:00 and end_time < 1996-04-17 00:00:00 for la-idb-it-dbl4c4lnsxfz.la-idb-it-tablequz4rfpnqk : 100.0%
2025-05-16 09:53:41,186 - timestream_logger - INFO - {}
2025-05-16 09:53:41,188 - timestream_logger - INFO - Rows exported for batch start_time >= 1996-01-09 00:00:00 and end_time < 1996-04-17 00:00:00 for la-idb-it-dbl4c4lnsxfz.la-idb-it-tablequz4rfpnqk: 0
2025-05-16 09:53:41,188 - timestream_logger - INFO - DynamoDB logging is disabled. Skipping logging to DynamoDB.
2025-05-16 09:53:41,189 - timestream_logger - INFO - Building unload query for la-idb-it-dbl4c4lnsxfz.la-idb-it-tablequz4rfpnqk
2025-05-16 09:53:41,189 - timestream_logger - INFO - DynamoDB logging is disabled. Skipping logging to DynamoDB.
2025-05-16 09:53:41,195 - timestream_logger - INFO - Running unload query for la-idb-it-dbl4c4lnsxfz.la-idb-it-tablequz4rfpnqk
2025-05-16 09:53:41,195 - timestream_logger - INFO - QUERY EXECUTING: UNLOAD( SELECT *, DATE_FORMAT(time,'%Y-%m-%d') as partition_date FROM "la-idb-it-dbl4c4lnsxfz"."la-idb-it-tablequz4rfpnqk" WHERE time >= '1996-04-17 00:00:00' AND time < '1996-07-25 00:00:00') TO 's3://la-idb-it-bucket34a1of401x/la-idb-it-dbl4c4lnsxfz/la-idb-it-tablequz4rfpnqk/unload-2025-05-16-16:50:51' WITH ( partitioned_by = ARRAY['partition_date'], max_file_size='2GB', format='PARQUET', encryption='SSE_S3', compression='NONE')
2025-05-16 09:53:41,195 - timestream_logger - INFO - UNLOAD IN PROGRESS for batch start_time >= 1996-04-17 00:00:00 and end_time < 1996-07-25 00:00:00 for la-idb-it-dbl4c4lnsxfz.la-idb-it-tablequz4rfpnqk 
2025-05-16 09:53:42,507 - timestream_logger - INFO - Progress Percentage for batch start_time >= 1996-04-17 00:00:00 and end_time < 1996-07-25 00:00:00 for la-idb-it-dbl4c4lnsxfz.la-idb-it-tablequz4rfpnqk : 100.0%
2025-05-16 09:53:42,549 - timestream_logger - INFO - {}
2025-05-16 09:53:42,549 - timestream_logger - INFO - Rows exported for batch start_time >= 1996-04-17 00:00:00 and end_time < 1996-07-25 00:00:00 for la-idb-it-dbl4c4lnsxfz.la-idb-it-tablequz4rfpnqk: 0
2025-05-16 09:53:42,549 - timestream_logger - INFO - DynamoDB logging is disabled. Skipping logging to DynamoDB.
2025-05-16 09:53:42,550 - timestream_logger - INFO - Building unload query for la-idb-it-dbl4c4lnsxfz.la-idb-it-tablequz4rfpnqk
2025-05-16 09:53:42,550 - timestream_logger - INFO - DynamoDB logging is disabled. Skipping logging to DynamoDB.
2025-05-16 09:53:42,550 - timestream_logger - INFO - Running unload query for la-idb-it-dbl4c4lnsxfz.la-idb-it-tablequz4rfpnqk
2025-05-16 09:53:42,551 - timestream_logger - INFO - QUERY EXECUTING: UNLOAD( SELECT *, DATE_FORMAT(time,'%Y-%m-%d') as partition_date FROM "la-idb-it-dbl4c4lnsxfz"."la-idb-it-tablequz4rfpnqk" WHERE time >= '1996-07-25 00:00:00' AND time < '1996-11-01 00:00:00') TO 's3://la-idb-it-bucket34a1of401x/la-idb-it-dbl4c4lnsxfz/la-idb-it-tablequz4rfpnqk/unload-2025-05-16-16:50:51' WITH ( partitioned_by = ARRAY['partition_date'], max_file_size='2GB', format='PARQUET', encryption='SSE_S3', compression='NONE')
2025-05-16 09:53:42,551 - timestream_logger - INFO - UNLOAD IN PROGRESS for batch start_time >= 1996-07-25 00:00:00 and end_time < 1996-11-01 00:00:00 for la-idb-it-dbl4c4lnsxfz.la-idb-it-tablequz4rfpnqk 
2025-05-16 09:53:44,497 - timestream_logger - INFO - Progress Percentage for batch start_time >= 1996-07-25 00:00:00 and end_time < 1996-11-01 00:00:00 for la-idb-it-dbl4c4lnsxfz.la-idb-it-tablequz4rfpnqk : 100.0%
2025-05-16 09:53:44,611 - timestream_logger - INFO - {}
2025-05-16 09:53:44,612 - timestream_logger - INFO - Rows exported for batch start_time >= 1996-07-25 00:00:00 and end_time < 1996-11-01 00:00:00 for la-idb-it-dbl4c4lnsxfz.la-idb-it-tablequz4rfpnqk: 0
2025-05-16 09:53:44,612 - timestream_logger - INFO - DynamoDB logging is disabled. Skipping logging to DynamoDB.
2025-05-16 09:53:44,612 - timestream_logger - INFO - Building unload query for la-idb-it-dbl4c4lnsxfz.la-idb-it-tablequz4rfpnqk
2025-05-16 09:53:44,612 - timestream_logger - INFO - DynamoDB logging is disabled. Skipping logging to DynamoDB.
2025-05-16 09:53:44,612 - timestream_logger - INFO - Running unload query for la-idb-it-dbl4c4lnsxfz.la-idb-it-tablequz4rfpnqk
2025-05-16 09:53:44,612 - timestream_logger - INFO - QUERY EXECUTING: UNLOAD( SELECT *, DATE_FORMAT(time,'%Y-%m-%d') as partition_date FROM "la-idb-it-dbl4c4lnsxfz"."la-idb-it-tablequz4rfpnqk" WHERE time >= '1996-11-01 00:00:00' AND time < '1997-02-08 00:00:00') TO 's3://la-idb-it-bucket34a1of401x/la-idb-it-dbl4c4lnsxfz/la-idb-it-tablequz4rfpnqk/unload-2025-05-16-16:50:51' WITH ( partitioned_by = ARRAY['partition_date'], max_file_size='2GB', format='PARQUET', encryption='SSE_S3', compression='NONE')
2025-05-16 09:53:44,612 - timestream_logger - INFO - UNLOAD IN PROGRESS for batch start_time >= 1996-11-01 00:00:00 and end_time < 1997-02-08 00:00:00 for la-idb-it-dbl4c4lnsxfz.la-idb-it-tablequz4rfpnqk 
2025-05-16 09:53:45,509 - timestream_logger - INFO - Progress Percentage for batch start_time >= 1996-11-01 00:00:00 and end_time < 1997-02-08 00:00:00 for la-idb-it-dbl4c4lnsxfz.la-idb-it-tablequz4rfpnqk : 100.0%
2025-05-16 09:53:45,543 - timestream_logger - INFO - {}
2025-05-16 09:53:45,543 - timestream_logger - INFO - Rows exported for batch start_time >= 1996-11-01 00:00:00 and end_time < 1997-02-08 00:00:00 for la-idb-it-dbl4c4lnsxfz.la-idb-it-tablequz4rfpnqk: 0
2025-05-16 09:53:45,543 - timestream_logger - INFO - DynamoDB logging is disabled. Skipping logging to DynamoDB.
2025-05-16 09:53:45,543 - timestream_logger - INFO - Building unload query for la-idb-it-dbl4c4lnsxfz.la-idb-it-tablequz4rfpnqk
2025-05-16 09:53:45,543 - timestream_logger - INFO - DynamoDB logging is disabled. Skipping logging to DynamoDB.
2025-05-16 09:53:45,543 - timestream_logger - INFO - Running unload query for la-idb-it-dbl4c4lnsxfz.la-idb-it-tablequz4rfpnqk
2025-05-16 09:53:45,544 - timestream_logger - INFO - QUERY EXECUTING: UNLOAD( SELECT *, DATE_FORMAT(time,'%Y-%m-%d') as partition_date FROM "la-idb-it-dbl4c4lnsxfz"."la-idb-it-tablequz4rfpnqk" WHERE time >= '1997-02-08 00:00:00' AND time < '1997-05-18 00:00:00') TO 's3://la-idb-it-bucket34a1of401x/la-idb-it-dbl4c4lnsxfz/la-idb-it-tablequz4rfpnqk/unload-2025-05-16-16:50:51' WITH ( partitioned_by = ARRAY['partition_date'], max_file_size='2GB', format='PARQUET', encryption='SSE_S3', compression='NONE')
2025-05-16 09:53:45,544 - timestream_logger - INFO - UNLOAD IN PROGRESS for batch start_time >= 1997-02-08 00:00:00 and end_time < 1997-05-18 00:00:00 for la-idb-it-dbl4c4lnsxfz.la-idb-it-tablequz4rfpnqk 
2025-05-16 09:53:48,186 - timestream_logger - INFO - Progress Percentage for batch start_time >= 1997-02-08 00:00:00 and end_time < 1997-05-18 00:00:00 for la-idb-it-dbl4c4lnsxfz.la-idb-it-tablequz4rfpnqk : 100.0%
2025-05-16 09:53:48,229 - timestream_logger - INFO - {}
2025-05-16 09:53:48,229 - timestream_logger - INFO - Rows exported for batch start_time >= 1997-02-08 00:00:00 and end_time < 1997-05-18 00:00:00 for la-idb-it-dbl4c4lnsxfz.la-idb-it-tablequz4rfpnqk: 0
2025-05-16 09:53:48,229 - timestream_logger - INFO - DynamoDB logging is disabled. Skipping logging to DynamoDB.
2025-05-16 09:53:48,230 - timestream_logger - INFO - Building unload query for la-idb-it-dbl4c4lnsxfz.la-idb-it-tablequz4rfpnqk
2025-05-16 09:53:48,230 - timestream_logger - INFO - DynamoDB logging is disabled. Skipping logging to DynamoDB.
2025-05-16 09:53:48,230 - timestream_logger - INFO - Running unload query for la-idb-it-dbl4c4lnsxfz.la-idb-it-tablequz4rfpnqk
2025-05-16 09:53:48,230 - timestream_logger - INFO - QUERY EXECUTING: UNLOAD( SELECT *, DATE_FORMAT(time,'%Y-%m-%d') as partition_date FROM "la-idb-it-dbl4c4lnsxfz"."la-idb-it-tablequz4rfpnqk" WHERE time >= '1997-05-18 00:00:00' AND time < '1997-08-25 00:00:00') TO 's3://la-idb-it-bucket34a1of401x/la-idb-it-dbl4c4lnsxfz/la-idb-it-tablequz4rfpnqk/unload-2025-05-16-16:50:51' WITH ( partitioned_by = ARRAY['partition_date'], max_file_size='2GB', format='PARQUET', encryption='SSE_S3', compression='NONE')
2025-05-16 09:53:48,231 - timestream_logger - INFO - UNLOAD IN PROGRESS for batch start_time >= 1997-05-18 00:00:00 and end_time < 1997-08-25 00:00:00 for la-idb-it-dbl4c4lnsxfz.la-idb-it-tablequz4rfpnqk 
2025-05-16 09:53:49,324 - timestream_logger - INFO - Progress Percentage for batch start_time >= 1997-05-18 00:00:00 and end_time < 1997-08-25 00:00:00 for la-idb-it-dbl4c4lnsxfz.la-idb-it-tablequz4rfpnqk : 100.0%
2025-05-16 09:53:49,358 - timestream_logger - INFO - {}
2025-05-16 09:53:49,358 - timestream_logger - INFO - Rows exported for batch start_time >= 1997-05-18 00:00:00 and end_time < 1997-08-25 00:00:00 for la-idb-it-dbl4c4lnsxfz.la-idb-it-tablequz4rfpnqk: 0
2025-05-16 09:53:49,358 - timestream_logger - INFO - DynamoDB logging is disabled. Skipping logging to DynamoDB.
2025-05-16 09:53:49,359 - timestream_logger - INFO - Building unload query for la-idb-it-dbl4c4lnsxfz.la-idb-it-tablequz4rfpnqk
2025-05-16 09:53:49,359 - timestream_logger - INFO - DynamoDB logging is disabled. Skipping logging to DynamoDB.
2025-05-16 09:53:49,359 - timestream_logger - INFO - Running unload query for la-idb-it-dbl4c4lnsxfz.la-idb-it-tablequz4rfpnqk
2025-05-16 09:53:49,359 - timestream_logger - INFO - QUERY EXECUTING: UNLOAD( SELECT *, DATE_FORMAT(time,'%Y-%m-%d') as partition_date FROM "la-idb-it-dbl4c4lnsxfz"."la-idb-it-tablequz4rfpnqk" WHERE time >= '1997-08-25 00:00:00' AND time < '1997-12-02 00:00:00') TO 's3://la-idb-it-bucket34a1of401x/la-idb-it-dbl4c4lnsxfz/la-idb-it-tablequz4rfpnqk/unload-2025-05-16-16:50:51' WITH ( partitioned_by = ARRAY['partition_date'], max_file_size='2GB', format='PARQUET', encryption='SSE_S3', compression='NONE')
2025-05-16 09:53:49,359 - timestream_logger - INFO - UNLOAD IN PROGRESS for batch start_time >= 1997-08-25 00:00:00 and end_time < 1997-12-02 00:00:00 for la-idb-it-dbl4c4lnsxfz.la-idb-it-tablequz4rfpnqk 
2025-05-16 09:53:50,479 - timestream_logger - INFO - Progress Percentage for batch start_time >= 1997-08-25 00:00:00 and end_time < 1997-12-02 00:00:00 for la-idb-it-dbl4c4lnsxfz.la-idb-it-tablequz4rfpnqk : 100.0%
2025-05-16 09:53:50,511 - timestream_logger - INFO - {}
2025-05-16 09:53:50,511 - timestream_logger - INFO - Rows exported for batch start_time >= 1997-08-25 00:00:00 and end_time < 1997-12-02 00:00:00 for la-idb-it-dbl4c4lnsxfz.la-idb-it-tablequz4rfpnqk: 0
2025-05-16 09:53:50,511 - timestream_logger - INFO - DynamoDB logging is disabled. Skipping logging to DynamoDB.
2025-05-16 09:53:50,511 - timestream_logger - INFO - Building unload query for la-idb-it-dbl4c4lnsxfz.la-idb-it-tablequz4rfpnqk
2025-05-16 09:53:50,511 - timestream_logger - INFO - DynamoDB logging is disabled. Skipping logging to DynamoDB.
2025-05-16 09:53:50,511 - timestream_logger - INFO - Running unload query for la-idb-it-dbl4c4lnsxfz.la-idb-it-tablequz4rfpnqk
2025-05-16 09:53:50,511 - timestream_logger - INFO - QUERY EXECUTING: UNLOAD( SELECT *, DATE_FORMAT(time,'%Y-%m-%d') as partition_date FROM "la-idb-it-dbl4c4lnsxfz"."la-idb-it-tablequz4rfpnqk" WHERE time >= '1997-12-02 00:00:00' AND time < '1998-03-11 00:00:00') TO 's3://la-idb-it-bucket34a1of401x/la-idb-it-dbl4c4lnsxfz/la-idb-it-tablequz4rfpnqk/unload-2025-05-16-16:50:51' WITH ( partitioned_by = ARRAY['partition_date'], max_file_size='2GB', format='PARQUET', encryption='SSE_S3', compression='NONE')
2025-05-16 09:53:50,512 - timestream_logger - INFO - UNLOAD IN PROGRESS for batch start_time >= 1997-12-02 00:00:00 and end_time < 1998-03-11 00:00:00 for la-idb-it-dbl4c4lnsxfz.la-idb-it-tablequz4rfpnqk 
2025-05-16 09:53:51,826 - timestream_logger - INFO - Progress Percentage for batch start_time >= 1997-12-02 00:00:00 and end_time < 1998-03-11 00:00:00 for la-idb-it-dbl4c4lnsxfz.la-idb-it-tablequz4rfpnqk : 100.0%
2025-05-16 09:53:51,868 - timestream_logger - INFO - {}
2025-05-16 09:53:51,868 - timestream_logger - INFO - Rows exported for batch start_time >= 1997-12-02 00:00:00 and end_time < 1998-03-11 00:00:00 for la-idb-it-dbl4c4lnsxfz.la-idb-it-tablequz4rfpnqk: 0
2025-05-16 09:53:51,868 - timestream_logger - INFO - DynamoDB logging is disabled. Skipping logging to DynamoDB.
2025-05-16 09:53:51,869 - timestream_logger - INFO - Building unload query for la-idb-it-dbl4c4lnsxfz.la-idb-it-tablequz4rfpnqk
2025-05-16 09:53:51,869 - timestream_logger - INFO - DynamoDB logging is disabled. Skipping logging to DynamoDB.
2025-05-16 09:53:51,869 - timestream_logger - INFO - Running unload query for la-idb-it-dbl4c4lnsxfz.la-idb-it-tablequz4rfpnqk
2025-05-16 09:53:51,871 - timestream_logger - INFO - QUERY EXECUTING: UNLOAD( SELECT *, DATE_FORMAT(time,'%Y-%m-%d') as partition_date FROM "la-idb-it-dbl4c4lnsxfz"."la-idb-it-tablequz4rfpnqk" WHERE time >= '1998-03-11 00:00:00' AND time < '1998-06-18 00:00:00') TO 's3://la-idb-it-bucket34a1of401x/la-idb-it-dbl4c4lnsxfz/la-idb-it-tablequz4rfpnqk/unload-2025-05-16-16:50:51' WITH ( partitioned_by = ARRAY['partition_date'], max_file_size='2GB', format='PARQUET', encryption='SSE_S3', compression='NONE')
2025-05-16 09:53:51,871 - timestream_logger - INFO - UNLOAD IN PROGRESS for batch start_time >= 1998-03-11 00:00:00 and end_time < 1998-06-18 00:00:00 for la-idb-it-dbl4c4lnsxfz.la-idb-it-tablequz4rfpnqk 
2025-05-16 09:53:52,865 - timestream_logger - INFO - Progress Percentage for batch start_time >= 1998-03-11 00:00:00 and end_time < 1998-06-18 00:00:00 for la-idb-it-dbl4c4lnsxfz.la-idb-it-tablequz4rfpnqk : 100.0%
2025-05-16 09:53:52,906 - timestream_logger - INFO - {}
2025-05-16 09:53:52,906 - timestream_logger - INFO - Rows exported for batch start_time >= 1998-03-11 00:00:00 and end_time < 1998-06-18 00:00:00 for la-idb-it-dbl4c4lnsxfz.la-idb-it-tablequz4rfpnqk: 0
2025-05-16 09:53:52,907 - timestream_logger - INFO - DynamoDB logging is disabled. Skipping logging to DynamoDB.
2025-05-16 09:53:52,907 - timestream_logger - INFO - Building unload query for la-idb-it-dbl4c4lnsxfz.la-idb-it-tablequz4rfpnqk
2025-05-16 09:53:52,907 - timestream_logger - INFO - DynamoDB logging is disabled. Skipping logging to DynamoDB.
2025-05-16 09:53:52,907 - timestream_logger - INFO - Running unload query for la-idb-it-dbl4c4lnsxfz.la-idb-it-tablequz4rfpnqk
2025-05-16 09:53:52,907 - timestream_logger - INFO - QUERY EXECUTING: UNLOAD( SELECT *, DATE_FORMAT(time,'%Y-%m-%d') as partition_date FROM "la-idb-it-dbl4c4lnsxfz"."la-idb-it-tablequz4rfpnqk" WHERE time >= '1998-06-18 00:00:00' AND time < '1998-09-25 00:00:00') TO 's3://la-idb-it-bucket34a1of401x/la-idb-it-dbl4c4lnsxfz/la-idb-it-tablequz4rfpnqk/unload-2025-05-16-16:50:51' WITH ( partitioned_by = ARRAY['partition_date'], max_file_size='2GB', format='PARQUET', encryption='SSE_S3', compression='NONE')
2025-05-16 09:53:52,908 - timestream_logger - INFO - UNLOAD IN PROGRESS for batch start_time >= 1998-06-18 00:00:00 and end_time < 1998-09-25 00:00:00 for la-idb-it-dbl4c4lnsxfz.la-idb-it-tablequz4rfpnqk 
2025-05-16 09:53:53,879 - timestream_logger - INFO - Progress Percentage for batch start_time >= 1998-06-18 00:00:00 and end_time < 1998-09-25 00:00:00 for la-idb-it-dbl4c4lnsxfz.la-idb-it-tablequz4rfpnqk : 100.0%
2025-05-16 09:53:53,918 - timestream_logger - INFO - {}
2025-05-16 09:53:53,918 - timestream_logger - INFO - Rows exported for batch start_time >= 1998-06-18 00:00:00 and end_time < 1998-09-25 00:00:00 for la-idb-it-dbl4c4lnsxfz.la-idb-it-tablequz4rfpnqk: 0
2025-05-16 09:53:53,918 - timestream_logger - INFO - DynamoDB logging is disabled. Skipping logging to DynamoDB.
2025-05-16 09:53:53,919 - timestream_logger - INFO - Building unload query for la-idb-it-dbl4c4lnsxfz.la-idb-it-tablequz4rfpnqk
2025-05-16 09:53:53,919 - timestream_logger - INFO - DynamoDB logging is disabled. Skipping logging to DynamoDB.
2025-05-16 09:53:53,919 - timestream_logger - INFO - Running unload query for la-idb-it-dbl4c4lnsxfz.la-idb-it-tablequz4rfpnqk
2025-05-16 09:53:53,920 - timestream_logger - INFO - QUERY EXECUTING: UNLOAD( SELECT *, DATE_FORMAT(time,'%Y-%m-%d') as partition_date FROM "la-idb-it-dbl4c4lnsxfz"."la-idb-it-tablequz4rfpnqk" WHERE time >= '1998-09-25 00:00:00' AND time < '1999-01-02 00:00:00') TO 's3://la-idb-it-bucket34a1of401x/la-idb-it-dbl4c4lnsxfz/la-idb-it-tablequz4rfpnqk/unload-2025-05-16-16:50:51' WITH ( partitioned_by = ARRAY['partition_date'], max_file_size='2GB', format='PARQUET', encryption='SSE_S3', compression='NONE')
2025-05-16 09:53:53,920 - timestream_logger - INFO - UNLOAD IN PROGRESS for batch start_time >= 1998-09-25 00:00:00 and end_time < 1999-01-02 00:00:00 for la-idb-it-dbl4c4lnsxfz.la-idb-it-tablequz4rfpnqk 
2025-05-16 09:53:55,026 - timestream_logger - INFO - Progress Percentage for batch start_time >= 1998-09-25 00:00:00 and end_time < 1999-01-02 00:00:00 for la-idb-it-dbl4c4lnsxfz.la-idb-it-tablequz4rfpnqk : 100.0%
2025-05-16 09:53:55,063 - timestream_logger - INFO - {}
2025-05-16 09:53:55,063 - timestream_logger - INFO - Rows exported for batch start_time >= 1998-09-25 00:00:00 and end_time < 1999-01-02 00:00:00 for la-idb-it-dbl4c4lnsxfz.la-idb-it-tablequz4rfpnqk: 0
2025-05-16 09:53:55,063 - timestream_logger - INFO - DynamoDB logging is disabled. Skipping logging to DynamoDB.
2025-05-16 09:53:55,063 - timestream_logger - INFO - Building unload query for la-idb-it-dbl4c4lnsxfz.la-idb-it-tablequz4rfpnqk
2025-05-16 09:53:55,063 - timestream_logger - INFO - DynamoDB logging is disabled. Skipping logging to DynamoDB.
2025-05-16 09:53:55,063 - timestream_logger - INFO - Running unload query for la-idb-it-dbl4c4lnsxfz.la-idb-it-tablequz4rfpnqk
2025-05-16 09:53:55,063 - timestream_logger - INFO - QUERY EXECUTING: UNLOAD( SELECT *, DATE_FORMAT(time,'%Y-%m-%d') as partition_date FROM "la-idb-it-dbl4c4lnsxfz"."la-idb-it-tablequz4rfpnqk" WHERE time >= '1999-01-02 00:00:00' AND time < '1999-04-11 00:00:00') TO 's3://la-idb-it-bucket34a1of401x/la-idb-it-dbl4c4lnsxfz/la-idb-it-tablequz4rfpnqk/unload-2025-05-16-16:50:51' WITH ( partitioned_by = ARRAY['partition_date'], max_file_size='2GB', format='PARQUET', encryption='SSE_S3', compression='NONE')
2025-05-16 09:53:55,063 - timestream_logger - INFO - UNLOAD IN PROGRESS for batch start_time >= 1999-01-02 00:00:00 and end_time < 1999-04-11 00:00:00 for la-idb-it-dbl4c4lnsxfz.la-idb-it-tablequz4rfpnqk 
2025-05-16 09:53:57,405 - timestream_logger - INFO - Progress Percentage for batch start_time >= 1999-01-02 00:00:00 and end_time < 1999-04-11 00:00:00 for la-idb-it-dbl4c4lnsxfz.la-idb-it-tablequz4rfpnqk : 100.0%
2025-05-16 09:53:57,446 - timestream_logger - INFO - {}
2025-05-16 09:53:57,446 - timestream_logger - INFO - Rows exported for batch start_time >= 1999-01-02 00:00:00 and end_time < 1999-04-11 00:00:00 for la-idb-it-dbl4c4lnsxfz.la-idb-it-tablequz4rfpnqk: 0
2025-05-16 09:53:57,447 - timestream_logger - INFO - DynamoDB logging is disabled. Skipping logging to DynamoDB.
2025-05-16 09:53:57,447 - timestream_logger - INFO - Building unload query for la-idb-it-dbl4c4lnsxfz.la-idb-it-tablequz4rfpnqk
2025-05-16 09:53:57,447 - timestream_logger - INFO - DynamoDB logging is disabled. Skipping logging to DynamoDB.
2025-05-16 09:53:57,447 - timestream_logger - INFO - Running unload query for la-idb-it-dbl4c4lnsxfz.la-idb-it-tablequz4rfpnqk
2025-05-16 09:53:57,448 - timestream_logger - INFO - QUERY EXECUTING: UNLOAD( SELECT *, DATE_FORMAT(time,'%Y-%m-%d') as partition_date FROM "la-idb-it-dbl4c4lnsxfz"."la-idb-it-tablequz4rfpnqk" WHERE time >= '1999-04-11 00:00:00' AND time < '1999-07-19 00:00:00') TO 's3://la-idb-it-bucket34a1of401x/la-idb-it-dbl4c4lnsxfz/la-idb-it-tablequz4rfpnqk/unload-2025-05-16-16:50:51' WITH ( partitioned_by = ARRAY['partition_date'], max_file_size='2GB', format='PARQUET', encryption='SSE_S3', compression='NONE')
2025-05-16 09:53:57,448 - timestream_logger - INFO - UNLOAD IN PROGRESS for batch start_time >= 1999-04-11 00:00:00 and end_time < 1999-07-19 00:00:00 for la-idb-it-dbl4c4lnsxfz.la-idb-it-tablequz4rfpnqk 
2025-05-16 09:53:58,671 - timestream_logger - INFO - Progress Percentage for batch start_time >= 1999-04-11 00:00:00 and end_time < 1999-07-19 00:00:00 for la-idb-it-dbl4c4lnsxfz.la-idb-it-tablequz4rfpnqk : 100.0%
2025-05-16 09:53:58,715 - timestream_logger - INFO - {}
2025-05-16 09:53:58,715 - timestream_logger - INFO - Rows exported for batch start_time >= 1999-04-11 00:00:00 and end_time < 1999-07-19 00:00:00 for la-idb-it-dbl4c4lnsxfz.la-idb-it-tablequz4rfpnqk: 0
2025-05-16 09:53:58,715 - timestream_logger - INFO - DynamoDB logging is disabled. Skipping logging to DynamoDB.
2025-05-16 09:53:58,716 - timestream_logger - INFO - Building unload query for la-idb-it-dbl4c4lnsxfz.la-idb-it-tablequz4rfpnqk
2025-05-16 09:53:58,716 - timestream_logger - INFO - DynamoDB logging is disabled. Skipping logging to DynamoDB.
2025-05-16 09:53:58,716 - timestream_logger - INFO - Running unload query for la-idb-it-dbl4c4lnsxfz.la-idb-it-tablequz4rfpnqk
2025-05-16 09:53:58,716 - timestream_logger - INFO - QUERY EXECUTING: UNLOAD( SELECT *, DATE_FORMAT(time,'%Y-%m-%d') as partition_date FROM "la-idb-it-dbl4c4lnsxfz"."la-idb-it-tablequz4rfpnqk" WHERE time >= '1999-07-19 00:00:00' AND time < '1999-10-26 00:00:00') TO 's3://la-idb-it-bucket34a1of401x/la-idb-it-dbl4c4lnsxfz/la-idb-it-tablequz4rfpnqk/unload-2025-05-16-16:50:51' WITH ( partitioned_by = ARRAY['partition_date'], max_file_size='2GB', format='PARQUET', encryption='SSE_S3', compression='NONE')
2025-05-16 09:53:58,717 - timestream_logger - INFO - UNLOAD IN PROGRESS for batch start_time >= 1999-07-19 00:00:00 and end_time < 1999-10-26 00:00:00 for la-idb-it-dbl4c4lnsxfz.la-idb-it-tablequz4rfpnqk 
2025-05-16 09:54:03,689 - timestream_logger - INFO - Progress Percentage for batch start_time >= 1999-07-19 00:00:00 and end_time < 1999-10-26 00:00:00 for la-idb-it-dbl4c4lnsxfz.la-idb-it-tablequz4rfpnqk : 100.0%
2025-05-16 09:54:03,729 - timestream_logger - INFO - {}
2025-05-16 09:54:03,730 - timestream_logger - INFO - Rows exported for batch start_time >= 1999-07-19 00:00:00 and end_time < 1999-10-26 00:00:00 for la-idb-it-dbl4c4lnsxfz.la-idb-it-tablequz4rfpnqk: 0
2025-05-16 09:54:03,730 - timestream_logger - INFO - DynamoDB logging is disabled. Skipping logging to DynamoDB.
2025-05-16 09:54:03,730 - timestream_logger - INFO - Building unload query for la-idb-it-dbl4c4lnsxfz.la-idb-it-tablequz4rfpnqk
2025-05-16 09:54:03,730 - timestream_logger - INFO - DynamoDB logging is disabled. Skipping logging to DynamoDB.
2025-05-16 09:54:03,730 - timestream_logger - INFO - Running unload query for la-idb-it-dbl4c4lnsxfz.la-idb-it-tablequz4rfpnqk
2025-05-16 09:54:03,731 - timestream_logger - INFO - QUERY EXECUTING: UNLOAD( SELECT *, DATE_FORMAT(time,'%Y-%m-%d') as partition_date FROM "la-idb-it-dbl4c4lnsxfz"."la-idb-it-tablequz4rfpnqk" WHERE time >= '1999-10-26 00:00:00' AND time < '2000-02-02 00:00:00') TO 's3://la-idb-it-bucket34a1of401x/la-idb-it-dbl4c4lnsxfz/la-idb-it-tablequz4rfpnqk/unload-2025-05-16-16:50:51' WITH ( partitioned_by = ARRAY['partition_date'], max_file_size='2GB', format='PARQUET', encryption='SSE_S3', compression='NONE')
2025-05-16 09:54:03,731 - timestream_logger - INFO - UNLOAD IN PROGRESS for batch start_time >= 1999-10-26 00:00:00 and end_time < 2000-02-02 00:00:00 for la-idb-it-dbl4c4lnsxfz.la-idb-it-tablequz4rfpnqk 
2025-05-16 09:54:04,161 - timestream_logger - INFO - Progress Percentage for batch start_time >= 1999-10-26 00:00:00 and end_time < 2000-02-02 00:00:00 for la-idb-it-dbl4c4lnsxfz.la-idb-it-tablequz4rfpnqk : 100.0%
2025-05-16 09:54:04,202 - timestream_logger - INFO - {}
2025-05-16 09:54:04,203 - timestream_logger - INFO - Rows exported for batch start_time >= 1999-10-26 00:00:00 and end_time < 2000-02-02 00:00:00 for la-idb-it-dbl4c4lnsxfz.la-idb-it-tablequz4rfpnqk: 0
2025-05-16 09:54:04,204 - timestream_logger - INFO - DynamoDB logging is disabled. Skipping logging to DynamoDB.
2025-05-16 09:54:04,204 - timestream_logger - INFO - Building unload query for la-idb-it-dbl4c4lnsxfz.la-idb-it-tablequz4rfpnqk
2025-05-16 09:54:04,204 - timestream_logger - INFO - DynamoDB logging is disabled. Skipping logging to DynamoDB.
2025-05-16 09:54:04,204 - timestream_logger - INFO - Running unload query for la-idb-it-dbl4c4lnsxfz.la-idb-it-tablequz4rfpnqk
2025-05-16 09:54:04,205 - timestream_logger - INFO - QUERY EXECUTING: UNLOAD( SELECT *, DATE_FORMAT(time,'%Y-%m-%d') as partition_date FROM "la-idb-it-dbl4c4lnsxfz"."la-idb-it-tablequz4rfpnqk" WHERE time >= '2000-02-02 00:00:00' AND time < '2000-05-11 00:00:00') TO 's3://la-idb-it-bucket34a1of401x/la-idb-it-dbl4c4lnsxfz/la-idb-it-tablequz4rfpnqk/unload-2025-05-16-16:50:51' WITH ( partitioned_by = ARRAY['partition_date'], max_file_size='2GB', format='PARQUET', encryption='SSE_S3', compression='NONE')
2025-05-16 09:54:04,205 - timestream_logger - INFO - UNLOAD IN PROGRESS for batch start_time >= 2000-02-02 00:00:00 and end_time < 2000-05-11 00:00:00 for la-idb-it-dbl4c4lnsxfz.la-idb-it-tablequz4rfpnqk 
2025-05-16 09:54:05,696 - timestream_logger - INFO - Progress Percentage for batch start_time >= 2000-02-02 00:00:00 and end_time < 2000-05-11 00:00:00 for la-idb-it-dbl4c4lnsxfz.la-idb-it-tablequz4rfpnqk : 100.0%
2025-05-16 09:54:05,739 - timestream_logger - INFO - {}
2025-05-16 09:54:05,740 - timestream_logger - INFO - Rows exported for batch start_time >= 2000-02-02 00:00:00 and end_time < 2000-05-11 00:00:00 for la-idb-it-dbl4c4lnsxfz.la-idb-it-tablequz4rfpnqk: 0
2025-05-16 09:54:05,740 - timestream_logger - INFO - DynamoDB logging is disabled. Skipping logging to DynamoDB.
2025-05-16 09:54:05,740 - timestream_logger - INFO - Building unload query for la-idb-it-dbl4c4lnsxfz.la-idb-it-tablequz4rfpnqk
2025-05-16 09:54:05,740 - timestream_logger - INFO - DynamoDB logging is disabled. Skipping logging to DynamoDB.
2025-05-16 09:54:05,740 - timestream_logger - INFO - Running unload query for la-idb-it-dbl4c4lnsxfz.la-idb-it-tablequz4rfpnqk
2025-05-16 09:54:05,741 - timestream_logger - INFO - QUERY EXECUTING: UNLOAD( SELECT *, DATE_FORMAT(time,'%Y-%m-%d') as partition_date FROM "la-idb-it-dbl4c4lnsxfz"."la-idb-it-tablequz4rfpnqk" WHERE time >= '2000-05-11 00:00:00' AND time < '2000-08-18 00:00:00') TO 's3://la-idb-it-bucket34a1of401x/la-idb-it-dbl4c4lnsxfz/la-idb-it-tablequz4rfpnqk/unload-2025-05-16-16:50:51' WITH ( partitioned_by = ARRAY['partition_date'], max_file_size='2GB', format='PARQUET', encryption='SSE_S3', compression='NONE')
2025-05-16 09:54:05,741 - timestream_logger - INFO - UNLOAD IN PROGRESS for batch start_time >= 2000-05-11 00:00:00 and end_time < 2000-08-18 00:00:00 for la-idb-it-dbl4c4lnsxfz.la-idb-it-tablequz4rfpnqk 
2025-05-16 09:54:06,697 - timestream_logger - INFO - Progress Percentage for batch start_time >= 2000-05-11 00:00:00 and end_time < 2000-08-18 00:00:00 for la-idb-it-dbl4c4lnsxfz.la-idb-it-tablequz4rfpnqk : 100.0%
2025-05-16 09:54:06,740 - timestream_logger - INFO - {}
2025-05-16 09:54:06,741 - timestream_logger - INFO - Rows exported for batch start_time >= 2000-05-11 00:00:00 and end_time < 2000-08-18 00:00:00 for la-idb-it-dbl4c4lnsxfz.la-idb-it-tablequz4rfpnqk: 0
2025-05-16 09:54:06,741 - timestream_logger - INFO - DynamoDB logging is disabled. Skipping logging to DynamoDB.
2025-05-16 09:54:06,741 - timestream_logger - INFO - Building unload query for la-idb-it-dbl4c4lnsxfz.la-idb-it-tablequz4rfpnqk
2025-05-16 09:54:06,741 - timestream_logger - INFO - DynamoDB logging is disabled. Skipping logging to DynamoDB.
2025-05-16 09:54:06,742 - timestream_logger - INFO - Running unload query for la-idb-it-dbl4c4lnsxfz.la-idb-it-tablequz4rfpnqk
2025-05-16 09:54:06,742 - timestream_logger - INFO - QUERY EXECUTING: UNLOAD( SELECT *, DATE_FORMAT(time,'%Y-%m-%d') as partition_date FROM "la-idb-it-dbl4c4lnsxfz"."la-idb-it-tablequz4rfpnqk" WHERE time >= '2000-08-18 00:00:00' AND time < '2000-11-25 00:00:00') TO 's3://la-idb-it-bucket34a1of401x/la-idb-it-dbl4c4lnsxfz/la-idb-it-tablequz4rfpnqk/unload-2025-05-16-16:50:51' WITH ( partitioned_by = ARRAY['partition_date'], max_file_size='2GB', format='PARQUET', encryption='SSE_S3', compression='NONE')
2025-05-16 09:54:06,742 - timestream_logger - INFO - UNLOAD IN PROGRESS for batch start_time >= 2000-08-18 00:00:00 and end_time < 2000-11-25 00:00:00 for la-idb-it-dbl4c4lnsxfz.la-idb-it-tablequz4rfpnqk 
2025-05-16 09:54:08,968 - timestream_logger - INFO - Progress Percentage for batch start_time >= 2000-08-18 00:00:00 and end_time < 2000-11-25 00:00:00 for la-idb-it-dbl4c4lnsxfz.la-idb-it-tablequz4rfpnqk : 100.0%
2025-05-16 09:54:09,008 - timestream_logger - INFO - {}
2025-05-16 09:54:09,008 - timestream_logger - INFO - Rows exported for batch start_time >= 2000-08-18 00:00:00 and end_time < 2000-11-25 00:00:00 for la-idb-it-dbl4c4lnsxfz.la-idb-it-tablequz4rfpnqk: 0
2025-05-16 09:54:09,008 - timestream_logger - INFO - DynamoDB logging is disabled. Skipping logging to DynamoDB.
2025-05-16 09:54:09,009 - timestream_logger - INFO - Building unload query for la-idb-it-dbl4c4lnsxfz.la-idb-it-tablequz4rfpnqk
2025-05-16 09:54:09,009 - timestream_logger - INFO - DynamoDB logging is disabled. Skipping logging to DynamoDB.
2025-05-16 09:54:09,009 - timestream_logger - INFO - Running unload query for la-idb-it-dbl4c4lnsxfz.la-idb-it-tablequz4rfpnqk
2025-05-16 09:54:09,009 - timestream_logger - INFO - QUERY EXECUTING: UNLOAD( SELECT *, DATE_FORMAT(time,'%Y-%m-%d') as partition_date FROM "la-idb-it-dbl4c4lnsxfz"."la-idb-it-tablequz4rfpnqk" WHERE time >= '2000-11-25 00:00:00' AND time < '2001-03-04 00:00:00') TO 's3://la-idb-it-bucket34a1of401x/la-idb-it-dbl4c4lnsxfz/la-idb-it-tablequz4rfpnqk/unload-2025-05-16-16:50:51' WITH ( partitioned_by = ARRAY['partition_date'], max_file_size='2GB', format='PARQUET', encryption='SSE_S3', compression='NONE')
2025-05-16 09:54:09,010 - timestream_logger - INFO - UNLOAD IN PROGRESS for batch start_time >= 2000-11-25 00:00:00 and end_time < 2001-03-04 00:00:00 for la-idb-it-dbl4c4lnsxfz.la-idb-it-tablequz4rfpnqk 
2025-05-16 09:54:10,005 - timestream_logger - INFO - Progress Percentage for batch start_time >= 2000-11-25 00:00:00 and end_time < 2001-03-04 00:00:00 for la-idb-it-dbl4c4lnsxfz.la-idb-it-tablequz4rfpnqk : 100.0%
2025-05-16 09:54:10,049 - timestream_logger - INFO - {}
2025-05-16 09:54:10,050 - timestream_logger - INFO - Rows exported for batch start_time >= 2000-11-25 00:00:00 and end_time < 2001-03-04 00:00:00 for la-idb-it-dbl4c4lnsxfz.la-idb-it-tablequz4rfpnqk: 0
2025-05-16 09:54:10,050 - timestream_logger - INFO - DynamoDB logging is disabled. Skipping logging to DynamoDB.
2025-05-16 09:54:10,050 - timestream_logger - INFO - Building unload query for la-idb-it-dbl4c4lnsxfz.la-idb-it-tablequz4rfpnqk
2025-05-16 09:54:10,050 - timestream_logger - INFO - DynamoDB logging is disabled. Skipping logging to DynamoDB.
2025-05-16 09:54:10,050 - timestream_logger - INFO - Running unload query for la-idb-it-dbl4c4lnsxfz.la-idb-it-tablequz4rfpnqk
2025-05-16 09:54:10,051 - timestream_logger - INFO - QUERY EXECUTING: UNLOAD( SELECT *, DATE_FORMAT(time,'%Y-%m-%d') as partition_date FROM "la-idb-it-dbl4c4lnsxfz"."la-idb-it-tablequz4rfpnqk" WHERE time >= '2001-03-04 00:00:00' AND time < '2001-06-11 00:00:00') TO 's3://la-idb-it-bucket34a1of401x/la-idb-it-dbl4c4lnsxfz/la-idb-it-tablequz4rfpnqk/unload-2025-05-16-16:50:51' WITH ( partitioned_by = ARRAY['partition_date'], max_file_size='2GB', format='PARQUET', encryption='SSE_S3', compression='NONE')
2025-05-16 09:54:10,051 - timestream_logger - INFO - UNLOAD IN PROGRESS for batch start_time >= 2001-03-04 00:00:00 and end_time < 2001-06-11 00:00:00 for la-idb-it-dbl4c4lnsxfz.la-idb-it-tablequz4rfpnqk 
2025-05-16 09:54:11,276 - timestream_logger - INFO - Progress Percentage for batch start_time >= 2001-03-04 00:00:00 and end_time < 2001-06-11 00:00:00 for la-idb-it-dbl4c4lnsxfz.la-idb-it-tablequz4rfpnqk : 100.0%
2025-05-16 09:54:11,316 - timestream_logger - INFO - {}
2025-05-16 09:54:11,316 - timestream_logger - INFO - Rows exported for batch start_time >= 2001-03-04 00:00:00 and end_time < 2001-06-11 00:00:00 for la-idb-it-dbl4c4lnsxfz.la-idb-it-tablequz4rfpnqk: 0
2025-05-16 09:54:11,316 - timestream_logger - INFO - DynamoDB logging is disabled. Skipping logging to DynamoDB.
2025-05-16 09:54:11,317 - timestream_logger - INFO - Building unload query for la-idb-it-dbl4c4lnsxfz.la-idb-it-tablequz4rfpnqk
2025-05-16 09:54:11,317 - timestream_logger - INFO - DynamoDB logging is disabled. Skipping logging to DynamoDB.
2025-05-16 09:54:11,317 - timestream_logger - INFO - Running unload query for la-idb-it-dbl4c4lnsxfz.la-idb-it-tablequz4rfpnqk
2025-05-16 09:54:11,317 - timestream_logger - INFO - QUERY EXECUTING: UNLOAD( SELECT *, DATE_FORMAT(time,'%Y-%m-%d') as partition_date FROM "la-idb-it-dbl4c4lnsxfz"."la-idb-it-tablequz4rfpnqk" WHERE time >= '2001-06-11 00:00:00' AND time < '2001-09-18 00:00:00') TO 's3://la-idb-it-bucket34a1of401x/la-idb-it-dbl4c4lnsxfz/la-idb-it-tablequz4rfpnqk/unload-2025-05-16-16:50:51' WITH ( partitioned_by = ARRAY['partition_date'], max_file_size='2GB', format='PARQUET', encryption='SSE_S3', compression='NONE')
2025-05-16 09:54:11,318 - timestream_logger - INFO - UNLOAD IN PROGRESS for batch start_time >= 2001-06-11 00:00:00 and end_time < 2001-09-18 00:00:00 for la-idb-it-dbl4c4lnsxfz.la-idb-it-tablequz4rfpnqk 
2025-05-16 09:54:12,966 - timestream_logger - INFO - Progress Percentage for batch start_time >= 2001-06-11 00:00:00 and end_time < 2001-09-18 00:00:00 for la-idb-it-dbl4c4lnsxfz.la-idb-it-tablequz4rfpnqk : 100.0%
2025-05-16 09:54:13,008 - timestream_logger - INFO - {}
2025-05-16 09:54:13,008 - timestream_logger - INFO - Rows exported for batch start_time >= 2001-06-11 00:00:00 and end_time < 2001-09-18 00:00:00 for la-idb-it-dbl4c4lnsxfz.la-idb-it-tablequz4rfpnqk: 0
2025-05-16 09:54:13,009 - timestream_logger - INFO - DynamoDB logging is disabled. Skipping logging to DynamoDB.
2025-05-16 09:54:13,009 - timestream_logger - INFO - Building unload query for la-idb-it-dbl4c4lnsxfz.la-idb-it-tablequz4rfpnqk
2025-05-16 09:54:13,009 - timestream_logger - INFO - DynamoDB logging is disabled. Skipping logging to DynamoDB.
2025-05-16 09:54:13,009 - timestream_logger - INFO - Running unload query for la-idb-it-dbl4c4lnsxfz.la-idb-it-tablequz4rfpnqk
2025-05-16 09:54:13,010 - timestream_logger - INFO - QUERY EXECUTING: UNLOAD( SELECT *, DATE_FORMAT(time,'%Y-%m-%d') as partition_date FROM "la-idb-it-dbl4c4lnsxfz"."la-idb-it-tablequz4rfpnqk" WHERE time >= '2001-09-18 00:00:00' AND time < '2001-12-26 00:00:00') TO 's3://la-idb-it-bucket34a1of401x/la-idb-it-dbl4c4lnsxfz/la-idb-it-tablequz4rfpnqk/unload-2025-05-16-16:50:51' WITH ( partitioned_by = ARRAY['partition_date'], max_file_size='2GB', format='PARQUET', encryption='SSE_S3', compression='NONE')
2025-05-16 09:54:13,010 - timestream_logger - INFO - UNLOAD IN PROGRESS for batch start_time >= 2001-09-18 00:00:00 and end_time < 2001-12-26 00:00:00 for la-idb-it-dbl4c4lnsxfz.la-idb-it-tablequz4rfpnqk 
2025-05-16 09:54:14,194 - timestream_logger - INFO - Progress Percentage for batch start_time >= 2001-09-18 00:00:00 and end_time < 2001-12-26 00:00:00 for la-idb-it-dbl4c4lnsxfz.la-idb-it-tablequz4rfpnqk : 100.0%
2025-05-16 09:54:14,230 - timestream_logger - INFO - {}
2025-05-16 09:54:14,231 - timestream_logger - INFO - Rows exported for batch start_time >= 2001-09-18 00:00:00 and end_time < 2001-12-26 00:00:00 for la-idb-it-dbl4c4lnsxfz.la-idb-it-tablequz4rfpnqk: 0
2025-05-16 09:54:14,231 - timestream_logger - INFO - DynamoDB logging is disabled. Skipping logging to DynamoDB.
2025-05-16 09:54:14,231 - timestream_logger - INFO - Building unload query for la-idb-it-dbl4c4lnsxfz.la-idb-it-tablequz4rfpnqk
2025-05-16 09:54:14,231 - timestream_logger - INFO - DynamoDB logging is disabled. Skipping logging to DynamoDB.
2025-05-16 09:54:14,231 - timestream_logger - INFO - Running unload query for la-idb-it-dbl4c4lnsxfz.la-idb-it-tablequz4rfpnqk
2025-05-16 09:54:14,232 - timestream_logger - INFO - QUERY EXECUTING: UNLOAD( SELECT *, DATE_FORMAT(time,'%Y-%m-%d') as partition_date FROM "la-idb-it-dbl4c4lnsxfz"."la-idb-it-tablequz4rfpnqk" WHERE time >= '2001-12-26 00:00:00' AND time < '2002-04-04 00:00:00') TO 's3://la-idb-it-bucket34a1of401x/la-idb-it-dbl4c4lnsxfz/la-idb-it-tablequz4rfpnqk/unload-2025-05-16-16:50:51' WITH ( partitioned_by = ARRAY['partition_date'], max_file_size='2GB', format='PARQUET', encryption='SSE_S3', compression='NONE')
2025-05-16 09:54:14,232 - timestream_logger - INFO - UNLOAD IN PROGRESS for batch start_time >= 2001-12-26 00:00:00 and end_time < 2002-04-04 00:00:00 for la-idb-it-dbl4c4lnsxfz.la-idb-it-tablequz4rfpnqk 
2025-05-16 09:54:15,191 - timestream_logger - INFO - Progress Percentage for batch start_time >= 2001-12-26 00:00:00 and end_time < 2002-04-04 00:00:00 for la-idb-it-dbl4c4lnsxfz.la-idb-it-tablequz4rfpnqk : 100.0%
2025-05-16 09:54:15,230 - timestream_logger - INFO - {}
2025-05-16 09:54:15,231 - timestream_logger - INFO - Rows exported for batch start_time >= 2001-12-26 00:00:00 and end_time < 2002-04-04 00:00:00 for la-idb-it-dbl4c4lnsxfz.la-idb-it-tablequz4rfpnqk: 0
2025-05-16 09:54:15,231 - timestream_logger - INFO - DynamoDB logging is disabled. Skipping logging to DynamoDB.
2025-05-16 09:54:15,231 - timestream_logger - INFO - Building unload query for la-idb-it-dbl4c4lnsxfz.la-idb-it-tablequz4rfpnqk
2025-05-16 09:54:15,231 - timestream_logger - INFO - DynamoDB logging is disabled. Skipping logging to DynamoDB.
2025-05-16 09:54:15,231 - timestream_logger - INFO - Running unload query for la-idb-it-dbl4c4lnsxfz.la-idb-it-tablequz4rfpnqk
2025-05-16 09:54:15,231 - timestream_logger - INFO - QUERY EXECUTING: UNLOAD( SELECT *, DATE_FORMAT(time,'%Y-%m-%d') as partition_date FROM "la-idb-it-dbl4c4lnsxfz"."la-idb-it-tablequz4rfpnqk" WHERE time >= '2002-04-04 00:00:00' AND time < '2002-07-12 00:00:00') TO 's3://la-idb-it-bucket34a1of401x/la-idb-it-dbl4c4lnsxfz/la-idb-it-tablequz4rfpnqk/unload-2025-05-16-16:50:51' WITH ( partitioned_by = ARRAY['partition_date'], max_file_size='2GB', format='PARQUET', encryption='SSE_S3', compression='NONE')
2025-05-16 09:54:15,232 - timestream_logger - INFO - UNLOAD IN PROGRESS for batch start_time >= 2002-04-04 00:00:00 and end_time < 2002-07-12 00:00:00 for la-idb-it-dbl4c4lnsxfz.la-idb-it-tablequz4rfpnqk 
2025-05-16 09:54:16,298 - timestream_logger - INFO - Progress Percentage for batch start_time >= 2002-04-04 00:00:00 and end_time < 2002-07-12 00:00:00 for la-idb-it-dbl4c4lnsxfz.la-idb-it-tablequz4rfpnqk : 100.0%
2025-05-16 09:54:16,337 - timestream_logger - INFO - {}
2025-05-16 09:54:16,338 - timestream_logger - INFO - Rows exported for batch start_time >= 2002-04-04 00:00:00 and end_time < 2002-07-12 00:00:00 for la-idb-it-dbl4c4lnsxfz.la-idb-it-tablequz4rfpnqk: 0
2025-05-16 09:54:16,338 - timestream_logger - INFO - DynamoDB logging is disabled. Skipping logging to DynamoDB.
2025-05-16 09:54:16,338 - timestream_logger - INFO - Building unload query for la-idb-it-dbl4c4lnsxfz.la-idb-it-tablequz4rfpnqk
2025-05-16 09:54:16,339 - timestream_logger - INFO - DynamoDB logging is disabled. Skipping logging to DynamoDB.
2025-05-16 09:54:16,339 - timestream_logger - INFO - Running unload query for la-idb-it-dbl4c4lnsxfz.la-idb-it-tablequz4rfpnqk
2025-05-16 09:54:16,339 - timestream_logger - INFO - QUERY EXECUTING: UNLOAD( SELECT *, DATE_FORMAT(time,'%Y-%m-%d') as partition_date FROM "la-idb-it-dbl4c4lnsxfz"."la-idb-it-tablequz4rfpnqk" WHERE time >= '2002-07-12 00:00:00' AND time < '2002-10-19 00:00:00') TO 's3://la-idb-it-bucket34a1of401x/la-idb-it-dbl4c4lnsxfz/la-idb-it-tablequz4rfpnqk/unload-2025-05-16-16:50:51' WITH ( partitioned_by = ARRAY['partition_date'], max_file_size='2GB', format='PARQUET', encryption='SSE_S3', compression='NONE')
2025-05-16 09:54:16,340 - timestream_logger - INFO - UNLOAD IN PROGRESS for batch start_time >= 2002-07-12 00:00:00 and end_time < 2002-10-19 00:00:00 for la-idb-it-dbl4c4lnsxfz.la-idb-it-tablequz4rfpnqk 
2025-05-16 09:54:17,339 - timestream_logger - INFO - Progress Percentage for batch start_time >= 2002-07-12 00:00:00 and end_time < 2002-10-19 00:00:00 for la-idb-it-dbl4c4lnsxfz.la-idb-it-tablequz4rfpnqk : 100.0%
2025-05-16 09:54:17,377 - timestream_logger - INFO - {}
2025-05-16 09:54:17,378 - timestream_logger - INFO - Rows exported for batch start_time >= 2002-07-12 00:00:00 and end_time < 2002-10-19 00:00:00 for la-idb-it-dbl4c4lnsxfz.la-idb-it-tablequz4rfpnqk: 0
2025-05-16 09:54:17,378 - timestream_logger - INFO - DynamoDB logging is disabled. Skipping logging to DynamoDB.
2025-05-16 09:54:17,378 - timestream_logger - INFO - Building unload query for la-idb-it-dbl4c4lnsxfz.la-idb-it-tablequz4rfpnqk
2025-05-16 09:54:17,378 - timestream_logger - INFO - DynamoDB logging is disabled. Skipping logging to DynamoDB.
2025-05-16 09:54:17,378 - timestream_logger - INFO - Running unload query for la-idb-it-dbl4c4lnsxfz.la-idb-it-tablequz4rfpnqk
2025-05-16 09:54:17,378 - timestream_logger - INFO - QUERY EXECUTING: UNLOAD( SELECT *, DATE_FORMAT(time,'%Y-%m-%d') as partition_date FROM "la-idb-it-dbl4c4lnsxfz"."la-idb-it-tablequz4rfpnqk" WHERE time >= '2002-10-19 00:00:00' AND time < '2003-01-26 00:00:00') TO 's3://la-idb-it-bucket34a1of401x/la-idb-it-dbl4c4lnsxfz/la-idb-it-tablequz4rfpnqk/unload-2025-05-16-16:50:51' WITH ( partitioned_by = ARRAY['partition_date'], max_file_size='2GB', format='PARQUET', encryption='SSE_S3', compression='NONE')
2025-05-16 09:54:17,379 - timestream_logger - INFO - UNLOAD IN PROGRESS for batch start_time >= 2002-10-19 00:00:00 and end_time < 2003-01-26 00:00:00 for la-idb-it-dbl4c4lnsxfz.la-idb-it-tablequz4rfpnqk 
2025-05-16 09:54:18,392 - timestream_logger - INFO - Progress Percentage for batch start_time >= 2002-10-19 00:00:00 and end_time < 2003-01-26 00:00:00 for la-idb-it-dbl4c4lnsxfz.la-idb-it-tablequz4rfpnqk : 100.0%
2025-05-16 09:54:18,436 - timestream_logger - INFO - {}
2025-05-16 09:54:18,437 - timestream_logger - INFO - Rows exported for batch start_time >= 2002-10-19 00:00:00 and end_time < 2003-01-26 00:00:00 for la-idb-it-dbl4c4lnsxfz.la-idb-it-tablequz4rfpnqk: 0
2025-05-16 09:54:18,437 - timestream_logger - INFO - DynamoDB logging is disabled. Skipping logging to DynamoDB.
2025-05-16 09:54:18,437 - timestream_logger - INFO - Building unload query for la-idb-it-dbl4c4lnsxfz.la-idb-it-tablequz4rfpnqk
2025-05-16 09:54:18,437 - timestream_logger - INFO - DynamoDB logging is disabled. Skipping logging to DynamoDB.
2025-05-16 09:54:18,438 - timestream_logger - INFO - Running unload query for la-idb-it-dbl4c4lnsxfz.la-idb-it-tablequz4rfpnqk
2025-05-16 09:54:18,438 - timestream_logger - INFO - QUERY EXECUTING: UNLOAD( SELECT *, DATE_FORMAT(time,'%Y-%m-%d') as partition_date FROM "la-idb-it-dbl4c4lnsxfz"."la-idb-it-tablequz4rfpnqk" WHERE time >= '2003-01-26 00:00:00' AND time < '2003-05-05 00:00:00') TO 's3://la-idb-it-bucket34a1of401x/la-idb-it-dbl4c4lnsxfz/la-idb-it-tablequz4rfpnqk/unload-2025-05-16-16:50:51' WITH ( partitioned_by = ARRAY['partition_date'], max_file_size='2GB', format='PARQUET', encryption='SSE_S3', compression='NONE')
2025-05-16 09:54:18,438 - timestream_logger - INFO - UNLOAD IN PROGRESS for batch start_time >= 2003-01-26 00:00:00 and end_time < 2003-05-05 00:00:00 for la-idb-it-dbl4c4lnsxfz.la-idb-it-tablequz4rfpnqk 
2025-05-16 09:54:19,413 - timestream_logger - INFO - Progress Percentage for batch start_time >= 2003-01-26 00:00:00 and end_time < 2003-05-05 00:00:00 for la-idb-it-dbl4c4lnsxfz.la-idb-it-tablequz4rfpnqk : 100.0%
2025-05-16 09:54:19,453 - timestream_logger - INFO - {}
2025-05-16 09:54:19,453 - timestream_logger - INFO - Rows exported for batch start_time >= 2003-01-26 00:00:00 and end_time < 2003-05-05 00:00:00 for la-idb-it-dbl4c4lnsxfz.la-idb-it-tablequz4rfpnqk: 0
2025-05-16 09:54:19,453 - timestream_logger - INFO - DynamoDB logging is disabled. Skipping logging to DynamoDB.
2025-05-16 09:54:19,454 - timestream_logger - INFO - Building unload query for la-idb-it-dbl4c4lnsxfz.la-idb-it-tablequz4rfpnqk
2025-05-16 09:54:19,454 - timestream_logger - INFO - DynamoDB logging is disabled. Skipping logging to DynamoDB.
2025-05-16 09:54:19,454 - timestream_logger - INFO - Running unload query for la-idb-it-dbl4c4lnsxfz.la-idb-it-tablequz4rfpnqk
2025-05-16 09:54:19,454 - timestream_logger - INFO - QUERY EXECUTING: UNLOAD( SELECT *, DATE_FORMAT(time,'%Y-%m-%d') as partition_date FROM "la-idb-it-dbl4c4lnsxfz"."la-idb-it-tablequz4rfpnqk" WHERE time >= '2003-05-05 00:00:00' AND time < '2003-08-12 00:00:00') TO 's3://la-idb-it-bucket34a1of401x/la-idb-it-dbl4c4lnsxfz/la-idb-it-tablequz4rfpnqk/unload-2025-05-16-16:50:51' WITH ( partitioned_by = ARRAY['partition_date'], max_file_size='2GB', format='PARQUET', encryption='SSE_S3', compression='NONE')
2025-05-16 09:54:19,455 - timestream_logger - INFO - UNLOAD IN PROGRESS for batch start_time >= 2003-05-05 00:00:00 and end_time < 2003-08-12 00:00:00 for la-idb-it-dbl4c4lnsxfz.la-idb-it-tablequz4rfpnqk 
2025-05-16 09:54:21,261 - timestream_logger - INFO - Progress Percentage for batch start_time >= 2003-05-05 00:00:00 and end_time < 2003-08-12 00:00:00 for la-idb-it-dbl4c4lnsxfz.la-idb-it-tablequz4rfpnqk : 100.0%
2025-05-16 09:54:21,303 - timestream_logger - INFO - {}
2025-05-16 09:54:21,303 - timestream_logger - INFO - Rows exported for batch start_time >= 2003-05-05 00:00:00 and end_time < 2003-08-12 00:00:00 for la-idb-it-dbl4c4lnsxfz.la-idb-it-tablequz4rfpnqk: 0
2025-05-16 09:54:21,304 - timestream_logger - INFO - DynamoDB logging is disabled. Skipping logging to DynamoDB.
2025-05-16 09:54:21,304 - timestream_logger - INFO - Building unload query for la-idb-it-dbl4c4lnsxfz.la-idb-it-tablequz4rfpnqk
2025-05-16 09:54:21,304 - timestream_logger - INFO - DynamoDB logging is disabled. Skipping logging to DynamoDB.
2025-05-16 09:54:21,304 - timestream_logger - INFO - Running unload query for la-idb-it-dbl4c4lnsxfz.la-idb-it-tablequz4rfpnqk
2025-05-16 09:54:21,305 - timestream_logger - INFO - QUERY EXECUTING: UNLOAD( SELECT *, DATE_FORMAT(time,'%Y-%m-%d') as partition_date FROM "la-idb-it-dbl4c4lnsxfz"."la-idb-it-tablequz4rfpnqk" WHERE time >= '2003-08-12 00:00:00' AND time < '2003-11-19 00:00:00') TO 's3://la-idb-it-bucket34a1of401x/la-idb-it-dbl4c4lnsxfz/la-idb-it-tablequz4rfpnqk/unload-2025-05-16-16:50:51' WITH ( partitioned_by = ARRAY['partition_date'], max_file_size='2GB', format='PARQUET', encryption='SSE_S3', compression='NONE')
2025-05-16 09:54:21,305 - timestream_logger - INFO - UNLOAD IN PROGRESS for batch start_time >= 2003-08-12 00:00:00 and end_time < 2003-11-19 00:00:00 for la-idb-it-dbl4c4lnsxfz.la-idb-it-tablequz4rfpnqk 
2025-05-16 09:54:22,496 - timestream_logger - INFO - Progress Percentage for batch start_time >= 2003-08-12 00:00:00 and end_time < 2003-11-19 00:00:00 for la-idb-it-dbl4c4lnsxfz.la-idb-it-tablequz4rfpnqk : 100.0%
2025-05-16 09:54:22,534 - timestream_logger - INFO - {}
2025-05-16 09:54:22,534 - timestream_logger - INFO - Rows exported for batch start_time >= 2003-08-12 00:00:00 and end_time < 2003-11-19 00:00:00 for la-idb-it-dbl4c4lnsxfz.la-idb-it-tablequz4rfpnqk: 0
2025-05-16 09:54:22,534 - timestream_logger - INFO - DynamoDB logging is disabled. Skipping logging to DynamoDB.
2025-05-16 09:54:22,535 - timestream_logger - INFO - Building unload query for la-idb-it-dbl4c4lnsxfz.la-idb-it-tablequz4rfpnqk
2025-05-16 09:54:22,535 - timestream_logger - INFO - DynamoDB logging is disabled. Skipping logging to DynamoDB.
2025-05-16 09:54:22,535 - timestream_logger - INFO - Running unload query for la-idb-it-dbl4c4lnsxfz.la-idb-it-tablequz4rfpnqk
2025-05-16 09:54:22,535 - timestream_logger - INFO - QUERY EXECUTING: UNLOAD( SELECT *, DATE_FORMAT(time,'%Y-%m-%d') as partition_date FROM "la-idb-it-dbl4c4lnsxfz"."la-idb-it-tablequz4rfpnqk" WHERE time >= '2003-11-19 00:00:00' AND time < '2004-02-26 00:00:00') TO 's3://la-idb-it-bucket34a1of401x/la-idb-it-dbl4c4lnsxfz/la-idb-it-tablequz4rfpnqk/unload-2025-05-16-16:50:51' WITH ( partitioned_by = ARRAY['partition_date'], max_file_size='2GB', format='PARQUET', encryption='SSE_S3', compression='NONE')
2025-05-16 09:54:22,536 - timestream_logger - INFO - UNLOAD IN PROGRESS for batch start_time >= 2003-11-19 00:00:00 and end_time < 2004-02-26 00:00:00 for la-idb-it-dbl4c4lnsxfz.la-idb-it-tablequz4rfpnqk 
2025-05-16 09:54:24,644 - timestream_logger - INFO - Progress Percentage for batch start_time >= 2003-11-19 00:00:00 and end_time < 2004-02-26 00:00:00 for la-idb-it-dbl4c4lnsxfz.la-idb-it-tablequz4rfpnqk : 100.0%
2025-05-16 09:54:24,685 - timestream_logger - INFO - {}
2025-05-16 09:54:24,685 - timestream_logger - INFO - Rows exported for batch start_time >= 2003-11-19 00:00:00 and end_time < 2004-02-26 00:00:00 for la-idb-it-dbl4c4lnsxfz.la-idb-it-tablequz4rfpnqk: 0
2025-05-16 09:54:24,686 - timestream_logger - INFO - DynamoDB logging is disabled. Skipping logging to DynamoDB.
2025-05-16 09:54:24,686 - timestream_logger - INFO - Building unload query for la-idb-it-dbl4c4lnsxfz.la-idb-it-tablequz4rfpnqk
2025-05-16 09:54:24,686 - timestream_logger - INFO - DynamoDB logging is disabled. Skipping logging to DynamoDB.
2025-05-16 09:54:24,686 - timestream_logger - INFO - Running unload query for la-idb-it-dbl4c4lnsxfz.la-idb-it-tablequz4rfpnqk
2025-05-16 09:54:24,687 - timestream_logger - INFO - QUERY EXECUTING: UNLOAD( SELECT *, DATE_FORMAT(time,'%Y-%m-%d') as partition_date FROM "la-idb-it-dbl4c4lnsxfz"."la-idb-it-tablequz4rfpnqk" WHERE time >= '2004-02-26 00:00:00' AND time < '2004-06-04 00:00:00') TO 's3://la-idb-it-bucket34a1of401x/la-idb-it-dbl4c4lnsxfz/la-idb-it-tablequz4rfpnqk/unload-2025-05-16-16:50:51' WITH ( partitioned_by = ARRAY['partition_date'], max_file_size='2GB', format='PARQUET', encryption='SSE_S3', compression='NONE')
2025-05-16 09:54:24,687 - timestream_logger - INFO - UNLOAD IN PROGRESS for batch start_time >= 2004-02-26 00:00:00 and end_time < 2004-06-04 00:00:00 for la-idb-it-dbl4c4lnsxfz.la-idb-it-tablequz4rfpnqk 
2025-05-16 09:54:25,745 - timestream_logger - INFO - Progress Percentage for batch start_time >= 2004-02-26 00:00:00 and end_time < 2004-06-04 00:00:00 for la-idb-it-dbl4c4lnsxfz.la-idb-it-tablequz4rfpnqk : 100.0%
2025-05-16 09:54:25,784 - timestream_logger - INFO - {}
2025-05-16 09:54:25,784 - timestream_logger - INFO - Rows exported for batch start_time >= 2004-02-26 00:00:00 and end_time < 2004-06-04 00:00:00 for la-idb-it-dbl4c4lnsxfz.la-idb-it-tablequz4rfpnqk: 0
2025-05-16 09:54:25,785 - timestream_logger - INFO - DynamoDB logging is disabled. Skipping logging to DynamoDB.
2025-05-16 09:54:25,785 - timestream_logger - INFO - Building unload query for la-idb-it-dbl4c4lnsxfz.la-idb-it-tablequz4rfpnqk
2025-05-16 09:54:25,785 - timestream_logger - INFO - DynamoDB logging is disabled. Skipping logging to DynamoDB.
2025-05-16 09:54:25,785 - timestream_logger - INFO - Running unload query for la-idb-it-dbl4c4lnsxfz.la-idb-it-tablequz4rfpnqk
2025-05-16 09:54:25,786 - timestream_logger - INFO - QUERY EXECUTING: UNLOAD( SELECT *, DATE_FORMAT(time,'%Y-%m-%d') as partition_date FROM "la-idb-it-dbl4c4lnsxfz"."la-idb-it-tablequz4rfpnqk" WHERE time >= '2004-06-04 00:00:00' AND time < '2004-09-11 00:00:00') TO 's3://la-idb-it-bucket34a1of401x/la-idb-it-dbl4c4lnsxfz/la-idb-it-tablequz4rfpnqk/unload-2025-05-16-16:50:51' WITH ( partitioned_by = ARRAY['partition_date'], max_file_size='2GB', format='PARQUET', encryption='SSE_S3', compression='NONE')
2025-05-16 09:54:25,786 - timestream_logger - INFO - UNLOAD IN PROGRESS for batch start_time >= 2004-06-04 00:00:00 and end_time < 2004-09-11 00:00:00 for la-idb-it-dbl4c4lnsxfz.la-idb-it-tablequz4rfpnqk 
2025-05-16 09:54:26,765 - timestream_logger - INFO - Progress Percentage for batch start_time >= 2004-06-04 00:00:00 and end_time < 2004-09-11 00:00:00 for la-idb-it-dbl4c4lnsxfz.la-idb-it-tablequz4rfpnqk : 100.0%
2025-05-16 09:54:26,812 - timestream_logger - INFO - {}
2025-05-16 09:54:26,812 - timestream_logger - INFO - Rows exported for batch start_time >= 2004-06-04 00:00:00 and end_time < 2004-09-11 00:00:00 for la-idb-it-dbl4c4lnsxfz.la-idb-it-tablequz4rfpnqk: 0
2025-05-16 09:54:26,813 - timestream_logger - INFO - DynamoDB logging is disabled. Skipping logging to DynamoDB.
2025-05-16 09:54:26,813 - timestream_logger - INFO - Building unload query for la-idb-it-dbl4c4lnsxfz.la-idb-it-tablequz4rfpnqk
2025-05-16 09:54:26,813 - timestream_logger - INFO - DynamoDB logging is disabled. Skipping logging to DynamoDB.
2025-05-16 09:54:26,813 - timestream_logger - INFO - Running unload query for la-idb-it-dbl4c4lnsxfz.la-idb-it-tablequz4rfpnqk
2025-05-16 09:54:26,814 - timestream_logger - INFO - QUERY EXECUTING: UNLOAD( SELECT *, DATE_FORMAT(time,'%Y-%m-%d') as partition_date FROM "la-idb-it-dbl4c4lnsxfz"."la-idb-it-tablequz4rfpnqk" WHERE time >= '2004-09-11 00:00:00' AND time < '2004-12-19 00:00:00') TO 's3://la-idb-it-bucket34a1of401x/la-idb-it-dbl4c4lnsxfz/la-idb-it-tablequz4rfpnqk/unload-2025-05-16-16:50:51' WITH ( partitioned_by = ARRAY['partition_date'], max_file_size='2GB', format='PARQUET', encryption='SSE_S3', compression='NONE')
2025-05-16 09:54:26,814 - timestream_logger - INFO - UNLOAD IN PROGRESS for batch start_time >= 2004-09-11 00:00:00 and end_time < 2004-12-19 00:00:00 for la-idb-it-dbl4c4lnsxfz.la-idb-it-tablequz4rfpnqk 
2025-05-16 09:54:27,762 - timestream_logger - INFO - Progress Percentage for batch start_time >= 2004-09-11 00:00:00 and end_time < 2004-12-19 00:00:00 for la-idb-it-dbl4c4lnsxfz.la-idb-it-tablequz4rfpnqk : 100.0%
2025-05-16 09:54:27,806 - timestream_logger - INFO - {}
2025-05-16 09:54:27,806 - timestream_logger - INFO - Rows exported for batch start_time >= 2004-09-11 00:00:00 and end_time < 2004-12-19 00:00:00 for la-idb-it-dbl4c4lnsxfz.la-idb-it-tablequz4rfpnqk: 0
2025-05-16 09:54:27,806 - timestream_logger - INFO - DynamoDB logging is disabled. Skipping logging to DynamoDB.
2025-05-16 09:54:27,807 - timestream_logger - INFO - Building unload query for la-idb-it-dbl4c4lnsxfz.la-idb-it-tablequz4rfpnqk
2025-05-16 09:54:27,807 - timestream_logger - INFO - DynamoDB logging is disabled. Skipping logging to DynamoDB.
2025-05-16 09:54:27,807 - timestream_logger - INFO - Running unload query for la-idb-it-dbl4c4lnsxfz.la-idb-it-tablequz4rfpnqk
2025-05-16 09:54:27,808 - timestream_logger - INFO - QUERY EXECUTING: UNLOAD( SELECT *, DATE_FORMAT(time,'%Y-%m-%d') as partition_date FROM "la-idb-it-dbl4c4lnsxfz"."la-idb-it-tablequz4rfpnqk" WHERE time >= '2004-12-19 00:00:00' AND time < '2005-03-28 00:00:00') TO 's3://la-idb-it-bucket34a1of401x/la-idb-it-dbl4c4lnsxfz/la-idb-it-tablequz4rfpnqk/unload-2025-05-16-16:50:51' WITH ( partitioned_by = ARRAY['partition_date'], max_file_size='2GB', format='PARQUET', encryption='SSE_S3', compression='NONE')
2025-05-16 09:54:27,808 - timestream_logger - INFO - UNLOAD IN PROGRESS for batch start_time >= 2004-12-19 00:00:00 and end_time < 2005-03-28 00:00:00 for la-idb-it-dbl4c4lnsxfz.la-idb-it-tablequz4rfpnqk 
2025-05-16 09:54:29,849 - timestream_logger - INFO - Progress Percentage for batch start_time >= 2004-12-19 00:00:00 and end_time < 2005-03-28 00:00:00 for la-idb-it-dbl4c4lnsxfz.la-idb-it-tablequz4rfpnqk : 100.0%
2025-05-16 09:54:29,894 - timestream_logger - INFO - {}
2025-05-16 09:54:29,895 - timestream_logger - INFO - Rows exported for batch start_time >= 2004-12-19 00:00:00 and end_time < 2005-03-28 00:00:00 for la-idb-it-dbl4c4lnsxfz.la-idb-it-tablequz4rfpnqk: 0
2025-05-16 09:54:29,895 - timestream_logger - INFO - DynamoDB logging is disabled. Skipping logging to DynamoDB.
2025-05-16 09:54:29,895 - timestream_logger - INFO - Building unload query for la-idb-it-dbl4c4lnsxfz.la-idb-it-tablequz4rfpnqk
2025-05-16 09:54:29,895 - timestream_logger - INFO - DynamoDB logging is disabled. Skipping logging to DynamoDB.
2025-05-16 09:54:29,896 - timestream_logger - INFO - Running unload query for la-idb-it-dbl4c4lnsxfz.la-idb-it-tablequz4rfpnqk
2025-05-16 09:54:29,896 - timestream_logger - INFO - QUERY EXECUTING: UNLOAD( SELECT *, DATE_FORMAT(time,'%Y-%m-%d') as partition_date FROM "la-idb-it-dbl4c4lnsxfz"."la-idb-it-tablequz4rfpnqk" WHERE time >= '2005-03-28 00:00:00' AND time < '2005-07-05 00:00:00') TO 's3://la-idb-it-bucket34a1of401x/la-idb-it-dbl4c4lnsxfz/la-idb-it-tablequz4rfpnqk/unload-2025-05-16-16:50:51' WITH ( partitioned_by = ARRAY['partition_date'], max_file_size='2GB', format='PARQUET', encryption='SSE_S3', compression='NONE')
2025-05-16 09:54:29,896 - timestream_logger - INFO - UNLOAD IN PROGRESS for batch start_time >= 2005-03-28 00:00:00 and end_time < 2005-07-05 00:00:00 for la-idb-it-dbl4c4lnsxfz.la-idb-it-tablequz4rfpnqk 
2025-05-16 09:54:30,726 - timestream_logger - INFO - Progress Percentage for batch start_time >= 2005-03-28 00:00:00 and end_time < 2005-07-05 00:00:00 for la-idb-it-dbl4c4lnsxfz.la-idb-it-tablequz4rfpnqk : 100.0%
2025-05-16 09:54:30,766 - timestream_logger - INFO - {}
2025-05-16 09:54:30,766 - timestream_logger - INFO - Rows exported for batch start_time >= 2005-03-28 00:00:00 and end_time < 2005-07-05 00:00:00 for la-idb-it-dbl4c4lnsxfz.la-idb-it-tablequz4rfpnqk: 0
2025-05-16 09:54:30,766 - timestream_logger - INFO - DynamoDB logging is disabled. Skipping logging to DynamoDB.
2025-05-16 09:54:30,766 - timestream_logger - INFO - Building unload query for la-idb-it-dbl4c4lnsxfz.la-idb-it-tablequz4rfpnqk
2025-05-16 09:54:30,767 - timestream_logger - INFO - DynamoDB logging is disabled. Skipping logging to DynamoDB.
2025-05-16 09:54:30,767 - timestream_logger - INFO - Running unload query for la-idb-it-dbl4c4lnsxfz.la-idb-it-tablequz4rfpnqk
2025-05-16 09:54:30,767 - timestream_logger - INFO - QUERY EXECUTING: UNLOAD( SELECT *, DATE_FORMAT(time,'%Y-%m-%d') as partition_date FROM "la-idb-it-dbl4c4lnsxfz"."la-idb-it-tablequz4rfpnqk" WHERE time >= '2005-07-05 00:00:00' AND time < '2005-10-12 00:00:00') TO 's3://la-idb-it-bucket34a1of401x/la-idb-it-dbl4c4lnsxfz/la-idb-it-tablequz4rfpnqk/unload-2025-05-16-16:50:51' WITH ( partitioned_by = ARRAY['partition_date'], max_file_size='2GB', format='PARQUET', encryption='SSE_S3', compression='NONE')
2025-05-16 09:54:30,767 - timestream_logger - INFO - UNLOAD IN PROGRESS for batch start_time >= 2005-07-05 00:00:00 and end_time < 2005-10-12 00:00:00 for la-idb-it-dbl4c4lnsxfz.la-idb-it-tablequz4rfpnqk 
2025-05-16 09:54:32,230 - timestream_logger - INFO - Progress Percentage for batch start_time >= 2005-07-05 00:00:00 and end_time < 2005-10-12 00:00:00 for la-idb-it-dbl4c4lnsxfz.la-idb-it-tablequz4rfpnqk : 100.0%
2025-05-16 09:54:32,272 - timestream_logger - INFO - {}
2025-05-16 09:54:32,273 - timestream_logger - INFO - Rows exported for batch start_time >= 2005-07-05 00:00:00 and end_time < 2005-10-12 00:00:00 for la-idb-it-dbl4c4lnsxfz.la-idb-it-tablequz4rfpnqk: 0
2025-05-16 09:54:32,273 - timestream_logger - INFO - DynamoDB logging is disabled. Skipping logging to DynamoDB.
2025-05-16 09:54:32,273 - timestream_logger - INFO - Building unload query for la-idb-it-dbl4c4lnsxfz.la-idb-it-tablequz4rfpnqk
2025-05-16 09:54:32,274 - timestream_logger - INFO - DynamoDB logging is disabled. Skipping logging to DynamoDB.
2025-05-16 09:54:32,274 - timestream_logger - INFO - Running unload query for la-idb-it-dbl4c4lnsxfz.la-idb-it-tablequz4rfpnqk
2025-05-16 09:54:32,274 - timestream_logger - INFO - QUERY EXECUTING: UNLOAD( SELECT *, DATE_FORMAT(time,'%Y-%m-%d') as partition_date FROM "la-idb-it-dbl4c4lnsxfz"."la-idb-it-tablequz4rfpnqk" WHERE time >= '2005-10-12 00:00:00' AND time < '2006-01-19 00:00:00') TO 's3://la-idb-it-bucket34a1of401x/la-idb-it-dbl4c4lnsxfz/la-idb-it-tablequz4rfpnqk/unload-2025-05-16-16:50:51' WITH ( partitioned_by = ARRAY['partition_date'], max_file_size='2GB', format='PARQUET', encryption='SSE_S3', compression='NONE')
2025-05-16 09:54:32,274 - timestream_logger - INFO - UNLOAD IN PROGRESS for batch start_time >= 2005-10-12 00:00:00 and end_time < 2006-01-19 00:00:00 for la-idb-it-dbl4c4lnsxfz.la-idb-it-tablequz4rfpnqk 
2025-05-16 09:54:34,009 - timestream_logger - INFO - Progress Percentage for batch start_time >= 2005-10-12 00:00:00 and end_time < 2006-01-19 00:00:00 for la-idb-it-dbl4c4lnsxfz.la-idb-it-tablequz4rfpnqk : 100.0%
2025-05-16 09:54:34,065 - timestream_logger - INFO - {}
2025-05-16 09:54:34,066 - timestream_logger - INFO - Rows exported for batch start_time >= 2005-10-12 00:00:00 and end_time < 2006-01-19 00:00:00 for la-idb-it-dbl4c4lnsxfz.la-idb-it-tablequz4rfpnqk: 0
2025-05-16 09:54:34,066 - timestream_logger - INFO - DynamoDB logging is disabled. Skipping logging to DynamoDB.
2025-05-16 09:54:34,066 - timestream_logger - INFO - Building unload query for la-idb-it-dbl4c4lnsxfz.la-idb-it-tablequz4rfpnqk
2025-05-16 09:54:34,067 - timestream_logger - INFO - DynamoDB logging is disabled. Skipping logging to DynamoDB.
2025-05-16 09:54:34,067 - timestream_logger - INFO - Running unload query for la-idb-it-dbl4c4lnsxfz.la-idb-it-tablequz4rfpnqk
2025-05-16 09:54:34,067 - timestream_logger - INFO - QUERY EXECUTING: UNLOAD( SELECT *, DATE_FORMAT(time,'%Y-%m-%d') as partition_date FROM "la-idb-it-dbl4c4lnsxfz"."la-idb-it-tablequz4rfpnqk" WHERE time >= '2006-01-19 00:00:00' AND time < '2006-04-28 00:00:00') TO 's3://la-idb-it-bucket34a1of401x/la-idb-it-dbl4c4lnsxfz/la-idb-it-tablequz4rfpnqk/unload-2025-05-16-16:50:51' WITH ( partitioned_by = ARRAY['partition_date'], max_file_size='2GB', format='PARQUET', encryption='SSE_S3', compression='NONE')
2025-05-16 09:54:34,067 - timestream_logger - INFO - UNLOAD IN PROGRESS for batch start_time >= 2006-01-19 00:00:00 and end_time < 2006-04-28 00:00:00 for la-idb-it-dbl4c4lnsxfz.la-idb-it-tablequz4rfpnqk 
2025-05-16 09:54:35,154 - timestream_logger - INFO - Progress Percentage for batch start_time >= 2006-01-19 00:00:00 and end_time < 2006-04-28 00:00:00 for la-idb-it-dbl4c4lnsxfz.la-idb-it-tablequz4rfpnqk : 100.0%
2025-05-16 09:54:35,196 - timestream_logger - INFO - {}
2025-05-16 09:54:35,196 - timestream_logger - INFO - Rows exported for batch start_time >= 2006-01-19 00:00:00 and end_time < 2006-04-28 00:00:00 for la-idb-it-dbl4c4lnsxfz.la-idb-it-tablequz4rfpnqk: 0
2025-05-16 09:54:35,196 - timestream_logger - INFO - DynamoDB logging is disabled. Skipping logging to DynamoDB.
2025-05-16 09:54:35,197 - timestream_logger - INFO - Building unload query for la-idb-it-dbl4c4lnsxfz.la-idb-it-tablequz4rfpnqk
2025-05-16 09:54:35,197 - timestream_logger - INFO - DynamoDB logging is disabled. Skipping logging to DynamoDB.
2025-05-16 09:54:35,197 - timestream_logger - INFO - Running unload query for la-idb-it-dbl4c4lnsxfz.la-idb-it-tablequz4rfpnqk
2025-05-16 09:54:35,197 - timestream_logger - INFO - QUERY EXECUTING: UNLOAD( SELECT *, DATE_FORMAT(time,'%Y-%m-%d') as partition_date FROM "la-idb-it-dbl4c4lnsxfz"."la-idb-it-tablequz4rfpnqk" WHERE time >= '2006-04-28 00:00:00' AND time < '2006-08-05 00:00:00') TO 's3://la-idb-it-bucket34a1of401x/la-idb-it-dbl4c4lnsxfz/la-idb-it-tablequz4rfpnqk/unload-2025-05-16-16:50:51' WITH ( partitioned_by = ARRAY['partition_date'], max_file_size='2GB', format='PARQUET', encryption='SSE_S3', compression='NONE')
2025-05-16 09:54:35,198 - timestream_logger - INFO - UNLOAD IN PROGRESS for batch start_time >= 2006-04-28 00:00:00 and end_time < 2006-08-05 00:00:00 for la-idb-it-dbl4c4lnsxfz.la-idb-it-tablequz4rfpnqk 
2025-05-16 09:54:36,515 - timestream_logger - INFO - Progress Percentage for batch start_time >= 2006-04-28 00:00:00 and end_time < 2006-08-05 00:00:00 for la-idb-it-dbl4c4lnsxfz.la-idb-it-tablequz4rfpnqk : 100.0%
2025-05-16 09:54:36,556 - timestream_logger - INFO - {}
2025-05-16 09:54:36,556 - timestream_logger - INFO - Rows exported for batch start_time >= 2006-04-28 00:00:00 and end_time < 2006-08-05 00:00:00 for la-idb-it-dbl4c4lnsxfz.la-idb-it-tablequz4rfpnqk: 0
2025-05-16 09:54:36,557 - timestream_logger - INFO - DynamoDB logging is disabled. Skipping logging to DynamoDB.
2025-05-16 09:54:36,557 - timestream_logger - INFO - Building unload query for la-idb-it-dbl4c4lnsxfz.la-idb-it-tablequz4rfpnqk
2025-05-16 09:54:36,557 - timestream_logger - INFO - DynamoDB logging is disabled. Skipping logging to DynamoDB.
2025-05-16 09:54:36,557 - timestream_logger - INFO - Running unload query for la-idb-it-dbl4c4lnsxfz.la-idb-it-tablequz4rfpnqk
2025-05-16 09:54:36,558 - timestream_logger - INFO - QUERY EXECUTING: UNLOAD( SELECT *, DATE_FORMAT(time,'%Y-%m-%d') as partition_date FROM "la-idb-it-dbl4c4lnsxfz"."la-idb-it-tablequz4rfpnqk" WHERE time >= '2006-08-05 00:00:00' AND time < '2006-11-12 00:00:00') TO 's3://la-idb-it-bucket34a1of401x/la-idb-it-dbl4c4lnsxfz/la-idb-it-tablequz4rfpnqk/unload-2025-05-16-16:50:51' WITH ( partitioned_by = ARRAY['partition_date'], max_file_size='2GB', format='PARQUET', encryption='SSE_S3', compression='NONE')
2025-05-16 09:54:36,558 - timestream_logger - INFO - UNLOAD IN PROGRESS for batch start_time >= 2006-08-05 00:00:00 and end_time < 2006-11-12 00:00:00 for la-idb-it-dbl4c4lnsxfz.la-idb-it-tablequz4rfpnqk 
2025-05-16 09:54:39,796 - timestream_logger - INFO - Progress Percentage for batch start_time >= 2006-08-05 00:00:00 and end_time < 2006-11-12 00:00:00 for la-idb-it-dbl4c4lnsxfz.la-idb-it-tablequz4rfpnqk : 100.0%
2025-05-16 09:54:39,840 - timestream_logger - INFO - {}
2025-05-16 09:54:39,840 - timestream_logger - INFO - Rows exported for batch start_time >= 2006-08-05 00:00:00 and end_time < 2006-11-12 00:00:00 for la-idb-it-dbl4c4lnsxfz.la-idb-it-tablequz4rfpnqk: 0
2025-05-16 09:54:39,840 - timestream_logger - INFO - DynamoDB logging is disabled. Skipping logging to DynamoDB.
2025-05-16 09:54:39,841 - timestream_logger - INFO - Building unload query for la-idb-it-dbl4c4lnsxfz.la-idb-it-tablequz4rfpnqk
2025-05-16 09:54:39,841 - timestream_logger - INFO - DynamoDB logging is disabled. Skipping logging to DynamoDB.
2025-05-16 09:54:39,841 - timestream_logger - INFO - Running unload query for la-idb-it-dbl4c4lnsxfz.la-idb-it-tablequz4rfpnqk
2025-05-16 09:54:39,842 - timestream_logger - INFO - QUERY EXECUTING: UNLOAD( SELECT *, DATE_FORMAT(time,'%Y-%m-%d') as partition_date FROM "la-idb-it-dbl4c4lnsxfz"."la-idb-it-tablequz4rfpnqk" WHERE time >= '2006-11-12 00:00:00' AND time < '2007-02-19 00:00:00') TO 's3://la-idb-it-bucket34a1of401x/la-idb-it-dbl4c4lnsxfz/la-idb-it-tablequz4rfpnqk/unload-2025-05-16-16:50:51' WITH ( partitioned_by = ARRAY['partition_date'], max_file_size='2GB', format='PARQUET', encryption='SSE_S3', compression='NONE')
2025-05-16 09:54:39,842 - timestream_logger - INFO - UNLOAD IN PROGRESS for batch start_time >= 2006-11-12 00:00:00 and end_time < 2007-02-19 00:00:00 for la-idb-it-dbl4c4lnsxfz.la-idb-it-tablequz4rfpnqk 
2025-05-16 09:54:41,393 - timestream_logger - INFO - Progress Percentage for batch start_time >= 2006-11-12 00:00:00 and end_time < 2007-02-19 00:00:00 for la-idb-it-dbl4c4lnsxfz.la-idb-it-tablequz4rfpnqk : 100.0%
2025-05-16 09:54:41,434 - timestream_logger - INFO - {}
2025-05-16 09:54:41,435 - timestream_logger - INFO - Rows exported for batch start_time >= 2006-11-12 00:00:00 and end_time < 2007-02-19 00:00:00 for la-idb-it-dbl4c4lnsxfz.la-idb-it-tablequz4rfpnqk: 0
2025-05-16 09:54:41,435 - timestream_logger - INFO - DynamoDB logging is disabled. Skipping logging to DynamoDB.
2025-05-16 09:54:41,435 - timestream_logger - INFO - Building unload query for la-idb-it-dbl4c4lnsxfz.la-idb-it-tablequz4rfpnqk
2025-05-16 09:54:41,435 - timestream_logger - INFO - DynamoDB logging is disabled. Skipping logging to DynamoDB.
2025-05-16 09:54:41,436 - timestream_logger - INFO - Running unload query for la-idb-it-dbl4c4lnsxfz.la-idb-it-tablequz4rfpnqk
2025-05-16 09:54:41,436 - timestream_logger - INFO - QUERY EXECUTING: UNLOAD( SELECT *, DATE_FORMAT(time,'%Y-%m-%d') as partition_date FROM "la-idb-it-dbl4c4lnsxfz"."la-idb-it-tablequz4rfpnqk" WHERE time >= '2007-02-19 00:00:00' AND time < '2007-05-29 00:00:00') TO 's3://la-idb-it-bucket34a1of401x/la-idb-it-dbl4c4lnsxfz/la-idb-it-tablequz4rfpnqk/unload-2025-05-16-16:50:51' WITH ( partitioned_by = ARRAY['partition_date'], max_file_size='2GB', format='PARQUET', encryption='SSE_S3', compression='NONE')
2025-05-16 09:54:41,436 - timestream_logger - INFO - UNLOAD IN PROGRESS for batch start_time >= 2007-02-19 00:00:00 and end_time < 2007-05-29 00:00:00 for la-idb-it-dbl4c4lnsxfz.la-idb-it-tablequz4rfpnqk 
2025-05-16 09:54:43,308 - timestream_logger - INFO - Progress Percentage for batch start_time >= 2007-02-19 00:00:00 and end_time < 2007-05-29 00:00:00 for la-idb-it-dbl4c4lnsxfz.la-idb-it-tablequz4rfpnqk : 100.0%
2025-05-16 09:54:43,352 - timestream_logger - INFO - {}
2025-05-16 09:54:43,352 - timestream_logger - INFO - Rows exported for batch start_time >= 2007-02-19 00:00:00 and end_time < 2007-05-29 00:00:00 for la-idb-it-dbl4c4lnsxfz.la-idb-it-tablequz4rfpnqk: 0
2025-05-16 09:54:43,353 - timestream_logger - INFO - DynamoDB logging is disabled. Skipping logging to DynamoDB.
2025-05-16 09:54:43,353 - timestream_logger - INFO - Building unload query for la-idb-it-dbl4c4lnsxfz.la-idb-it-tablequz4rfpnqk
2025-05-16 09:54:43,353 - timestream_logger - INFO - DynamoDB logging is disabled. Skipping logging to DynamoDB.
2025-05-16 09:54:43,353 - timestream_logger - INFO - Running unload query for la-idb-it-dbl4c4lnsxfz.la-idb-it-tablequz4rfpnqk
2025-05-16 09:54:43,354 - timestream_logger - INFO - QUERY EXECUTING: UNLOAD( SELECT *, DATE_FORMAT(time,'%Y-%m-%d') as partition_date FROM "la-idb-it-dbl4c4lnsxfz"."la-idb-it-tablequz4rfpnqk" WHERE time >= '2007-05-29 00:00:00' AND time < '2007-09-05 00:00:00') TO 's3://la-idb-it-bucket34a1of401x/la-idb-it-dbl4c4lnsxfz/la-idb-it-tablequz4rfpnqk/unload-2025-05-16-16:50:51' WITH ( partitioned_by = ARRAY['partition_date'], max_file_size='2GB', format='PARQUET', encryption='SSE_S3', compression='NONE')
2025-05-16 09:54:43,354 - timestream_logger - INFO - UNLOAD IN PROGRESS for batch start_time >= 2007-05-29 00:00:00 and end_time < 2007-09-05 00:00:00 for la-idb-it-dbl4c4lnsxfz.la-idb-it-tablequz4rfpnqk 
2025-05-16 09:54:45,096 - timestream_logger - INFO - Progress Percentage for batch start_time >= 2007-05-29 00:00:00 and end_time < 2007-09-05 00:00:00 for la-idb-it-dbl4c4lnsxfz.la-idb-it-tablequz4rfpnqk : 100.0%
2025-05-16 09:54:45,168 - timestream_logger - INFO - {}
2025-05-16 09:54:45,169 - timestream_logger - INFO - Rows exported for batch start_time >= 2007-05-29 00:00:00 and end_time < 2007-09-05 00:00:00 for la-idb-it-dbl4c4lnsxfz.la-idb-it-tablequz4rfpnqk: 0
2025-05-16 09:54:45,169 - timestream_logger - INFO - DynamoDB logging is disabled. Skipping logging to DynamoDB.
2025-05-16 09:54:45,169 - timestream_logger - INFO - Building unload query for la-idb-it-dbl4c4lnsxfz.la-idb-it-tablequz4rfpnqk
2025-05-16 09:54:45,169 - timestream_logger - INFO - DynamoDB logging is disabled. Skipping logging to DynamoDB.
2025-05-16 09:54:45,169 - timestream_logger - INFO - Running unload query for la-idb-it-dbl4c4lnsxfz.la-idb-it-tablequz4rfpnqk
2025-05-16 09:54:45,170 - timestream_logger - INFO - QUERY EXECUTING: UNLOAD( SELECT *, DATE_FORMAT(time,'%Y-%m-%d') as partition_date FROM "la-idb-it-dbl4c4lnsxfz"."la-idb-it-tablequz4rfpnqk" WHERE time >= '2007-09-05 00:00:00' AND time < '2007-12-13 00:00:00') TO 's3://la-idb-it-bucket34a1of401x/la-idb-it-dbl4c4lnsxfz/la-idb-it-tablequz4rfpnqk/unload-2025-05-16-16:50:51' WITH ( partitioned_by = ARRAY['partition_date'], max_file_size='2GB', format='PARQUET', encryption='SSE_S3', compression='NONE')
2025-05-16 09:54:45,171 - timestream_logger - INFO - UNLOAD IN PROGRESS for batch start_time >= 2007-09-05 00:00:00 and end_time < 2007-12-13 00:00:00 for la-idb-it-dbl4c4lnsxfz.la-idb-it-tablequz4rfpnqk 
2025-05-16 09:54:47,550 - timestream_logger - INFO - Progress Percentage for batch start_time >= 2007-09-05 00:00:00 and end_time < 2007-12-13 00:00:00 for la-idb-it-dbl4c4lnsxfz.la-idb-it-tablequz4rfpnqk : 100.0%
2025-05-16 09:54:47,597 - timestream_logger - INFO - {}
2025-05-16 09:54:47,598 - timestream_logger - INFO - Rows exported for batch start_time >= 2007-09-05 00:00:00 and end_time < 2007-12-13 00:00:00 for la-idb-it-dbl4c4lnsxfz.la-idb-it-tablequz4rfpnqk: 0
2025-05-16 09:54:47,598 - timestream_logger - INFO - DynamoDB logging is disabled. Skipping logging to DynamoDB.
2025-05-16 09:54:47,598 - timestream_logger - INFO - Building unload query for la-idb-it-dbl4c4lnsxfz.la-idb-it-tablequz4rfpnqk
2025-05-16 09:54:47,598 - timestream_logger - INFO - DynamoDB logging is disabled. Skipping logging to DynamoDB.
2025-05-16 09:54:47,599 - timestream_logger - INFO - Running unload query for la-idb-it-dbl4c4lnsxfz.la-idb-it-tablequz4rfpnqk
2025-05-16 09:54:47,599 - timestream_logger - INFO - QUERY EXECUTING: UNLOAD( SELECT *, DATE_FORMAT(time,'%Y-%m-%d') as partition_date FROM "la-idb-it-dbl4c4lnsxfz"."la-idb-it-tablequz4rfpnqk" WHERE time >= '2007-12-13 00:00:00' AND time < '2008-03-21 00:00:00') TO 's3://la-idb-it-bucket34a1of401x/la-idb-it-dbl4c4lnsxfz/la-idb-it-tablequz4rfpnqk/unload-2025-05-16-16:50:51' WITH ( partitioned_by = ARRAY['partition_date'], max_file_size='2GB', format='PARQUET', encryption='SSE_S3', compression='NONE')
2025-05-16 09:54:47,600 - timestream_logger - INFO - UNLOAD IN PROGRESS for batch start_time >= 2007-12-13 00:00:00 and end_time < 2008-03-21 00:00:00 for la-idb-it-dbl4c4lnsxfz.la-idb-it-tablequz4rfpnqk 
2025-05-16 09:54:48,718 - timestream_logger - INFO - Progress Percentage for batch start_time >= 2007-12-13 00:00:00 and end_time < 2008-03-21 00:00:00 for la-idb-it-dbl4c4lnsxfz.la-idb-it-tablequz4rfpnqk : 100.0%
2025-05-16 09:54:48,797 - timestream_logger - INFO - {}
2025-05-16 09:54:48,797 - timestream_logger - INFO - Rows exported for batch start_time >= 2007-12-13 00:00:00 and end_time < 2008-03-21 00:00:00 for la-idb-it-dbl4c4lnsxfz.la-idb-it-tablequz4rfpnqk: 0
2025-05-16 09:54:48,797 - timestream_logger - INFO - DynamoDB logging is disabled. Skipping logging to DynamoDB.
2025-05-16 09:54:48,798 - timestream_logger - INFO - Building unload query for la-idb-it-dbl4c4lnsxfz.la-idb-it-tablequz4rfpnqk
2025-05-16 09:54:48,798 - timestream_logger - INFO - DynamoDB logging is disabled. Skipping logging to DynamoDB.
2025-05-16 09:54:48,798 - timestream_logger - INFO - Running unload query for la-idb-it-dbl4c4lnsxfz.la-idb-it-tablequz4rfpnqk
2025-05-16 09:54:48,799 - timestream_logger - INFO - QUERY EXECUTING: UNLOAD( SELECT *, DATE_FORMAT(time,'%Y-%m-%d') as partition_date FROM "la-idb-it-dbl4c4lnsxfz"."la-idb-it-tablequz4rfpnqk" WHERE time >= '2008-03-21 00:00:00' AND time < '2008-06-28 00:00:00') TO 's3://la-idb-it-bucket34a1of401x/la-idb-it-dbl4c4lnsxfz/la-idb-it-tablequz4rfpnqk/unload-2025-05-16-16:50:51' WITH ( partitioned_by = ARRAY['partition_date'], max_file_size='2GB', format='PARQUET', encryption='SSE_S3', compression='NONE')
2025-05-16 09:54:48,799 - timestream_logger - INFO - UNLOAD IN PROGRESS for batch start_time >= 2008-03-21 00:00:00 and end_time < 2008-06-28 00:00:00 for la-idb-it-dbl4c4lnsxfz.la-idb-it-tablequz4rfpnqk 
2025-05-16 09:54:50,017 - timestream_logger - INFO - Progress Percentage for batch start_time >= 2008-03-21 00:00:00 and end_time < 2008-06-28 00:00:00 for la-idb-it-dbl4c4lnsxfz.la-idb-it-tablequz4rfpnqk : 100.0%
2025-05-16 09:54:50,091 - timestream_logger - INFO - {}
2025-05-16 09:54:50,092 - timestream_logger - INFO - Rows exported for batch start_time >= 2008-03-21 00:00:00 and end_time < 2008-06-28 00:00:00 for la-idb-it-dbl4c4lnsxfz.la-idb-it-tablequz4rfpnqk: 0
2025-05-16 09:54:50,092 - timestream_logger - INFO - DynamoDB logging is disabled. Skipping logging to DynamoDB.
2025-05-16 09:54:50,092 - timestream_logger - INFO - Building unload query for la-idb-it-dbl4c4lnsxfz.la-idb-it-tablequz4rfpnqk
2025-05-16 09:54:50,092 - timestream_logger - INFO - DynamoDB logging is disabled. Skipping logging to DynamoDB.
2025-05-16 09:54:50,092 - timestream_logger - INFO - Running unload query for la-idb-it-dbl4c4lnsxfz.la-idb-it-tablequz4rfpnqk
2025-05-16 09:54:50,092 - timestream_logger - INFO - QUERY EXECUTING: UNLOAD( SELECT *, DATE_FORMAT(time,'%Y-%m-%d') as partition_date FROM "la-idb-it-dbl4c4lnsxfz"."la-idb-it-tablequz4rfpnqk" WHERE time >= '2008-06-28 00:00:00' AND time < '2008-10-05 00:00:00') TO 's3://la-idb-it-bucket34a1of401x/la-idb-it-dbl4c4lnsxfz/la-idb-it-tablequz4rfpnqk/unload-2025-05-16-16:50:51' WITH ( partitioned_by = ARRAY['partition_date'], max_file_size='2GB', format='PARQUET', encryption='SSE_S3', compression='NONE')
2025-05-16 09:54:50,093 - timestream_logger - INFO - UNLOAD IN PROGRESS for batch start_time >= 2008-06-28 00:00:00 and end_time < 2008-10-05 00:00:00 for la-idb-it-dbl4c4lnsxfz.la-idb-it-tablequz4rfpnqk 
2025-05-16 09:54:52,362 - timestream_logger - INFO - Progress Percentage for batch start_time >= 2008-06-28 00:00:00 and end_time < 2008-10-05 00:00:00 for la-idb-it-dbl4c4lnsxfz.la-idb-it-tablequz4rfpnqk : 100.0%
2025-05-16 09:54:52,404 - timestream_logger - INFO - {}
2025-05-16 09:54:52,407 - timestream_logger - INFO - Rows exported for batch start_time >= 2008-06-28 00:00:00 and end_time < 2008-10-05 00:00:00 for la-idb-it-dbl4c4lnsxfz.la-idb-it-tablequz4rfpnqk: 0
2025-05-16 09:54:52,407 - timestream_logger - INFO - DynamoDB logging is disabled. Skipping logging to DynamoDB.
2025-05-16 09:54:52,412 - timestream_logger - INFO - Building unload query for la-idb-it-dbl4c4lnsxfz.la-idb-it-tablequz4rfpnqk
2025-05-16 09:54:52,412 - timestream_logger - INFO - DynamoDB logging is disabled. Skipping logging to DynamoDB.
2025-05-16 09:54:52,412 - timestream_logger - INFO - Running unload query for la-idb-it-dbl4c4lnsxfz.la-idb-it-tablequz4rfpnqk
2025-05-16 09:54:52,413 - timestream_logger - INFO - QUERY EXECUTING: UNLOAD( SELECT *, DATE_FORMAT(time,'%Y-%m-%d') as partition_date FROM "la-idb-it-dbl4c4lnsxfz"."la-idb-it-tablequz4rfpnqk" WHERE time >= '2008-10-05 00:00:00' AND time < '2009-01-12 00:00:00') TO 's3://la-idb-it-bucket34a1of401x/la-idb-it-dbl4c4lnsxfz/la-idb-it-tablequz4rfpnqk/unload-2025-05-16-16:50:51' WITH ( partitioned_by = ARRAY['partition_date'], max_file_size='2GB', format='PARQUET', encryption='SSE_S3', compression='NONE')
2025-05-16 09:54:52,413 - timestream_logger - INFO - UNLOAD IN PROGRESS for batch start_time >= 2008-10-05 00:00:00 and end_time < 2009-01-12 00:00:00 for la-idb-it-dbl4c4lnsxfz.la-idb-it-tablequz4rfpnqk 
2025-05-16 09:54:53,839 - timestream_logger - INFO - Progress Percentage for batch start_time >= 2008-10-05 00:00:00 and end_time < 2009-01-12 00:00:00 for la-idb-it-dbl4c4lnsxfz.la-idb-it-tablequz4rfpnqk : 100.0%
2025-05-16 09:54:53,883 - timestream_logger - INFO - {}
2025-05-16 09:54:53,883 - timestream_logger - INFO - Rows exported for batch start_time >= 2008-10-05 00:00:00 and end_time < 2009-01-12 00:00:00 for la-idb-it-dbl4c4lnsxfz.la-idb-it-tablequz4rfpnqk: 0
2025-05-16 09:54:53,883 - timestream_logger - INFO - DynamoDB logging is disabled. Skipping logging to DynamoDB.
2025-05-16 09:54:53,883 - timestream_logger - INFO - Building unload query for la-idb-it-dbl4c4lnsxfz.la-idb-it-tablequz4rfpnqk
2025-05-16 09:54:53,883 - timestream_logger - INFO - DynamoDB logging is disabled. Skipping logging to DynamoDB.
2025-05-16 09:54:53,884 - timestream_logger - INFO - Running unload query for la-idb-it-dbl4c4lnsxfz.la-idb-it-tablequz4rfpnqk
2025-05-16 09:54:53,884 - timestream_logger - INFO - QUERY EXECUTING: UNLOAD( SELECT *, DATE_FORMAT(time,'%Y-%m-%d') as partition_date FROM "la-idb-it-dbl4c4lnsxfz"."la-idb-it-tablequz4rfpnqk" WHERE time >= '2009-01-12 00:00:00' AND time < '2009-04-21 00:00:00') TO 's3://la-idb-it-bucket34a1of401x/la-idb-it-dbl4c4lnsxfz/la-idb-it-tablequz4rfpnqk/unload-2025-05-16-16:50:51' WITH ( partitioned_by = ARRAY['partition_date'], max_file_size='2GB', format='PARQUET', encryption='SSE_S3', compression='NONE')
2025-05-16 09:54:53,884 - timestream_logger - INFO - UNLOAD IN PROGRESS for batch start_time >= 2009-01-12 00:00:00 and end_time < 2009-04-21 00:00:00 for la-idb-it-dbl4c4lnsxfz.la-idb-it-tablequz4rfpnqk 
2025-05-16 09:54:56,385 - timestream_logger - INFO - Progress Percentage for batch start_time >= 2009-01-12 00:00:00 and end_time < 2009-04-21 00:00:00 for la-idb-it-dbl4c4lnsxfz.la-idb-it-tablequz4rfpnqk : 100.0%
2025-05-16 09:54:56,426 - timestream_logger - INFO - {}
2025-05-16 09:54:56,426 - timestream_logger - INFO - Rows exported for batch start_time >= 2009-01-12 00:00:00 and end_time < 2009-04-21 00:00:00 for la-idb-it-dbl4c4lnsxfz.la-idb-it-tablequz4rfpnqk: 0
2025-05-16 09:54:56,426 - timestream_logger - INFO - DynamoDB logging is disabled. Skipping logging to DynamoDB.
2025-05-16 09:54:56,427 - timestream_logger - INFO - Building unload query for la-idb-it-dbl4c4lnsxfz.la-idb-it-tablequz4rfpnqk
2025-05-16 09:54:56,427 - timestream_logger - INFO - DynamoDB logging is disabled. Skipping logging to DynamoDB.
2025-05-16 09:54:56,427 - timestream_logger - INFO - Running unload query for la-idb-it-dbl4c4lnsxfz.la-idb-it-tablequz4rfpnqk
2025-05-16 09:54:56,427 - timestream_logger - INFO - QUERY EXECUTING: UNLOAD( SELECT *, DATE_FORMAT(time,'%Y-%m-%d') as partition_date FROM "la-idb-it-dbl4c4lnsxfz"."la-idb-it-tablequz4rfpnqk" WHERE time >= '2009-04-21 00:00:00' AND time < '2009-07-29 00:00:00') TO 's3://la-idb-it-bucket34a1of401x/la-idb-it-dbl4c4lnsxfz/la-idb-it-tablequz4rfpnqk/unload-2025-05-16-16:50:51' WITH ( partitioned_by = ARRAY['partition_date'], max_file_size='2GB', format='PARQUET', encryption='SSE_S3', compression='NONE')
2025-05-16 09:54:56,428 - timestream_logger - INFO - UNLOAD IN PROGRESS for batch start_time >= 2009-04-21 00:00:00 and end_time < 2009-07-29 00:00:00 for la-idb-it-dbl4c4lnsxfz.la-idb-it-tablequz4rfpnqk 
2025-05-16 09:54:57,533 - timestream_logger - INFO - Progress Percentage for batch start_time >= 2009-04-21 00:00:00 and end_time < 2009-07-29 00:00:00 for la-idb-it-dbl4c4lnsxfz.la-idb-it-tablequz4rfpnqk : 100.0%
2025-05-16 09:54:57,573 - timestream_logger - INFO - {}
2025-05-16 09:54:57,573 - timestream_logger - INFO - Rows exported for batch start_time >= 2009-04-21 00:00:00 and end_time < 2009-07-29 00:00:00 for la-idb-it-dbl4c4lnsxfz.la-idb-it-tablequz4rfpnqk: 0
2025-05-16 09:54:57,573 - timestream_logger - INFO - DynamoDB logging is disabled. Skipping logging to DynamoDB.
2025-05-16 09:54:57,574 - timestream_logger - INFO - Building unload query for la-idb-it-dbl4c4lnsxfz.la-idb-it-tablequz4rfpnqk
2025-05-16 09:54:57,574 - timestream_logger - INFO - DynamoDB logging is disabled. Skipping logging to DynamoDB.
2025-05-16 09:54:57,574 - timestream_logger - INFO - Running unload query for la-idb-it-dbl4c4lnsxfz.la-idb-it-tablequz4rfpnqk
2025-05-16 09:54:57,574 - timestream_logger - INFO - QUERY EXECUTING: UNLOAD( SELECT *, DATE_FORMAT(time,'%Y-%m-%d') as partition_date FROM "la-idb-it-dbl4c4lnsxfz"."la-idb-it-tablequz4rfpnqk" WHERE time >= '2009-07-29 00:00:00' AND time < '2009-11-05 00:00:00') TO 's3://la-idb-it-bucket34a1of401x/la-idb-it-dbl4c4lnsxfz/la-idb-it-tablequz4rfpnqk/unload-2025-05-16-16:50:51' WITH ( partitioned_by = ARRAY['partition_date'], max_file_size='2GB', format='PARQUET', encryption='SSE_S3', compression='NONE')
2025-05-16 09:54:57,575 - timestream_logger - INFO - UNLOAD IN PROGRESS for batch start_time >= 2009-07-29 00:00:00 and end_time < 2009-11-05 00:00:00 for la-idb-it-dbl4c4lnsxfz.la-idb-it-tablequz4rfpnqk 
2025-05-16 09:55:01,592 - timestream_logger - INFO - Progress Percentage for batch start_time >= 2009-07-29 00:00:00 and end_time < 2009-11-05 00:00:00 for la-idb-it-dbl4c4lnsxfz.la-idb-it-tablequz4rfpnqk : 100.0%
2025-05-16 09:55:01,632 - timestream_logger - INFO - {}
2025-05-16 09:55:01,632 - timestream_logger - INFO - Rows exported for batch start_time >= 2009-07-29 00:00:00 and end_time < 2009-11-05 00:00:00 for la-idb-it-dbl4c4lnsxfz.la-idb-it-tablequz4rfpnqk: 0
2025-05-16 09:55:01,633 - timestream_logger - INFO - DynamoDB logging is disabled. Skipping logging to DynamoDB.
2025-05-16 09:55:01,633 - timestream_logger - INFO - Building unload query for la-idb-it-dbl4c4lnsxfz.la-idb-it-tablequz4rfpnqk
2025-05-16 09:55:01,633 - timestream_logger - INFO - DynamoDB logging is disabled. Skipping logging to DynamoDB.
2025-05-16 09:55:01,633 - timestream_logger - INFO - Running unload query for la-idb-it-dbl4c4lnsxfz.la-idb-it-tablequz4rfpnqk
2025-05-16 09:55:01,634 - timestream_logger - INFO - QUERY EXECUTING: UNLOAD( SELECT *, DATE_FORMAT(time,'%Y-%m-%d') as partition_date FROM "la-idb-it-dbl4c4lnsxfz"."la-idb-it-tablequz4rfpnqk" WHERE time >= '2009-11-05 00:00:00' AND time < '2010-02-12 00:00:00') TO 's3://la-idb-it-bucket34a1of401x/la-idb-it-dbl4c4lnsxfz/la-idb-it-tablequz4rfpnqk/unload-2025-05-16-16:50:51' WITH ( partitioned_by = ARRAY['partition_date'], max_file_size='2GB', format='PARQUET', encryption='SSE_S3', compression='NONE')
2025-05-16 09:55:01,634 - timestream_logger - INFO - UNLOAD IN PROGRESS for batch start_time >= 2009-11-05 00:00:00 and end_time < 2010-02-12 00:00:00 for la-idb-it-dbl4c4lnsxfz.la-idb-it-tablequz4rfpnqk 
2025-05-16 09:55:02,702 - timestream_logger - INFO - Progress Percentage for batch start_time >= 2009-11-05 00:00:00 and end_time < 2010-02-12 00:00:00 for la-idb-it-dbl4c4lnsxfz.la-idb-it-tablequz4rfpnqk : 100.0%
2025-05-16 09:55:02,745 - timestream_logger - INFO - {}
2025-05-16 09:55:02,746 - timestream_logger - INFO - Rows exported for batch start_time >= 2009-11-05 00:00:00 and end_time < 2010-02-12 00:00:00 for la-idb-it-dbl4c4lnsxfz.la-idb-it-tablequz4rfpnqk: 0
2025-05-16 09:55:02,746 - timestream_logger - INFO - DynamoDB logging is disabled. Skipping logging to DynamoDB.
2025-05-16 09:55:02,746 - timestream_logger - INFO - Building unload query for la-idb-it-dbl4c4lnsxfz.la-idb-it-tablequz4rfpnqk
2025-05-16 09:55:02,746 - timestream_logger - INFO - DynamoDB logging is disabled. Skipping logging to DynamoDB.
2025-05-16 09:55:02,746 - timestream_logger - INFO - Running unload query for la-idb-it-dbl4c4lnsxfz.la-idb-it-tablequz4rfpnqk
2025-05-16 09:55:02,747 - timestream_logger - INFO - QUERY EXECUTING: UNLOAD( SELECT *, DATE_FORMAT(time,'%Y-%m-%d') as partition_date FROM "la-idb-it-dbl4c4lnsxfz"."la-idb-it-tablequz4rfpnqk" WHERE time >= '2010-02-12 00:00:00' AND time < '2010-05-22 00:00:00') TO 's3://la-idb-it-bucket34a1of401x/la-idb-it-dbl4c4lnsxfz/la-idb-it-tablequz4rfpnqk/unload-2025-05-16-16:50:51' WITH ( partitioned_by = ARRAY['partition_date'], max_file_size='2GB', format='PARQUET', encryption='SSE_S3', compression='NONE')
2025-05-16 09:55:02,747 - timestream_logger - INFO - UNLOAD IN PROGRESS for batch start_time >= 2010-02-12 00:00:00 and end_time < 2010-05-22 00:00:00 for la-idb-it-dbl4c4lnsxfz.la-idb-it-tablequz4rfpnqk 
2025-05-16 09:55:03,201 - timestream_logger - INFO - Progress Percentage for batch start_time >= 2010-02-12 00:00:00 and end_time < 2010-05-22 00:00:00 for la-idb-it-dbl4c4lnsxfz.la-idb-it-tablequz4rfpnqk : 100.0%
2025-05-16 09:55:03,236 - timestream_logger - INFO - {}
2025-05-16 09:55:03,236 - timestream_logger - INFO - Rows exported for batch start_time >= 2010-02-12 00:00:00 and end_time < 2010-05-22 00:00:00 for la-idb-it-dbl4c4lnsxfz.la-idb-it-tablequz4rfpnqk: 0
2025-05-16 09:55:03,236 - timestream_logger - INFO - DynamoDB logging is disabled. Skipping logging to DynamoDB.
2025-05-16 09:55:03,237 - timestream_logger - INFO - Building unload query for la-idb-it-dbl4c4lnsxfz.la-idb-it-tablequz4rfpnqk
2025-05-16 09:55:03,237 - timestream_logger - INFO - DynamoDB logging is disabled. Skipping logging to DynamoDB.
2025-05-16 09:55:03,237 - timestream_logger - INFO - Running unload query for la-idb-it-dbl4c4lnsxfz.la-idb-it-tablequz4rfpnqk
2025-05-16 09:55:03,237 - timestream_logger - INFO - QUERY EXECUTING: UNLOAD( SELECT *, DATE_FORMAT(time,'%Y-%m-%d') as partition_date FROM "la-idb-it-dbl4c4lnsxfz"."la-idb-it-tablequz4rfpnqk" WHERE time >= '2010-05-22 00:00:00' AND time < '2010-08-29 00:00:00') TO 's3://la-idb-it-bucket34a1of401x/la-idb-it-dbl4c4lnsxfz/la-idb-it-tablequz4rfpnqk/unload-2025-05-16-16:50:51' WITH ( partitioned_by = ARRAY['partition_date'], max_file_size='2GB', format='PARQUET', encryption='SSE_S3', compression='NONE')
2025-05-16 09:55:03,238 - timestream_logger - INFO - UNLOAD IN PROGRESS for batch start_time >= 2010-05-22 00:00:00 and end_time < 2010-08-29 00:00:00 for la-idb-it-dbl4c4lnsxfz.la-idb-it-tablequz4rfpnqk 
2025-05-16 09:55:04,325 - timestream_logger - INFO - Progress Percentage for batch start_time >= 2010-05-22 00:00:00 and end_time < 2010-08-29 00:00:00 for la-idb-it-dbl4c4lnsxfz.la-idb-it-tablequz4rfpnqk : 100.0%
2025-05-16 09:55:04,368 - timestream_logger - INFO - {}
2025-05-16 09:55:04,369 - timestream_logger - INFO - Rows exported for batch start_time >= 2010-05-22 00:00:00 and end_time < 2010-08-29 00:00:00 for la-idb-it-dbl4c4lnsxfz.la-idb-it-tablequz4rfpnqk: 0
2025-05-16 09:55:04,369 - timestream_logger - INFO - DynamoDB logging is disabled. Skipping logging to DynamoDB.
2025-05-16 09:55:04,369 - timestream_logger - INFO - Building unload query for la-idb-it-dbl4c4lnsxfz.la-idb-it-tablequz4rfpnqk
2025-05-16 09:55:04,370 - timestream_logger - INFO - DynamoDB logging is disabled. Skipping logging to DynamoDB.
2025-05-16 09:55:04,370 - timestream_logger - INFO - Running unload query for la-idb-it-dbl4c4lnsxfz.la-idb-it-tablequz4rfpnqk
2025-05-16 09:55:04,370 - timestream_logger - INFO - QUERY EXECUTING: UNLOAD( SELECT *, DATE_FORMAT(time,'%Y-%m-%d') as partition_date FROM "la-idb-it-dbl4c4lnsxfz"."la-idb-it-tablequz4rfpnqk" WHERE time >= '2010-08-29 00:00:00' AND time < '2010-12-06 00:00:00') TO 's3://la-idb-it-bucket34a1of401x/la-idb-it-dbl4c4lnsxfz/la-idb-it-tablequz4rfpnqk/unload-2025-05-16-16:50:51' WITH ( partitioned_by = ARRAY['partition_date'], max_file_size='2GB', format='PARQUET', encryption='SSE_S3', compression='NONE')
2025-05-16 09:55:04,371 - timestream_logger - INFO - UNLOAD IN PROGRESS for batch start_time >= 2010-08-29 00:00:00 and end_time < 2010-12-06 00:00:00 for la-idb-it-dbl4c4lnsxfz.la-idb-it-tablequz4rfpnqk 
2025-05-16 09:55:05,603 - timestream_logger - INFO - Progress Percentage for batch start_time >= 2010-08-29 00:00:00 and end_time < 2010-12-06 00:00:00 for la-idb-it-dbl4c4lnsxfz.la-idb-it-tablequz4rfpnqk : 100.0%
2025-05-16 09:55:05,643 - timestream_logger - INFO - {}
2025-05-16 09:55:05,644 - timestream_logger - INFO - Rows exported for batch start_time >= 2010-08-29 00:00:00 and end_time < 2010-12-06 00:00:00 for la-idb-it-dbl4c4lnsxfz.la-idb-it-tablequz4rfpnqk: 0
2025-05-16 09:55:05,645 - timestream_logger - INFO - DynamoDB logging is disabled. Skipping logging to DynamoDB.
2025-05-16 09:55:05,645 - timestream_logger - INFO - Building unload query for la-idb-it-dbl4c4lnsxfz.la-idb-it-tablequz4rfpnqk
2025-05-16 09:55:05,645 - timestream_logger - INFO - DynamoDB logging is disabled. Skipping logging to DynamoDB.
2025-05-16 09:55:05,646 - timestream_logger - INFO - Running unload query for la-idb-it-dbl4c4lnsxfz.la-idb-it-tablequz4rfpnqk
2025-05-16 09:55:05,646 - timestream_logger - INFO - QUERY EXECUTING: UNLOAD( SELECT *, DATE_FORMAT(time,'%Y-%m-%d') as partition_date FROM "la-idb-it-dbl4c4lnsxfz"."la-idb-it-tablequz4rfpnqk" WHERE time >= '2010-12-06 00:00:00' AND time < '2011-03-15 00:00:00') TO 's3://la-idb-it-bucket34a1of401x/la-idb-it-dbl4c4lnsxfz/la-idb-it-tablequz4rfpnqk/unload-2025-05-16-16:50:51' WITH ( partitioned_by = ARRAY['partition_date'], max_file_size='2GB', format='PARQUET', encryption='SSE_S3', compression='NONE')
2025-05-16 09:55:05,646 - timestream_logger - INFO - UNLOAD IN PROGRESS for batch start_time >= 2010-12-06 00:00:00 and end_time < 2011-03-15 00:00:00 for la-idb-it-dbl4c4lnsxfz.la-idb-it-tablequz4rfpnqk 
2025-05-16 09:55:07,714 - timestream_logger - INFO - Progress Percentage for batch start_time >= 2010-12-06 00:00:00 and end_time < 2011-03-15 00:00:00 for la-idb-it-dbl4c4lnsxfz.la-idb-it-tablequz4rfpnqk : 100.0%
2025-05-16 09:55:07,761 - timestream_logger - INFO - {}
2025-05-16 09:55:07,761 - timestream_logger - INFO - Rows exported for batch start_time >= 2010-12-06 00:00:00 and end_time < 2011-03-15 00:00:00 for la-idb-it-dbl4c4lnsxfz.la-idb-it-tablequz4rfpnqk: 0
2025-05-16 09:55:07,762 - timestream_logger - INFO - DynamoDB logging is disabled. Skipping logging to DynamoDB.
2025-05-16 09:55:07,762 - timestream_logger - INFO - Building unload query for la-idb-it-dbl4c4lnsxfz.la-idb-it-tablequz4rfpnqk
2025-05-16 09:55:07,762 - timestream_logger - INFO - DynamoDB logging is disabled. Skipping logging to DynamoDB.
2025-05-16 09:55:07,762 - timestream_logger - INFO - Running unload query for la-idb-it-dbl4c4lnsxfz.la-idb-it-tablequz4rfpnqk
2025-05-16 09:55:07,763 - timestream_logger - INFO - QUERY EXECUTING: UNLOAD( SELECT *, DATE_FORMAT(time,'%Y-%m-%d') as partition_date FROM "la-idb-it-dbl4c4lnsxfz"."la-idb-it-tablequz4rfpnqk" WHERE time >= '2011-03-15 00:00:00' AND time < '2011-06-22 00:00:00') TO 's3://la-idb-it-bucket34a1of401x/la-idb-it-dbl4c4lnsxfz/la-idb-it-tablequz4rfpnqk/unload-2025-05-16-16:50:51' WITH ( partitioned_by = ARRAY['partition_date'], max_file_size='2GB', format='PARQUET', encryption='SSE_S3', compression='NONE')
2025-05-16 09:55:07,763 - timestream_logger - INFO - UNLOAD IN PROGRESS for batch start_time >= 2011-03-15 00:00:00 and end_time < 2011-06-22 00:00:00 for la-idb-it-dbl4c4lnsxfz.la-idb-it-tablequz4rfpnqk 
2025-05-16 09:55:09,390 - timestream_logger - INFO - Progress Percentage for batch start_time >= 2011-03-15 00:00:00 and end_time < 2011-06-22 00:00:00 for la-idb-it-dbl4c4lnsxfz.la-idb-it-tablequz4rfpnqk : 100.0%
2025-05-16 09:55:09,430 - timestream_logger - INFO - {}
2025-05-16 09:55:09,430 - timestream_logger - INFO - Rows exported for batch start_time >= 2011-03-15 00:00:00 and end_time < 2011-06-22 00:00:00 for la-idb-it-dbl4c4lnsxfz.la-idb-it-tablequz4rfpnqk: 0
2025-05-16 09:55:09,430 - timestream_logger - INFO - DynamoDB logging is disabled. Skipping logging to DynamoDB.
2025-05-16 09:55:09,431 - timestream_logger - INFO - Building unload query for la-idb-it-dbl4c4lnsxfz.la-idb-it-tablequz4rfpnqk
2025-05-16 09:55:09,431 - timestream_logger - INFO - DynamoDB logging is disabled. Skipping logging to DynamoDB.
2025-05-16 09:55:09,431 - timestream_logger - INFO - Running unload query for la-idb-it-dbl4c4lnsxfz.la-idb-it-tablequz4rfpnqk
2025-05-16 09:55:09,431 - timestream_logger - INFO - QUERY EXECUTING: UNLOAD( SELECT *, DATE_FORMAT(time,'%Y-%m-%d') as partition_date FROM "la-idb-it-dbl4c4lnsxfz"."la-idb-it-tablequz4rfpnqk" WHERE time >= '2011-06-22 00:00:00' AND time < '2011-09-29 00:00:00') TO 's3://la-idb-it-bucket34a1of401x/la-idb-it-dbl4c4lnsxfz/la-idb-it-tablequz4rfpnqk/unload-2025-05-16-16:50:51' WITH ( partitioned_by = ARRAY['partition_date'], max_file_size='2GB', format='PARQUET', encryption='SSE_S3', compression='NONE')
2025-05-16 09:55:09,432 - timestream_logger - INFO - UNLOAD IN PROGRESS for batch start_time >= 2011-06-22 00:00:00 and end_time < 2011-09-29 00:00:00 for la-idb-it-dbl4c4lnsxfz.la-idb-it-tablequz4rfpnqk 
2025-05-16 09:55:10,594 - timestream_logger - INFO - Progress Percentage for batch start_time >= 2011-06-22 00:00:00 and end_time < 2011-09-29 00:00:00 for la-idb-it-dbl4c4lnsxfz.la-idb-it-tablequz4rfpnqk : 100.0%
2025-05-16 09:55:10,638 - timestream_logger - INFO - {}
2025-05-16 09:55:10,639 - timestream_logger - INFO - Rows exported for batch start_time >= 2011-06-22 00:00:00 and end_time < 2011-09-29 00:00:00 for la-idb-it-dbl4c4lnsxfz.la-idb-it-tablequz4rfpnqk: 0
2025-05-16 09:55:10,639 - timestream_logger - INFO - DynamoDB logging is disabled. Skipping logging to DynamoDB.
2025-05-16 09:55:10,639 - timestream_logger - INFO - Building unload query for la-idb-it-dbl4c4lnsxfz.la-idb-it-tablequz4rfpnqk
2025-05-16 09:55:10,639 - timestream_logger - INFO - DynamoDB logging is disabled. Skipping logging to DynamoDB.
2025-05-16 09:55:10,640 - timestream_logger - INFO - Running unload query for la-idb-it-dbl4c4lnsxfz.la-idb-it-tablequz4rfpnqk
2025-05-16 09:55:10,640 - timestream_logger - INFO - QUERY EXECUTING: UNLOAD( SELECT *, DATE_FORMAT(time,'%Y-%m-%d') as partition_date FROM "la-idb-it-dbl4c4lnsxfz"."la-idb-it-tablequz4rfpnqk" WHERE time >= '2011-09-29 00:00:00' AND time < '2012-01-06 00:00:00') TO 's3://la-idb-it-bucket34a1of401x/la-idb-it-dbl4c4lnsxfz/la-idb-it-tablequz4rfpnqk/unload-2025-05-16-16:50:51' WITH ( partitioned_by = ARRAY['partition_date'], max_file_size='2GB', format='PARQUET', encryption='SSE_S3', compression='NONE')
2025-05-16 09:55:10,640 - timestream_logger - INFO - UNLOAD IN PROGRESS for batch start_time >= 2011-09-29 00:00:00 and end_time < 2012-01-06 00:00:00 for la-idb-it-dbl4c4lnsxfz.la-idb-it-tablequz4rfpnqk 
2025-05-16 09:55:11,735 - timestream_logger - INFO - Progress Percentage for batch start_time >= 2011-09-29 00:00:00 and end_time < 2012-01-06 00:00:00 for la-idb-it-dbl4c4lnsxfz.la-idb-it-tablequz4rfpnqk : 100.0%
2025-05-16 09:55:11,780 - timestream_logger - INFO - {}
2025-05-16 09:55:11,780 - timestream_logger - INFO - Rows exported for batch start_time >= 2011-09-29 00:00:00 and end_time < 2012-01-06 00:00:00 for la-idb-it-dbl4c4lnsxfz.la-idb-it-tablequz4rfpnqk: 0
2025-05-16 09:55:11,780 - timestream_logger - INFO - DynamoDB logging is disabled. Skipping logging to DynamoDB.
2025-05-16 09:55:11,781 - timestream_logger - INFO - Building unload query for la-idb-it-dbl4c4lnsxfz.la-idb-it-tablequz4rfpnqk
2025-05-16 09:55:11,781 - timestream_logger - INFO - DynamoDB logging is disabled. Skipping logging to DynamoDB.
2025-05-16 09:55:11,781 - timestream_logger - INFO - Running unload query for la-idb-it-dbl4c4lnsxfz.la-idb-it-tablequz4rfpnqk
2025-05-16 09:55:11,782 - timestream_logger - INFO - QUERY EXECUTING: UNLOAD( SELECT *, DATE_FORMAT(time,'%Y-%m-%d') as partition_date FROM "la-idb-it-dbl4c4lnsxfz"."la-idb-it-tablequz4rfpnqk" WHERE time >= '2012-01-06 00:00:00' AND time < '2012-04-14 00:00:00') TO 's3://la-idb-it-bucket34a1of401x/la-idb-it-dbl4c4lnsxfz/la-idb-it-tablequz4rfpnqk/unload-2025-05-16-16:50:51' WITH ( partitioned_by = ARRAY['partition_date'], max_file_size='2GB', format='PARQUET', encryption='SSE_S3', compression='NONE')
2025-05-16 09:55:11,783 - timestream_logger - INFO - UNLOAD IN PROGRESS for batch start_time >= 2012-01-06 00:00:00 and end_time < 2012-04-14 00:00:00 for la-idb-it-dbl4c4lnsxfz.la-idb-it-tablequz4rfpnqk 
2025-05-16 09:55:12,859 - timestream_logger - INFO - Progress Percentage for batch start_time >= 2012-01-06 00:00:00 and end_time < 2012-04-14 00:00:00 for la-idb-it-dbl4c4lnsxfz.la-idb-it-tablequz4rfpnqk : 100.0%
2025-05-16 09:55:12,900 - timestream_logger - INFO - {}
2025-05-16 09:55:12,901 - timestream_logger - INFO - Rows exported for batch start_time >= 2012-01-06 00:00:00 and end_time < 2012-04-14 00:00:00 for la-idb-it-dbl4c4lnsxfz.la-idb-it-tablequz4rfpnqk: 0
2025-05-16 09:55:12,901 - timestream_logger - INFO - DynamoDB logging is disabled. Skipping logging to DynamoDB.
2025-05-16 09:55:12,902 - timestream_logger - INFO - Building unload query for la-idb-it-dbl4c4lnsxfz.la-idb-it-tablequz4rfpnqk
2025-05-16 09:55:12,902 - timestream_logger - INFO - DynamoDB logging is disabled. Skipping logging to DynamoDB.
2025-05-16 09:55:12,902 - timestream_logger - INFO - Running unload query for la-idb-it-dbl4c4lnsxfz.la-idb-it-tablequz4rfpnqk
2025-05-16 09:55:12,903 - timestream_logger - INFO - QUERY EXECUTING: UNLOAD( SELECT *, DATE_FORMAT(time,'%Y-%m-%d') as partition_date FROM "la-idb-it-dbl4c4lnsxfz"."la-idb-it-tablequz4rfpnqk" WHERE time >= '2012-04-14 00:00:00' AND time < '2012-07-22 00:00:00') TO 's3://la-idb-it-bucket34a1of401x/la-idb-it-dbl4c4lnsxfz/la-idb-it-tablequz4rfpnqk/unload-2025-05-16-16:50:51' WITH ( partitioned_by = ARRAY['partition_date'], max_file_size='2GB', format='PARQUET', encryption='SSE_S3', compression='NONE')
2025-05-16 09:55:12,903 - timestream_logger - INFO - UNLOAD IN PROGRESS for batch start_time >= 2012-04-14 00:00:00 and end_time < 2012-07-22 00:00:00 for la-idb-it-dbl4c4lnsxfz.la-idb-it-tablequz4rfpnqk 
2025-05-16 09:55:13,930 - timestream_logger - INFO - Progress Percentage for batch start_time >= 2012-04-14 00:00:00 and end_time < 2012-07-22 00:00:00 for la-idb-it-dbl4c4lnsxfz.la-idb-it-tablequz4rfpnqk : 100.0%
2025-05-16 09:55:13,970 - timestream_logger - INFO - {}
2025-05-16 09:55:13,971 - timestream_logger - INFO - Rows exported for batch start_time >= 2012-04-14 00:00:00 and end_time < 2012-07-22 00:00:00 for la-idb-it-dbl4c4lnsxfz.la-idb-it-tablequz4rfpnqk: 0
2025-05-16 09:55:13,971 - timestream_logger - INFO - DynamoDB logging is disabled. Skipping logging to DynamoDB.
2025-05-16 09:55:13,971 - timestream_logger - INFO - Building unload query for la-idb-it-dbl4c4lnsxfz.la-idb-it-tablequz4rfpnqk
2025-05-16 09:55:13,972 - timestream_logger - INFO - DynamoDB logging is disabled. Skipping logging to DynamoDB.
2025-05-16 09:55:13,972 - timestream_logger - INFO - Running unload query for la-idb-it-dbl4c4lnsxfz.la-idb-it-tablequz4rfpnqk
2025-05-16 09:55:13,972 - timestream_logger - INFO - QUERY EXECUTING: UNLOAD( SELECT *, DATE_FORMAT(time,'%Y-%m-%d') as partition_date FROM "la-idb-it-dbl4c4lnsxfz"."la-idb-it-tablequz4rfpnqk" WHERE time >= '2012-07-22 00:00:00' AND time < '2012-10-29 00:00:00') TO 's3://la-idb-it-bucket34a1of401x/la-idb-it-dbl4c4lnsxfz/la-idb-it-tablequz4rfpnqk/unload-2025-05-16-16:50:51' WITH ( partitioned_by = ARRAY['partition_date'], max_file_size='2GB', format='PARQUET', encryption='SSE_S3', compression='NONE')
2025-05-16 09:55:13,973 - timestream_logger - INFO - UNLOAD IN PROGRESS for batch start_time >= 2012-07-22 00:00:00 and end_time < 2012-10-29 00:00:00 for la-idb-it-dbl4c4lnsxfz.la-idb-it-tablequz4rfpnqk 
2025-05-16 09:55:14,963 - timestream_logger - INFO - Progress Percentage for batch start_time >= 2012-07-22 00:00:00 and end_time < 2012-10-29 00:00:00 for la-idb-it-dbl4c4lnsxfz.la-idb-it-tablequz4rfpnqk : 100.0%
2025-05-16 09:55:15,023 - timestream_logger - INFO - {}
2025-05-16 09:55:15,024 - timestream_logger - INFO - Rows exported for batch start_time >= 2012-07-22 00:00:00 and end_time < 2012-10-29 00:00:00 for la-idb-it-dbl4c4lnsxfz.la-idb-it-tablequz4rfpnqk: 0
2025-05-16 09:55:15,024 - timestream_logger - INFO - DynamoDB logging is disabled. Skipping logging to DynamoDB.
2025-05-16 09:55:15,024 - timestream_logger - INFO - Building unload query for la-idb-it-dbl4c4lnsxfz.la-idb-it-tablequz4rfpnqk
2025-05-16 09:55:15,024 - timestream_logger - INFO - DynamoDB logging is disabled. Skipping logging to DynamoDB.
2025-05-16 09:55:15,024 - timestream_logger - INFO - Running unload query for la-idb-it-dbl4c4lnsxfz.la-idb-it-tablequz4rfpnqk
2025-05-16 09:55:15,025 - timestream_logger - INFO - QUERY EXECUTING: UNLOAD( SELECT *, DATE_FORMAT(time,'%Y-%m-%d') as partition_date FROM "la-idb-it-dbl4c4lnsxfz"."la-idb-it-tablequz4rfpnqk" WHERE time >= '2012-10-29 00:00:00' AND time < '2013-02-05 00:00:00') TO 's3://la-idb-it-bucket34a1of401x/la-idb-it-dbl4c4lnsxfz/la-idb-it-tablequz4rfpnqk/unload-2025-05-16-16:50:51' WITH ( partitioned_by = ARRAY['partition_date'], max_file_size='2GB', format='PARQUET', encryption='SSE_S3', compression='NONE')
2025-05-16 09:55:15,025 - timestream_logger - INFO - UNLOAD IN PROGRESS for batch start_time >= 2012-10-29 00:00:00 and end_time < 2013-02-05 00:00:00 for la-idb-it-dbl4c4lnsxfz.la-idb-it-tablequz4rfpnqk 
2025-05-16 09:55:17,110 - timestream_logger - INFO - Progress Percentage for batch start_time >= 2012-10-29 00:00:00 and end_time < 2013-02-05 00:00:00 for la-idb-it-dbl4c4lnsxfz.la-idb-it-tablequz4rfpnqk : 100.0%
2025-05-16 09:55:17,144 - timestream_logger - INFO - {}
2025-05-16 09:55:17,144 - timestream_logger - INFO - Rows exported for batch start_time >= 2012-10-29 00:00:00 and end_time < 2013-02-05 00:00:00 for la-idb-it-dbl4c4lnsxfz.la-idb-it-tablequz4rfpnqk: 0
2025-05-16 09:55:17,144 - timestream_logger - INFO - DynamoDB logging is disabled. Skipping logging to DynamoDB.
2025-05-16 09:55:17,144 - timestream_logger - INFO - Building unload query for la-idb-it-dbl4c4lnsxfz.la-idb-it-tablequz4rfpnqk
2025-05-16 09:55:17,144 - timestream_logger - INFO - DynamoDB logging is disabled. Skipping logging to DynamoDB.
2025-05-16 09:55:17,144 - timestream_logger - INFO - Running unload query for la-idb-it-dbl4c4lnsxfz.la-idb-it-tablequz4rfpnqk
2025-05-16 09:55:17,145 - timestream_logger - INFO - QUERY EXECUTING: UNLOAD( SELECT *, DATE_FORMAT(time,'%Y-%m-%d') as partition_date FROM "la-idb-it-dbl4c4lnsxfz"."la-idb-it-tablequz4rfpnqk" WHERE time >= '2013-02-05 00:00:00' AND time < '2013-05-15 00:00:00') TO 's3://la-idb-it-bucket34a1of401x/la-idb-it-dbl4c4lnsxfz/la-idb-it-tablequz4rfpnqk/unload-2025-05-16-16:50:51' WITH ( partitioned_by = ARRAY['partition_date'], max_file_size='2GB', format='PARQUET', encryption='SSE_S3', compression='NONE')
2025-05-16 09:55:17,145 - timestream_logger - INFO - UNLOAD IN PROGRESS for batch start_time >= 2013-02-05 00:00:00 and end_time < 2013-05-15 00:00:00 for la-idb-it-dbl4c4lnsxfz.la-idb-it-tablequz4rfpnqk 
2025-05-16 09:55:19,590 - timestream_logger - INFO - Progress Percentage for batch start_time >= 2013-02-05 00:00:00 and end_time < 2013-05-15 00:00:00 for la-idb-it-dbl4c4lnsxfz.la-idb-it-tablequz4rfpnqk : 100.0%
2025-05-16 09:55:19,629 - timestream_logger - INFO - {}
2025-05-16 09:55:19,630 - timestream_logger - INFO - Rows exported for batch start_time >= 2013-02-05 00:00:00 and end_time < 2013-05-15 00:00:00 for la-idb-it-dbl4c4lnsxfz.la-idb-it-tablequz4rfpnqk: 0
2025-05-16 09:55:19,630 - timestream_logger - INFO - DynamoDB logging is disabled. Skipping logging to DynamoDB.
2025-05-16 09:55:19,630 - timestream_logger - INFO - Building unload query for la-idb-it-dbl4c4lnsxfz.la-idb-it-tablequz4rfpnqk
2025-05-16 09:55:19,630 - timestream_logger - INFO - DynamoDB logging is disabled. Skipping logging to DynamoDB.
2025-05-16 09:55:19,631 - timestream_logger - INFO - Running unload query for la-idb-it-dbl4c4lnsxfz.la-idb-it-tablequz4rfpnqk
2025-05-16 09:55:19,631 - timestream_logger - INFO - QUERY EXECUTING: UNLOAD( SELECT *, DATE_FORMAT(time,'%Y-%m-%d') as partition_date FROM "la-idb-it-dbl4c4lnsxfz"."la-idb-it-tablequz4rfpnqk" WHERE time >= '2013-05-15 00:00:00' AND time < '2013-08-22 00:00:00') TO 's3://la-idb-it-bucket34a1of401x/la-idb-it-dbl4c4lnsxfz/la-idb-it-tablequz4rfpnqk/unload-2025-05-16-16:50:51' WITH ( partitioned_by = ARRAY['partition_date'], max_file_size='2GB', format='PARQUET', encryption='SSE_S3', compression='NONE')
2025-05-16 09:55:19,631 - timestream_logger - INFO - UNLOAD IN PROGRESS for batch start_time >= 2013-05-15 00:00:00 and end_time < 2013-08-22 00:00:00 for la-idb-it-dbl4c4lnsxfz.la-idb-it-tablequz4rfpnqk 
2025-05-16 09:55:21,473 - timestream_logger - INFO - Progress Percentage for batch start_time >= 2013-05-15 00:00:00 and end_time < 2013-08-22 00:00:00 for la-idb-it-dbl4c4lnsxfz.la-idb-it-tablequz4rfpnqk : 100.0%
2025-05-16 09:55:21,517 - timestream_logger - INFO - {}
2025-05-16 09:55:21,517 - timestream_logger - INFO - Rows exported for batch start_time >= 2013-05-15 00:00:00 and end_time < 2013-08-22 00:00:00 for la-idb-it-dbl4c4lnsxfz.la-idb-it-tablequz4rfpnqk: 0
2025-05-16 09:55:21,518 - timestream_logger - INFO - DynamoDB logging is disabled. Skipping logging to DynamoDB.
2025-05-16 09:55:21,518 - timestream_logger - INFO - Building unload query for la-idb-it-dbl4c4lnsxfz.la-idb-it-tablequz4rfpnqk
2025-05-16 09:55:21,518 - timestream_logger - INFO - DynamoDB logging is disabled. Skipping logging to DynamoDB.
2025-05-16 09:55:21,518 - timestream_logger - INFO - Running unload query for la-idb-it-dbl4c4lnsxfz.la-idb-it-tablequz4rfpnqk
2025-05-16 09:55:21,519 - timestream_logger - INFO - QUERY EXECUTING: UNLOAD( SELECT *, DATE_FORMAT(time,'%Y-%m-%d') as partition_date FROM "la-idb-it-dbl4c4lnsxfz"."la-idb-it-tablequz4rfpnqk" WHERE time >= '2013-08-22 00:00:00' AND time < '2013-11-29 00:00:00') TO 's3://la-idb-it-bucket34a1of401x/la-idb-it-dbl4c4lnsxfz/la-idb-it-tablequz4rfpnqk/unload-2025-05-16-16:50:51' WITH ( partitioned_by = ARRAY['partition_date'], max_file_size='2GB', format='PARQUET', encryption='SSE_S3', compression='NONE')
2025-05-16 09:55:21,519 - timestream_logger - INFO - UNLOAD IN PROGRESS for batch start_time >= 2013-08-22 00:00:00 and end_time < 2013-11-29 00:00:00 for la-idb-it-dbl4c4lnsxfz.la-idb-it-tablequz4rfpnqk 
2025-05-16 09:55:22,907 - timestream_logger - INFO - Progress Percentage for batch start_time >= 2013-08-22 00:00:00 and end_time < 2013-11-29 00:00:00 for la-idb-it-dbl4c4lnsxfz.la-idb-it-tablequz4rfpnqk : 100.0%
2025-05-16 09:55:22,946 - timestream_logger - INFO - {}
2025-05-16 09:55:22,946 - timestream_logger - INFO - Rows exported for batch start_time >= 2013-08-22 00:00:00 and end_time < 2013-11-29 00:00:00 for la-idb-it-dbl4c4lnsxfz.la-idb-it-tablequz4rfpnqk: 0
2025-05-16 09:55:22,947 - timestream_logger - INFO - DynamoDB logging is disabled. Skipping logging to DynamoDB.
2025-05-16 09:55:22,947 - timestream_logger - INFO - Building unload query for la-idb-it-dbl4c4lnsxfz.la-idb-it-tablequz4rfpnqk
2025-05-16 09:55:22,947 - timestream_logger - INFO - DynamoDB logging is disabled. Skipping logging to DynamoDB.
2025-05-16 09:55:22,947 - timestream_logger - INFO - Running unload query for la-idb-it-dbl4c4lnsxfz.la-idb-it-tablequz4rfpnqk
2025-05-16 09:55:22,948 - timestream_logger - INFO - QUERY EXECUTING: UNLOAD( SELECT *, DATE_FORMAT(time,'%Y-%m-%d') as partition_date FROM "la-idb-it-dbl4c4lnsxfz"."la-idb-it-tablequz4rfpnqk" WHERE time >= '2013-11-29 00:00:00' AND time < '2014-03-08 00:00:00') TO 's3://la-idb-it-bucket34a1of401x/la-idb-it-dbl4c4lnsxfz/la-idb-it-tablequz4rfpnqk/unload-2025-05-16-16:50:51' WITH ( partitioned_by = ARRAY['partition_date'], max_file_size='2GB', format='PARQUET', encryption='SSE_S3', compression='NONE')
2025-05-16 09:55:22,948 - timestream_logger - INFO - UNLOAD IN PROGRESS for batch start_time >= 2013-11-29 00:00:00 and end_time < 2014-03-08 00:00:00 for la-idb-it-dbl4c4lnsxfz.la-idb-it-tablequz4rfpnqk 
2025-05-16 09:55:24,225 - timestream_logger - INFO - Progress Percentage for batch start_time >= 2013-11-29 00:00:00 and end_time < 2014-03-08 00:00:00 for la-idb-it-dbl4c4lnsxfz.la-idb-it-tablequz4rfpnqk : 100.0%
2025-05-16 09:55:24,265 - timestream_logger - INFO - {}
2025-05-16 09:55:24,266 - timestream_logger - INFO - Rows exported for batch start_time >= 2013-11-29 00:00:00 and end_time < 2014-03-08 00:00:00 for la-idb-it-dbl4c4lnsxfz.la-idb-it-tablequz4rfpnqk: 0
2025-05-16 09:55:24,266 - timestream_logger - INFO - DynamoDB logging is disabled. Skipping logging to DynamoDB.
2025-05-16 09:55:24,266 - timestream_logger - INFO - Building unload query for la-idb-it-dbl4c4lnsxfz.la-idb-it-tablequz4rfpnqk
2025-05-16 09:55:24,267 - timestream_logger - INFO - DynamoDB logging is disabled. Skipping logging to DynamoDB.
2025-05-16 09:55:24,267 - timestream_logger - INFO - Running unload query for la-idb-it-dbl4c4lnsxfz.la-idb-it-tablequz4rfpnqk
2025-05-16 09:55:24,267 - timestream_logger - INFO - QUERY EXECUTING: UNLOAD( SELECT *, DATE_FORMAT(time,'%Y-%m-%d') as partition_date FROM "la-idb-it-dbl4c4lnsxfz"."la-idb-it-tablequz4rfpnqk" WHERE time >= '2014-03-08 00:00:00' AND time < '2014-06-15 00:00:00') TO 's3://la-idb-it-bucket34a1of401x/la-idb-it-dbl4c4lnsxfz/la-idb-it-tablequz4rfpnqk/unload-2025-05-16-16:50:51' WITH ( partitioned_by = ARRAY['partition_date'], max_file_size='2GB', format='PARQUET', encryption='SSE_S3', compression='NONE')
2025-05-16 09:55:24,267 - timestream_logger - INFO - UNLOAD IN PROGRESS for batch start_time >= 2014-03-08 00:00:00 and end_time < 2014-06-15 00:00:00 for la-idb-it-dbl4c4lnsxfz.la-idb-it-tablequz4rfpnqk 
2025-05-16 09:55:25,316 - timestream_logger - INFO - Progress Percentage for batch start_time >= 2014-03-08 00:00:00 and end_time < 2014-06-15 00:00:00 for la-idb-it-dbl4c4lnsxfz.la-idb-it-tablequz4rfpnqk : 100.0%
2025-05-16 09:55:25,361 - timestream_logger - INFO - {}
2025-05-16 09:55:25,362 - timestream_logger - INFO - Rows exported for batch start_time >= 2014-03-08 00:00:00 and end_time < 2014-06-15 00:00:00 for la-idb-it-dbl4c4lnsxfz.la-idb-it-tablequz4rfpnqk: 0
2025-05-16 09:55:25,362 - timestream_logger - INFO - DynamoDB logging is disabled. Skipping logging to DynamoDB.
2025-05-16 09:55:25,362 - timestream_logger - INFO - Building unload query for la-idb-it-dbl4c4lnsxfz.la-idb-it-tablequz4rfpnqk
2025-05-16 09:55:25,362 - timestream_logger - INFO - DynamoDB logging is disabled. Skipping logging to DynamoDB.
2025-05-16 09:55:25,362 - timestream_logger - INFO - Running unload query for la-idb-it-dbl4c4lnsxfz.la-idb-it-tablequz4rfpnqk
2025-05-16 09:55:25,363 - timestream_logger - INFO - QUERY EXECUTING: UNLOAD( SELECT *, DATE_FORMAT(time,'%Y-%m-%d') as partition_date FROM "la-idb-it-dbl4c4lnsxfz"."la-idb-it-tablequz4rfpnqk" WHERE time >= '2014-06-15 00:00:00' AND time < '2014-09-22 00:00:00') TO 's3://la-idb-it-bucket34a1of401x/la-idb-it-dbl4c4lnsxfz/la-idb-it-tablequz4rfpnqk/unload-2025-05-16-16:50:51' WITH ( partitioned_by = ARRAY['partition_date'], max_file_size='2GB', format='PARQUET', encryption='SSE_S3', compression='NONE')
2025-05-16 09:55:25,363 - timestream_logger - INFO - UNLOAD IN PROGRESS for batch start_time >= 2014-06-15 00:00:00 and end_time < 2014-09-22 00:00:00 for la-idb-it-dbl4c4lnsxfz.la-idb-it-tablequz4rfpnqk 
2025-05-16 09:55:26,477 - timestream_logger - INFO - Progress Percentage for batch start_time >= 2014-06-15 00:00:00 and end_time < 2014-09-22 00:00:00 for la-idb-it-dbl4c4lnsxfz.la-idb-it-tablequz4rfpnqk : 100.0%
2025-05-16 09:55:26,516 - timestream_logger - INFO - {}
2025-05-16 09:55:26,516 - timestream_logger - INFO - Rows exported for batch start_time >= 2014-06-15 00:00:00 and end_time < 2014-09-22 00:00:00 for la-idb-it-dbl4c4lnsxfz.la-idb-it-tablequz4rfpnqk: 0
2025-05-16 09:55:26,516 - timestream_logger - INFO - DynamoDB logging is disabled. Skipping logging to DynamoDB.
2025-05-16 09:55:26,517 - timestream_logger - INFO - Building unload query for la-idb-it-dbl4c4lnsxfz.la-idb-it-tablequz4rfpnqk
2025-05-16 09:55:26,517 - timestream_logger - INFO - DynamoDB logging is disabled. Skipping logging to DynamoDB.
2025-05-16 09:55:26,517 - timestream_logger - INFO - Running unload query for la-idb-it-dbl4c4lnsxfz.la-idb-it-tablequz4rfpnqk
2025-05-16 09:55:26,517 - timestream_logger - INFO - QUERY EXECUTING: UNLOAD( SELECT *, DATE_FORMAT(time,'%Y-%m-%d') as partition_date FROM "la-idb-it-dbl4c4lnsxfz"."la-idb-it-tablequz4rfpnqk" WHERE time >= '2014-09-22 00:00:00' AND time < '2014-12-30 00:00:00') TO 's3://la-idb-it-bucket34a1of401x/la-idb-it-dbl4c4lnsxfz/la-idb-it-tablequz4rfpnqk/unload-2025-05-16-16:50:51' WITH ( partitioned_by = ARRAY['partition_date'], max_file_size='2GB', format='PARQUET', encryption='SSE_S3', compression='NONE')
2025-05-16 09:55:26,517 - timestream_logger - INFO - UNLOAD IN PROGRESS for batch start_time >= 2014-09-22 00:00:00 and end_time < 2014-12-30 00:00:00 for la-idb-it-dbl4c4lnsxfz.la-idb-it-tablequz4rfpnqk 
2025-05-16 09:55:27,724 - timestream_logger - INFO - Progress Percentage for batch start_time >= 2014-09-22 00:00:00 and end_time < 2014-12-30 00:00:00 for la-idb-it-dbl4c4lnsxfz.la-idb-it-tablequz4rfpnqk : 100.0%
2025-05-16 09:55:27,761 - timestream_logger - INFO - {}
2025-05-16 09:55:27,762 - timestream_logger - INFO - Rows exported for batch start_time >= 2014-09-22 00:00:00 and end_time < 2014-12-30 00:00:00 for la-idb-it-dbl4c4lnsxfz.la-idb-it-tablequz4rfpnqk: 0
2025-05-16 09:55:27,762 - timestream_logger - INFO - DynamoDB logging is disabled. Skipping logging to DynamoDB.
2025-05-16 09:55:27,762 - timestream_logger - INFO - Building unload query for la-idb-it-dbl4c4lnsxfz.la-idb-it-tablequz4rfpnqk
2025-05-16 09:55:27,762 - timestream_logger - INFO - DynamoDB logging is disabled. Skipping logging to DynamoDB.
2025-05-16 09:55:27,762 - timestream_logger - INFO - Running unload query for la-idb-it-dbl4c4lnsxfz.la-idb-it-tablequz4rfpnqk
2025-05-16 09:55:27,763 - timestream_logger - INFO - QUERY EXECUTING: UNLOAD( SELECT *, DATE_FORMAT(time,'%Y-%m-%d') as partition_date FROM "la-idb-it-dbl4c4lnsxfz"."la-idb-it-tablequz4rfpnqk" WHERE time >= '2014-12-30 00:00:00' AND time < '2015-04-08 00:00:00') TO 's3://la-idb-it-bucket34a1of401x/la-idb-it-dbl4c4lnsxfz/la-idb-it-tablequz4rfpnqk/unload-2025-05-16-16:50:51' WITH ( partitioned_by = ARRAY['partition_date'], max_file_size='2GB', format='PARQUET', encryption='SSE_S3', compression='NONE')
2025-05-16 09:55:27,763 - timestream_logger - INFO - UNLOAD IN PROGRESS for batch start_time >= 2014-12-30 00:00:00 and end_time < 2015-04-08 00:00:00 for la-idb-it-dbl4c4lnsxfz.la-idb-it-tablequz4rfpnqk 
2025-05-16 09:55:28,988 - timestream_logger - INFO - Progress Percentage for batch start_time >= 2014-12-30 00:00:00 and end_time < 2015-04-08 00:00:00 for la-idb-it-dbl4c4lnsxfz.la-idb-it-tablequz4rfpnqk : 100.0%
2025-05-16 09:55:29,035 - timestream_logger - INFO - {}
2025-05-16 09:55:29,035 - timestream_logger - INFO - Rows exported for batch start_time >= 2014-12-30 00:00:00 and end_time < 2015-04-08 00:00:00 for la-idb-it-dbl4c4lnsxfz.la-idb-it-tablequz4rfpnqk: 0
2025-05-16 09:55:29,035 - timestream_logger - INFO - DynamoDB logging is disabled. Skipping logging to DynamoDB.
2025-05-16 09:55:29,036 - timestream_logger - INFO - Building unload query for la-idb-it-dbl4c4lnsxfz.la-idb-it-tablequz4rfpnqk
2025-05-16 09:55:29,036 - timestream_logger - INFO - DynamoDB logging is disabled. Skipping logging to DynamoDB.
2025-05-16 09:55:29,036 - timestream_logger - INFO - Running unload query for la-idb-it-dbl4c4lnsxfz.la-idb-it-tablequz4rfpnqk
2025-05-16 09:55:29,037 - timestream_logger - INFO - QUERY EXECUTING: UNLOAD( SELECT *, DATE_FORMAT(time,'%Y-%m-%d') as partition_date FROM "la-idb-it-dbl4c4lnsxfz"."la-idb-it-tablequz4rfpnqk" WHERE time >= '2015-04-08 00:00:00' AND time < '2015-07-16 00:00:00') TO 's3://la-idb-it-bucket34a1of401x/la-idb-it-dbl4c4lnsxfz/la-idb-it-tablequz4rfpnqk/unload-2025-05-16-16:50:51' WITH ( partitioned_by = ARRAY['partition_date'], max_file_size='2GB', format='PARQUET', encryption='SSE_S3', compression='NONE')
2025-05-16 09:55:29,037 - timestream_logger - INFO - UNLOAD IN PROGRESS for batch start_time >= 2015-04-08 00:00:00 and end_time < 2015-07-16 00:00:00 for la-idb-it-dbl4c4lnsxfz.la-idb-it-tablequz4rfpnqk 
2025-05-16 09:55:31,276 - timestream_logger - INFO - Progress Percentage for batch start_time >= 2015-04-08 00:00:00 and end_time < 2015-07-16 00:00:00 for la-idb-it-dbl4c4lnsxfz.la-idb-it-tablequz4rfpnqk : 100.0%
2025-05-16 09:55:31,316 - timestream_logger - INFO - {}
2025-05-16 09:55:31,316 - timestream_logger - INFO - Rows exported for batch start_time >= 2015-04-08 00:00:00 and end_time < 2015-07-16 00:00:00 for la-idb-it-dbl4c4lnsxfz.la-idb-it-tablequz4rfpnqk: 0
2025-05-16 09:55:31,316 - timestream_logger - INFO - DynamoDB logging is disabled. Skipping logging to DynamoDB.
2025-05-16 09:55:31,317 - timestream_logger - INFO - Building unload query for la-idb-it-dbl4c4lnsxfz.la-idb-it-tablequz4rfpnqk
2025-05-16 09:55:31,317 - timestream_logger - INFO - DynamoDB logging is disabled. Skipping logging to DynamoDB.
2025-05-16 09:55:31,317 - timestream_logger - INFO - Running unload query for la-idb-it-dbl4c4lnsxfz.la-idb-it-tablequz4rfpnqk
2025-05-16 09:55:31,318 - timestream_logger - INFO - QUERY EXECUTING: UNLOAD( SELECT *, DATE_FORMAT(time,'%Y-%m-%d') as partition_date FROM "la-idb-it-dbl4c4lnsxfz"."la-idb-it-tablequz4rfpnqk" WHERE time >= '2015-07-16 00:00:00' AND time < '2015-10-23 00:00:00') TO 's3://la-idb-it-bucket34a1of401x/la-idb-it-dbl4c4lnsxfz/la-idb-it-tablequz4rfpnqk/unload-2025-05-16-16:50:51' WITH ( partitioned_by = ARRAY['partition_date'], max_file_size='2GB', format='PARQUET', encryption='SSE_S3', compression='NONE')
2025-05-16 09:55:31,318 - timestream_logger - INFO - UNLOAD IN PROGRESS for batch start_time >= 2015-07-16 00:00:00 and end_time < 2015-10-23 00:00:00 for la-idb-it-dbl4c4lnsxfz.la-idb-it-tablequz4rfpnqk 
2025-05-16 09:55:33,289 - timestream_logger - INFO - Progress Percentage for batch start_time >= 2015-07-16 00:00:00 and end_time < 2015-10-23 00:00:00 for la-idb-it-dbl4c4lnsxfz.la-idb-it-tablequz4rfpnqk : 100.0%
2025-05-16 09:55:33,337 - timestream_logger - INFO - {}
2025-05-16 09:55:33,338 - timestream_logger - INFO - Rows exported for batch start_time >= 2015-07-16 00:00:00 and end_time < 2015-10-23 00:00:00 for la-idb-it-dbl4c4lnsxfz.la-idb-it-tablequz4rfpnqk: 0
2025-05-16 09:55:33,338 - timestream_logger - INFO - DynamoDB logging is disabled. Skipping logging to DynamoDB.
2025-05-16 09:55:33,338 - timestream_logger - INFO - Building unload query for la-idb-it-dbl4c4lnsxfz.la-idb-it-tablequz4rfpnqk
2025-05-16 09:55:33,338 - timestream_logger - INFO - DynamoDB logging is disabled. Skipping logging to DynamoDB.
2025-05-16 09:55:33,338 - timestream_logger - INFO - Running unload query for la-idb-it-dbl4c4lnsxfz.la-idb-it-tablequz4rfpnqk
2025-05-16 09:55:33,338 - timestream_logger - INFO - QUERY EXECUTING: UNLOAD( SELECT *, DATE_FORMAT(time,'%Y-%m-%d') as partition_date FROM "la-idb-it-dbl4c4lnsxfz"."la-idb-it-tablequz4rfpnqk" WHERE time >= '2015-10-23 00:00:00' AND time < '2016-01-30 00:00:00') TO 's3://la-idb-it-bucket34a1of401x/la-idb-it-dbl4c4lnsxfz/la-idb-it-tablequz4rfpnqk/unload-2025-05-16-16:50:51' WITH ( partitioned_by = ARRAY['partition_date'], max_file_size='2GB', format='PARQUET', encryption='SSE_S3', compression='NONE')
2025-05-16 09:55:33,338 - timestream_logger - INFO - UNLOAD IN PROGRESS for batch start_time >= 2015-10-23 00:00:00 and end_time < 2016-01-30 00:00:00 for la-idb-it-dbl4c4lnsxfz.la-idb-it-tablequz4rfpnqk 
2025-05-16 09:55:34,579 - timestream_logger - INFO - Progress Percentage for batch start_time >= 2015-10-23 00:00:00 and end_time < 2016-01-30 00:00:00 for la-idb-it-dbl4c4lnsxfz.la-idb-it-tablequz4rfpnqk : 100.0%
2025-05-16 09:55:34,623 - timestream_logger - INFO - {}
2025-05-16 09:55:34,623 - timestream_logger - INFO - Rows exported for batch start_time >= 2015-10-23 00:00:00 and end_time < 2016-01-30 00:00:00 for la-idb-it-dbl4c4lnsxfz.la-idb-it-tablequz4rfpnqk: 0
2025-05-16 09:55:34,624 - timestream_logger - INFO - DynamoDB logging is disabled. Skipping logging to DynamoDB.
2025-05-16 09:55:34,624 - timestream_logger - INFO - Building unload query for la-idb-it-dbl4c4lnsxfz.la-idb-it-tablequz4rfpnqk
2025-05-16 09:55:34,625 - timestream_logger - INFO - DynamoDB logging is disabled. Skipping logging to DynamoDB.
2025-05-16 09:55:34,625 - timestream_logger - INFO - Running unload query for la-idb-it-dbl4c4lnsxfz.la-idb-it-tablequz4rfpnqk
2025-05-16 09:55:34,625 - timestream_logger - INFO - QUERY EXECUTING: UNLOAD( SELECT *, DATE_FORMAT(time,'%Y-%m-%d') as partition_date FROM "la-idb-it-dbl4c4lnsxfz"."la-idb-it-tablequz4rfpnqk" WHERE time >= '2016-01-30 00:00:00' AND time < '2016-05-08 00:00:00') TO 's3://la-idb-it-bucket34a1of401x/la-idb-it-dbl4c4lnsxfz/la-idb-it-tablequz4rfpnqk/unload-2025-05-16-16:50:51' WITH ( partitioned_by = ARRAY['partition_date'], max_file_size='2GB', format='PARQUET', encryption='SSE_S3', compression='NONE')
2025-05-16 09:55:34,625 - timestream_logger - INFO - UNLOAD IN PROGRESS for batch start_time >= 2016-01-30 00:00:00 and end_time < 2016-05-08 00:00:00 for la-idb-it-dbl4c4lnsxfz.la-idb-it-tablequz4rfpnqk 
2025-05-16 09:55:35,805 - timestream_logger - INFO - Progress Percentage for batch start_time >= 2016-01-30 00:00:00 and end_time < 2016-05-08 00:00:00 for la-idb-it-dbl4c4lnsxfz.la-idb-it-tablequz4rfpnqk : 100.0%
2025-05-16 09:55:35,847 - timestream_logger - INFO - {}
2025-05-16 09:55:35,848 - timestream_logger - INFO - Rows exported for batch start_time >= 2016-01-30 00:00:00 and end_time < 2016-05-08 00:00:00 for la-idb-it-dbl4c4lnsxfz.la-idb-it-tablequz4rfpnqk: 0
2025-05-16 09:55:35,848 - timestream_logger - INFO - DynamoDB logging is disabled. Skipping logging to DynamoDB.
2025-05-16 09:55:35,848 - timestream_logger - INFO - Building unload query for la-idb-it-dbl4c4lnsxfz.la-idb-it-tablequz4rfpnqk
2025-05-16 09:55:35,849 - timestream_logger - INFO - DynamoDB logging is disabled. Skipping logging to DynamoDB.
2025-05-16 09:55:35,849 - timestream_logger - INFO - Running unload query for la-idb-it-dbl4c4lnsxfz.la-idb-it-tablequz4rfpnqk
2025-05-16 09:55:35,849 - timestream_logger - INFO - QUERY EXECUTING: UNLOAD( SELECT *, DATE_FORMAT(time,'%Y-%m-%d') as partition_date FROM "la-idb-it-dbl4c4lnsxfz"."la-idb-it-tablequz4rfpnqk" WHERE time >= '2016-05-08 00:00:00' AND time < '2016-08-15 00:00:00') TO 's3://la-idb-it-bucket34a1of401x/la-idb-it-dbl4c4lnsxfz/la-idb-it-tablequz4rfpnqk/unload-2025-05-16-16:50:51' WITH ( partitioned_by = ARRAY['partition_date'], max_file_size='2GB', format='PARQUET', encryption='SSE_S3', compression='NONE')
2025-05-16 09:55:35,850 - timestream_logger - INFO - UNLOAD IN PROGRESS for batch start_time >= 2016-05-08 00:00:00 and end_time < 2016-08-15 00:00:00 for la-idb-it-dbl4c4lnsxfz.la-idb-it-tablequz4rfpnqk 
2025-05-16 09:55:37,267 - timestream_logger - INFO - Progress Percentage for batch start_time >= 2016-05-08 00:00:00 and end_time < 2016-08-15 00:00:00 for la-idb-it-dbl4c4lnsxfz.la-idb-it-tablequz4rfpnqk : 100.0%
2025-05-16 09:55:37,311 - timestream_logger - INFO - {}
2025-05-16 09:55:37,311 - timestream_logger - INFO - Rows exported for batch start_time >= 2016-05-08 00:00:00 and end_time < 2016-08-15 00:00:00 for la-idb-it-dbl4c4lnsxfz.la-idb-it-tablequz4rfpnqk: 0
2025-05-16 09:55:37,311 - timestream_logger - INFO - DynamoDB logging is disabled. Skipping logging to DynamoDB.
2025-05-16 09:55:37,311 - timestream_logger - INFO - Building unload query for la-idb-it-dbl4c4lnsxfz.la-idb-it-tablequz4rfpnqk
2025-05-16 09:55:37,312 - timestream_logger - INFO - DynamoDB logging is disabled. Skipping logging to DynamoDB.
2025-05-16 09:55:37,312 - timestream_logger - INFO - Running unload query for la-idb-it-dbl4c4lnsxfz.la-idb-it-tablequz4rfpnqk
2025-05-16 09:55:37,312 - timestream_logger - INFO - QUERY EXECUTING: UNLOAD( SELECT *, DATE_FORMAT(time,'%Y-%m-%d') as partition_date FROM "la-idb-it-dbl4c4lnsxfz"."la-idb-it-tablequz4rfpnqk" WHERE time >= '2016-08-15 00:00:00' AND time < '2016-11-22 00:00:00') TO 's3://la-idb-it-bucket34a1of401x/la-idb-it-dbl4c4lnsxfz/la-idb-it-tablequz4rfpnqk/unload-2025-05-16-16:50:51' WITH ( partitioned_by = ARRAY['partition_date'], max_file_size='2GB', format='PARQUET', encryption='SSE_S3', compression='NONE')
2025-05-16 09:55:37,312 - timestream_logger - INFO - UNLOAD IN PROGRESS for batch start_time >= 2016-08-15 00:00:00 and end_time < 2016-11-22 00:00:00 for la-idb-it-dbl4c4lnsxfz.la-idb-it-tablequz4rfpnqk 
2025-05-16 09:55:38,842 - timestream_logger - INFO - Progress Percentage for batch start_time >= 2016-08-15 00:00:00 and end_time < 2016-11-22 00:00:00 for la-idb-it-dbl4c4lnsxfz.la-idb-it-tablequz4rfpnqk : 100.0%
2025-05-16 09:55:38,885 - timestream_logger - INFO - {}
2025-05-16 09:55:38,886 - timestream_logger - INFO - Rows exported for batch start_time >= 2016-08-15 00:00:00 and end_time < 2016-11-22 00:00:00 for la-idb-it-dbl4c4lnsxfz.la-idb-it-tablequz4rfpnqk: 0
2025-05-16 09:55:38,886 - timestream_logger - INFO - DynamoDB logging is disabled. Skipping logging to DynamoDB.
2025-05-16 09:55:38,886 - timestream_logger - INFO - Building unload query for la-idb-it-dbl4c4lnsxfz.la-idb-it-tablequz4rfpnqk
2025-05-16 09:55:38,886 - timestream_logger - INFO - DynamoDB logging is disabled. Skipping logging to DynamoDB.
2025-05-16 09:55:38,887 - timestream_logger - INFO - Running unload query for la-idb-it-dbl4c4lnsxfz.la-idb-it-tablequz4rfpnqk
2025-05-16 09:55:38,887 - timestream_logger - INFO - QUERY EXECUTING: UNLOAD( SELECT *, DATE_FORMAT(time,'%Y-%m-%d') as partition_date FROM "la-idb-it-dbl4c4lnsxfz"."la-idb-it-tablequz4rfpnqk" WHERE time >= '2016-11-22 00:00:00' AND time < '2017-03-01 00:00:00') TO 's3://la-idb-it-bucket34a1of401x/la-idb-it-dbl4c4lnsxfz/la-idb-it-tablequz4rfpnqk/unload-2025-05-16-16:50:51' WITH ( partitioned_by = ARRAY['partition_date'], max_file_size='2GB', format='PARQUET', encryption='SSE_S3', compression='NONE')
2025-05-16 09:55:38,887 - timestream_logger - INFO - UNLOAD IN PROGRESS for batch start_time >= 2016-11-22 00:00:00 and end_time < 2017-03-01 00:00:00 for la-idb-it-dbl4c4lnsxfz.la-idb-it-tablequz4rfpnqk 
2025-05-16 09:55:40,216 - timestream_logger - INFO - Progress Percentage for batch start_time >= 2016-11-22 00:00:00 and end_time < 2017-03-01 00:00:00 for la-idb-it-dbl4c4lnsxfz.la-idb-it-tablequz4rfpnqk : 100.0%
2025-05-16 09:55:40,261 - timestream_logger - INFO - {}
2025-05-16 09:55:40,261 - timestream_logger - INFO - Rows exported for batch start_time >= 2016-11-22 00:00:00 and end_time < 2017-03-01 00:00:00 for la-idb-it-dbl4c4lnsxfz.la-idb-it-tablequz4rfpnqk: 0
2025-05-16 09:55:40,261 - timestream_logger - INFO - DynamoDB logging is disabled. Skipping logging to DynamoDB.
2025-05-16 09:55:40,261 - timestream_logger - INFO - Building unload query for la-idb-it-dbl4c4lnsxfz.la-idb-it-tablequz4rfpnqk
2025-05-16 09:55:40,262 - timestream_logger - INFO - DynamoDB logging is disabled. Skipping logging to DynamoDB.
2025-05-16 09:55:40,262 - timestream_logger - INFO - Running unload query for la-idb-it-dbl4c4lnsxfz.la-idb-it-tablequz4rfpnqk
2025-05-16 09:55:40,262 - timestream_logger - INFO - QUERY EXECUTING: UNLOAD( SELECT *, DATE_FORMAT(time,'%Y-%m-%d') as partition_date FROM "la-idb-it-dbl4c4lnsxfz"."la-idb-it-tablequz4rfpnqk" WHERE time >= '2017-03-01 00:00:00' AND time < '2017-06-08 00:00:00') TO 's3://la-idb-it-bucket34a1of401x/la-idb-it-dbl4c4lnsxfz/la-idb-it-tablequz4rfpnqk/unload-2025-05-16-16:50:51' WITH ( partitioned_by = ARRAY['partition_date'], max_file_size='2GB', format='PARQUET', encryption='SSE_S3', compression='NONE')
2025-05-16 09:55:40,262 - timestream_logger - INFO - UNLOAD IN PROGRESS for batch start_time >= 2017-03-01 00:00:00 and end_time < 2017-06-08 00:00:00 for la-idb-it-dbl4c4lnsxfz.la-idb-it-tablequz4rfpnqk 
2025-05-16 09:55:42,377 - timestream_logger - INFO - Progress Percentage for batch start_time >= 2017-03-01 00:00:00 and end_time < 2017-06-08 00:00:00 for la-idb-it-dbl4c4lnsxfz.la-idb-it-tablequz4rfpnqk : 100.0%
2025-05-16 09:55:42,429 - timestream_logger - INFO - {}
2025-05-16 09:55:42,430 - timestream_logger - INFO - Rows exported for batch start_time >= 2017-03-01 00:00:00 and end_time < 2017-06-08 00:00:00 for la-idb-it-dbl4c4lnsxfz.la-idb-it-tablequz4rfpnqk: 0
2025-05-16 09:55:42,430 - timestream_logger - INFO - DynamoDB logging is disabled. Skipping logging to DynamoDB.
2025-05-16 09:55:42,430 - timestream_logger - INFO - Building unload query for la-idb-it-dbl4c4lnsxfz.la-idb-it-tablequz4rfpnqk
2025-05-16 09:55:42,430 - timestream_logger - INFO - DynamoDB logging is disabled. Skipping logging to DynamoDB.
2025-05-16 09:55:42,430 - timestream_logger - INFO - Running unload query for la-idb-it-dbl4c4lnsxfz.la-idb-it-tablequz4rfpnqk
2025-05-16 09:55:42,431 - timestream_logger - INFO - QUERY EXECUTING: UNLOAD( SELECT *, DATE_FORMAT(time,'%Y-%m-%d') as partition_date FROM "la-idb-it-dbl4c4lnsxfz"."la-idb-it-tablequz4rfpnqk" WHERE time >= '2017-06-08 00:00:00' AND time < '2017-09-15 00:00:00') TO 's3://la-idb-it-bucket34a1of401x/la-idb-it-dbl4c4lnsxfz/la-idb-it-tablequz4rfpnqk/unload-2025-05-16-16:50:51' WITH ( partitioned_by = ARRAY['partition_date'], max_file_size='2GB', format='PARQUET', encryption='SSE_S3', compression='NONE')
2025-05-16 09:55:42,431 - timestream_logger - INFO - UNLOAD IN PROGRESS for batch start_time >= 2017-06-08 00:00:00 and end_time < 2017-09-15 00:00:00 for la-idb-it-dbl4c4lnsxfz.la-idb-it-tablequz4rfpnqk 
2025-05-16 09:55:43,852 - timestream_logger - INFO - Progress Percentage for batch start_time >= 2017-06-08 00:00:00 and end_time < 2017-09-15 00:00:00 for la-idb-it-dbl4c4lnsxfz.la-idb-it-tablequz4rfpnqk : 100.0%
2025-05-16 09:55:43,890 - timestream_logger - INFO - {}
2025-05-16 09:55:43,890 - timestream_logger - INFO - Rows exported for batch start_time >= 2017-06-08 00:00:00 and end_time < 2017-09-15 00:00:00 for la-idb-it-dbl4c4lnsxfz.la-idb-it-tablequz4rfpnqk: 0
2025-05-16 09:55:43,891 - timestream_logger - INFO - DynamoDB logging is disabled. Skipping logging to DynamoDB.
2025-05-16 09:55:43,891 - timestream_logger - INFO - Building unload query for la-idb-it-dbl4c4lnsxfz.la-idb-it-tablequz4rfpnqk
2025-05-16 09:55:43,891 - timestream_logger - INFO - DynamoDB logging is disabled. Skipping logging to DynamoDB.
2025-05-16 09:55:43,891 - timestream_logger - INFO - Running unload query for la-idb-it-dbl4c4lnsxfz.la-idb-it-tablequz4rfpnqk
2025-05-16 09:55:43,892 - timestream_logger - INFO - QUERY EXECUTING: UNLOAD( SELECT *, DATE_FORMAT(time,'%Y-%m-%d') as partition_date FROM "la-idb-it-dbl4c4lnsxfz"."la-idb-it-tablequz4rfpnqk" WHERE time >= '2017-09-15 00:00:00' AND time < '2017-12-23 00:00:00') TO 's3://la-idb-it-bucket34a1of401x/la-idb-it-dbl4c4lnsxfz/la-idb-it-tablequz4rfpnqk/unload-2025-05-16-16:50:51' WITH ( partitioned_by = ARRAY['partition_date'], max_file_size='2GB', format='PARQUET', encryption='SSE_S3', compression='NONE')
2025-05-16 09:55:43,892 - timestream_logger - INFO - UNLOAD IN PROGRESS for batch start_time >= 2017-09-15 00:00:00 and end_time < 2017-12-23 00:00:00 for la-idb-it-dbl4c4lnsxfz.la-idb-it-tablequz4rfpnqk 
2025-05-16 09:55:46,570 - timestream_logger - INFO - Progress Percentage for batch start_time >= 2017-09-15 00:00:00 and end_time < 2017-12-23 00:00:00 for la-idb-it-dbl4c4lnsxfz.la-idb-it-tablequz4rfpnqk : 100.0%
2025-05-16 09:55:46,608 - timestream_logger - INFO - {}
2025-05-16 09:55:46,608 - timestream_logger - INFO - Rows exported for batch start_time >= 2017-09-15 00:00:00 and end_time < 2017-12-23 00:00:00 for la-idb-it-dbl4c4lnsxfz.la-idb-it-tablequz4rfpnqk: 0
2025-05-16 09:55:46,608 - timestream_logger - INFO - DynamoDB logging is disabled. Skipping logging to DynamoDB.
2025-05-16 09:55:46,608 - timestream_logger - INFO - Building unload query for la-idb-it-dbl4c4lnsxfz.la-idb-it-tablequz4rfpnqk
2025-05-16 09:55:46,608 - timestream_logger - INFO - DynamoDB logging is disabled. Skipping logging to DynamoDB.
2025-05-16 09:55:46,608 - timestream_logger - INFO - Running unload query for la-idb-it-dbl4c4lnsxfz.la-idb-it-tablequz4rfpnqk
2025-05-16 09:55:46,608 - timestream_logger - INFO - QUERY EXECUTING: UNLOAD( SELECT *, DATE_FORMAT(time,'%Y-%m-%d') as partition_date FROM "la-idb-it-dbl4c4lnsxfz"."la-idb-it-tablequz4rfpnqk" WHERE time >= '2017-12-23 00:00:00' AND time < '2018-04-01 00:00:00') TO 's3://la-idb-it-bucket34a1of401x/la-idb-it-dbl4c4lnsxfz/la-idb-it-tablequz4rfpnqk/unload-2025-05-16-16:50:51' WITH ( partitioned_by = ARRAY['partition_date'], max_file_size='2GB', format='PARQUET', encryption='SSE_S3', compression='NONE')
2025-05-16 09:55:46,608 - timestream_logger - INFO - UNLOAD IN PROGRESS for batch start_time >= 2017-12-23 00:00:00 and end_time < 2018-04-01 00:00:00 for la-idb-it-dbl4c4lnsxfz.la-idb-it-tablequz4rfpnqk 
2025-05-16 09:55:47,491 - timestream_logger - INFO - Progress Percentage for batch start_time >= 2017-12-23 00:00:00 and end_time < 2018-04-01 00:00:00 for la-idb-it-dbl4c4lnsxfz.la-idb-it-tablequz4rfpnqk : 100.0%
2025-05-16 09:55:47,522 - timestream_logger - INFO - {}
2025-05-16 09:55:47,522 - timestream_logger - INFO - Rows exported for batch start_time >= 2017-12-23 00:00:00 and end_time < 2018-04-01 00:00:00 for la-idb-it-dbl4c4lnsxfz.la-idb-it-tablequz4rfpnqk: 0
2025-05-16 09:55:47,522 - timestream_logger - INFO - DynamoDB logging is disabled. Skipping logging to DynamoDB.
2025-05-16 09:55:47,522 - timestream_logger - INFO - Building unload query for la-idb-it-dbl4c4lnsxfz.la-idb-it-tablequz4rfpnqk
2025-05-16 09:55:47,522 - timestream_logger - INFO - DynamoDB logging is disabled. Skipping logging to DynamoDB.
2025-05-16 09:55:47,522 - timestream_logger - INFO - Running unload query for la-idb-it-dbl4c4lnsxfz.la-idb-it-tablequz4rfpnqk
2025-05-16 09:55:47,522 - timestream_logger - INFO - QUERY EXECUTING: UNLOAD( SELECT *, DATE_FORMAT(time,'%Y-%m-%d') as partition_date FROM "la-idb-it-dbl4c4lnsxfz"."la-idb-it-tablequz4rfpnqk" WHERE time >= '2018-04-01 00:00:00' AND time < '2018-07-09 00:00:00') TO 's3://la-idb-it-bucket34a1of401x/la-idb-it-dbl4c4lnsxfz/la-idb-it-tablequz4rfpnqk/unload-2025-05-16-16:50:51' WITH ( partitioned_by = ARRAY['partition_date'], max_file_size='2GB', format='PARQUET', encryption='SSE_S3', compression='NONE')
2025-05-16 09:55:47,522 - timestream_logger - INFO - UNLOAD IN PROGRESS for batch start_time >= 2018-04-01 00:00:00 and end_time < 2018-07-09 00:00:00 for la-idb-it-dbl4c4lnsxfz.la-idb-it-tablequz4rfpnqk 
2025-05-16 09:55:51,594 - timestream_logger - INFO - Progress Percentage for batch start_time >= 2018-04-01 00:00:00 and end_time < 2018-07-09 00:00:00 for la-idb-it-dbl4c4lnsxfz.la-idb-it-tablequz4rfpnqk : 100.0%
2025-05-16 09:55:51,629 - timestream_logger - INFO - {}
2025-05-16 09:55:51,630 - timestream_logger - INFO - Rows exported for batch start_time >= 2018-04-01 00:00:00 and end_time < 2018-07-09 00:00:00 for la-idb-it-dbl4c4lnsxfz.la-idb-it-tablequz4rfpnqk: 0
2025-05-16 09:55:51,630 - timestream_logger - INFO - DynamoDB logging is disabled. Skipping logging to DynamoDB.
2025-05-16 09:55:51,630 - timestream_logger - INFO - Building unload query for la-idb-it-dbl4c4lnsxfz.la-idb-it-tablequz4rfpnqk
2025-05-16 09:55:51,630 - timestream_logger - INFO - DynamoDB logging is disabled. Skipping logging to DynamoDB.
2025-05-16 09:55:51,630 - timestream_logger - INFO - Running unload query for la-idb-it-dbl4c4lnsxfz.la-idb-it-tablequz4rfpnqk
2025-05-16 09:55:51,631 - timestream_logger - INFO - QUERY EXECUTING: UNLOAD( SELECT *, DATE_FORMAT(time,'%Y-%m-%d') as partition_date FROM "la-idb-it-dbl4c4lnsxfz"."la-idb-it-tablequz4rfpnqk" WHERE time >= '2018-07-09 00:00:00' AND time < '2018-10-16 00:00:00') TO 's3://la-idb-it-bucket34a1of401x/la-idb-it-dbl4c4lnsxfz/la-idb-it-tablequz4rfpnqk/unload-2025-05-16-16:50:51' WITH ( partitioned_by = ARRAY['partition_date'], max_file_size='2GB', format='PARQUET', encryption='SSE_S3', compression='NONE')
2025-05-16 09:55:51,631 - timestream_logger - INFO - UNLOAD IN PROGRESS for batch start_time >= 2018-07-09 00:00:00 and end_time < 2018-10-16 00:00:00 for la-idb-it-dbl4c4lnsxfz.la-idb-it-tablequz4rfpnqk 
2025-05-16 09:55:52,811 - timestream_logger - INFO - Progress Percentage for batch start_time >= 2018-07-09 00:00:00 and end_time < 2018-10-16 00:00:00 for la-idb-it-dbl4c4lnsxfz.la-idb-it-tablequz4rfpnqk : 100.0%
2025-05-16 09:55:52,851 - timestream_logger - INFO - {}
2025-05-16 09:55:52,851 - timestream_logger - INFO - Rows exported for batch start_time >= 2018-07-09 00:00:00 and end_time < 2018-10-16 00:00:00 for la-idb-it-dbl4c4lnsxfz.la-idb-it-tablequz4rfpnqk: 0
2025-05-16 09:55:52,851 - timestream_logger - INFO - DynamoDB logging is disabled. Skipping logging to DynamoDB.
2025-05-16 09:55:52,852 - timestream_logger - INFO - Building unload query for la-idb-it-dbl4c4lnsxfz.la-idb-it-tablequz4rfpnqk
2025-05-16 09:55:52,852 - timestream_logger - INFO - DynamoDB logging is disabled. Skipping logging to DynamoDB.
2025-05-16 09:55:52,852 - timestream_logger - INFO - Running unload query for la-idb-it-dbl4c4lnsxfz.la-idb-it-tablequz4rfpnqk
2025-05-16 09:55:52,852 - timestream_logger - INFO - QUERY EXECUTING: UNLOAD( SELECT *, DATE_FORMAT(time,'%Y-%m-%d') as partition_date FROM "la-idb-it-dbl4c4lnsxfz"."la-idb-it-tablequz4rfpnqk" WHERE time >= '2018-10-16 00:00:00' AND time < '2019-01-23 00:00:00') TO 's3://la-idb-it-bucket34a1of401x/la-idb-it-dbl4c4lnsxfz/la-idb-it-tablequz4rfpnqk/unload-2025-05-16-16:50:51' WITH ( partitioned_by = ARRAY['partition_date'], max_file_size='2GB', format='PARQUET', encryption='SSE_S3', compression='NONE')
2025-05-16 09:55:52,852 - timestream_logger - INFO - UNLOAD IN PROGRESS for batch start_time >= 2018-10-16 00:00:00 and end_time < 2019-01-23 00:00:00 for la-idb-it-dbl4c4lnsxfz.la-idb-it-tablequz4rfpnqk 
2025-05-16 09:55:54,130 - timestream_logger - INFO - Progress Percentage for batch start_time >= 2018-10-16 00:00:00 and end_time < 2019-01-23 00:00:00 for la-idb-it-dbl4c4lnsxfz.la-idb-it-tablequz4rfpnqk : 100.0%
2025-05-16 09:55:54,169 - timestream_logger - INFO - {}
2025-05-16 09:55:54,169 - timestream_logger - INFO - Rows exported for batch start_time >= 2018-10-16 00:00:00 and end_time < 2019-01-23 00:00:00 for la-idb-it-dbl4c4lnsxfz.la-idb-it-tablequz4rfpnqk: 0
2025-05-16 09:55:54,169 - timestream_logger - INFO - DynamoDB logging is disabled. Skipping logging to DynamoDB.
2025-05-16 09:55:54,169 - timestream_logger - INFO - Building unload query for la-idb-it-dbl4c4lnsxfz.la-idb-it-tablequz4rfpnqk
2025-05-16 09:55:54,169 - timestream_logger - INFO - DynamoDB logging is disabled. Skipping logging to DynamoDB.
2025-05-16 09:55:54,169 - timestream_logger - INFO - Running unload query for la-idb-it-dbl4c4lnsxfz.la-idb-it-tablequz4rfpnqk
2025-05-16 09:55:54,170 - timestream_logger - INFO - QUERY EXECUTING: UNLOAD( SELECT *, DATE_FORMAT(time,'%Y-%m-%d') as partition_date FROM "la-idb-it-dbl4c4lnsxfz"."la-idb-it-tablequz4rfpnqk" WHERE time >= '2019-01-23 00:00:00' AND time < '2019-05-02 00:00:00') TO 's3://la-idb-it-bucket34a1of401x/la-idb-it-dbl4c4lnsxfz/la-idb-it-tablequz4rfpnqk/unload-2025-05-16-16:50:51' WITH ( partitioned_by = ARRAY['partition_date'], max_file_size='2GB', format='PARQUET', encryption='SSE_S3', compression='NONE')
2025-05-16 09:55:54,170 - timestream_logger - INFO - UNLOAD IN PROGRESS for batch start_time >= 2019-01-23 00:00:00 and end_time < 2019-05-02 00:00:00 for la-idb-it-dbl4c4lnsxfz.la-idb-it-tablequz4rfpnqk 
2025-05-16 09:55:55,219 - timestream_logger - INFO - Progress Percentage for batch start_time >= 2019-01-23 00:00:00 and end_time < 2019-05-02 00:00:00 for la-idb-it-dbl4c4lnsxfz.la-idb-it-tablequz4rfpnqk : 100.0%
2025-05-16 09:55:55,311 - timestream_logger - INFO - {}
2025-05-16 09:55:55,311 - timestream_logger - INFO - Rows exported for batch start_time >= 2019-01-23 00:00:00 and end_time < 2019-05-02 00:00:00 for la-idb-it-dbl4c4lnsxfz.la-idb-it-tablequz4rfpnqk: 0
2025-05-16 09:55:55,311 - timestream_logger - INFO - DynamoDB logging is disabled. Skipping logging to DynamoDB.
2025-05-16 09:55:55,311 - timestream_logger - INFO - Building unload query for la-idb-it-dbl4c4lnsxfz.la-idb-it-tablequz4rfpnqk
2025-05-16 09:55:55,312 - timestream_logger - INFO - DynamoDB logging is disabled. Skipping logging to DynamoDB.
2025-05-16 09:55:55,312 - timestream_logger - INFO - Running unload query for la-idb-it-dbl4c4lnsxfz.la-idb-it-tablequz4rfpnqk
2025-05-16 09:55:55,312 - timestream_logger - INFO - QUERY EXECUTING: UNLOAD( SELECT *, DATE_FORMAT(time,'%Y-%m-%d') as partition_date FROM "la-idb-it-dbl4c4lnsxfz"."la-idb-it-tablequz4rfpnqk" WHERE time >= '2019-05-02 00:00:00' AND time < '2019-08-09 00:00:00') TO 's3://la-idb-it-bucket34a1of401x/la-idb-it-dbl4c4lnsxfz/la-idb-it-tablequz4rfpnqk/unload-2025-05-16-16:50:51' WITH ( partitioned_by = ARRAY['partition_date'], max_file_size='2GB', format='PARQUET', encryption='SSE_S3', compression='NONE')
2025-05-16 09:55:55,312 - timestream_logger - INFO - UNLOAD IN PROGRESS for batch start_time >= 2019-05-02 00:00:00 and end_time < 2019-08-09 00:00:00 for la-idb-it-dbl4c4lnsxfz.la-idb-it-tablequz4rfpnqk 
2025-05-16 09:55:56,186 - timestream_logger - INFO - Progress Percentage for batch start_time >= 2019-05-02 00:00:00 and end_time < 2019-08-09 00:00:00 for la-idb-it-dbl4c4lnsxfz.la-idb-it-tablequz4rfpnqk : 100.0%
2025-05-16 09:55:56,221 - timestream_logger - INFO - {}
2025-05-16 09:55:56,222 - timestream_logger - INFO - Rows exported for batch start_time >= 2019-05-02 00:00:00 and end_time < 2019-08-09 00:00:00 for la-idb-it-dbl4c4lnsxfz.la-idb-it-tablequz4rfpnqk: 0
2025-05-16 09:55:56,222 - timestream_logger - INFO - DynamoDB logging is disabled. Skipping logging to DynamoDB.
2025-05-16 09:55:56,222 - timestream_logger - INFO - Building unload query for la-idb-it-dbl4c4lnsxfz.la-idb-it-tablequz4rfpnqk
2025-05-16 09:55:56,222 - timestream_logger - INFO - DynamoDB logging is disabled. Skipping logging to DynamoDB.
2025-05-16 09:55:56,222 - timestream_logger - INFO - Running unload query for la-idb-it-dbl4c4lnsxfz.la-idb-it-tablequz4rfpnqk
2025-05-16 09:55:56,222 - timestream_logger - INFO - QUERY EXECUTING: UNLOAD( SELECT *, DATE_FORMAT(time,'%Y-%m-%d') as partition_date FROM "la-idb-it-dbl4c4lnsxfz"."la-idb-it-tablequz4rfpnqk" WHERE time >= '2019-08-09 00:00:00' AND time < '2019-11-16 00:00:00') TO 's3://la-idb-it-bucket34a1of401x/la-idb-it-dbl4c4lnsxfz/la-idb-it-tablequz4rfpnqk/unload-2025-05-16-16:50:51' WITH ( partitioned_by = ARRAY['partition_date'], max_file_size='2GB', format='PARQUET', encryption='SSE_S3', compression='NONE')
2025-05-16 09:55:56,222 - timestream_logger - INFO - UNLOAD IN PROGRESS for batch start_time >= 2019-08-09 00:00:00 and end_time < 2019-11-16 00:00:00 for la-idb-it-dbl4c4lnsxfz.la-idb-it-tablequz4rfpnqk 
2025-05-16 09:55:57,942 - timestream_logger - INFO - Progress Percentage for batch start_time >= 2019-08-09 00:00:00 and end_time < 2019-11-16 00:00:00 for la-idb-it-dbl4c4lnsxfz.la-idb-it-tablequz4rfpnqk : 100.0%
2025-05-16 09:55:57,976 - timestream_logger - INFO - {}
2025-05-16 09:55:57,976 - timestream_logger - INFO - Rows exported for batch start_time >= 2019-08-09 00:00:00 and end_time < 2019-11-16 00:00:00 for la-idb-it-dbl4c4lnsxfz.la-idb-it-tablequz4rfpnqk: 0
2025-05-16 09:55:57,976 - timestream_logger - INFO - DynamoDB logging is disabled. Skipping logging to DynamoDB.
2025-05-16 09:55:57,976 - timestream_logger - INFO - Building unload query for la-idb-it-dbl4c4lnsxfz.la-idb-it-tablequz4rfpnqk
2025-05-16 09:55:57,977 - timestream_logger - INFO - DynamoDB logging is disabled. Skipping logging to DynamoDB.
2025-05-16 09:55:57,977 - timestream_logger - INFO - Running unload query for la-idb-it-dbl4c4lnsxfz.la-idb-it-tablequz4rfpnqk
2025-05-16 09:55:57,977 - timestream_logger - INFO - QUERY EXECUTING: UNLOAD( SELECT *, DATE_FORMAT(time,'%Y-%m-%d') as partition_date FROM "la-idb-it-dbl4c4lnsxfz"."la-idb-it-tablequz4rfpnqk" WHERE time >= '2019-11-16 00:00:00' AND time < '2020-02-23 00:00:00') TO 's3://la-idb-it-bucket34a1of401x/la-idb-it-dbl4c4lnsxfz/la-idb-it-tablequz4rfpnqk/unload-2025-05-16-16:50:51' WITH ( partitioned_by = ARRAY['partition_date'], max_file_size='2GB', format='PARQUET', encryption='SSE_S3', compression='NONE')
2025-05-16 09:55:57,977 - timestream_logger - INFO - UNLOAD IN PROGRESS for batch start_time >= 2019-11-16 00:00:00 and end_time < 2020-02-23 00:00:00 for la-idb-it-dbl4c4lnsxfz.la-idb-it-tablequz4rfpnqk 
2025-05-16 09:55:59,602 - timestream_logger - INFO - Progress Percentage for batch start_time >= 2019-11-16 00:00:00 and end_time < 2020-02-23 00:00:00 for la-idb-it-dbl4c4lnsxfz.la-idb-it-tablequz4rfpnqk : 100.0%
2025-05-16 09:55:59,646 - timestream_logger - INFO - {}
2025-05-16 09:55:59,647 - timestream_logger - INFO - Rows exported for batch start_time >= 2019-11-16 00:00:00 and end_time < 2020-02-23 00:00:00 for la-idb-it-dbl4c4lnsxfz.la-idb-it-tablequz4rfpnqk: 0
2025-05-16 09:55:59,647 - timestream_logger - INFO - DynamoDB logging is disabled. Skipping logging to DynamoDB.
2025-05-16 09:55:59,647 - timestream_logger - INFO - Building unload query for la-idb-it-dbl4c4lnsxfz.la-idb-it-tablequz4rfpnqk
2025-05-16 09:55:59,647 - timestream_logger - INFO - DynamoDB logging is disabled. Skipping logging to DynamoDB.
2025-05-16 09:55:59,648 - timestream_logger - INFO - Running unload query for la-idb-it-dbl4c4lnsxfz.la-idb-it-tablequz4rfpnqk
2025-05-16 09:55:59,648 - timestream_logger - INFO - QUERY EXECUTING: UNLOAD( SELECT *, DATE_FORMAT(time,'%Y-%m-%d') as partition_date FROM "la-idb-it-dbl4c4lnsxfz"."la-idb-it-tablequz4rfpnqk" WHERE time >= '2020-02-23 00:00:00' AND time < '2020-06-01 00:00:00') TO 's3://la-idb-it-bucket34a1of401x/la-idb-it-dbl4c4lnsxfz/la-idb-it-tablequz4rfpnqk/unload-2025-05-16-16:50:51' WITH ( partitioned_by = ARRAY['partition_date'], max_file_size='2GB', format='PARQUET', encryption='SSE_S3', compression='NONE')
2025-05-16 09:55:59,648 - timestream_logger - INFO - UNLOAD IN PROGRESS for batch start_time >= 2020-02-23 00:00:00 and end_time < 2020-06-01 00:00:00 for la-idb-it-dbl4c4lnsxfz.la-idb-it-tablequz4rfpnqk 
2025-05-16 09:56:02,085 - timestream_logger - INFO - Progress Percentage for batch start_time >= 2020-02-23 00:00:00 and end_time < 2020-06-01 00:00:00 for la-idb-it-dbl4c4lnsxfz.la-idb-it-tablequz4rfpnqk : 100.0%
2025-05-16 09:56:02,137 - timestream_logger - INFO - {}
2025-05-16 09:56:02,137 - timestream_logger - INFO - Rows exported for batch start_time >= 2020-02-23 00:00:00 and end_time < 2020-06-01 00:00:00 for la-idb-it-dbl4c4lnsxfz.la-idb-it-tablequz4rfpnqk: 0
2025-05-16 09:56:02,137 - timestream_logger - INFO - DynamoDB logging is disabled. Skipping logging to DynamoDB.
2025-05-16 09:56:02,138 - timestream_logger - INFO - Building unload query for la-idb-it-dbl4c4lnsxfz.la-idb-it-tablequz4rfpnqk
2025-05-16 09:56:02,138 - timestream_logger - INFO - DynamoDB logging is disabled. Skipping logging to DynamoDB.
2025-05-16 09:56:02,138 - timestream_logger - INFO - Running unload query for la-idb-it-dbl4c4lnsxfz.la-idb-it-tablequz4rfpnqk
2025-05-16 09:56:02,139 - timestream_logger - INFO - QUERY EXECUTING: UNLOAD( SELECT *, DATE_FORMAT(time,'%Y-%m-%d') as partition_date FROM "la-idb-it-dbl4c4lnsxfz"."la-idb-it-tablequz4rfpnqk" WHERE time >= '2020-06-01 00:00:00' AND time < '2020-09-08 00:00:00') TO 's3://la-idb-it-bucket34a1of401x/la-idb-it-dbl4c4lnsxfz/la-idb-it-tablequz4rfpnqk/unload-2025-05-16-16:50:51' WITH ( partitioned_by = ARRAY['partition_date'], max_file_size='2GB', format='PARQUET', encryption='SSE_S3', compression='NONE')
2025-05-16 09:56:02,139 - timestream_logger - INFO - UNLOAD IN PROGRESS for batch start_time >= 2020-06-01 00:00:00 and end_time < 2020-09-08 00:00:00 for la-idb-it-dbl4c4lnsxfz.la-idb-it-tablequz4rfpnqk 
2025-05-16 09:56:02,659 - timestream_logger - INFO - Progress Percentage for batch start_time >= 2020-06-01 00:00:00 and end_time < 2020-09-08 00:00:00 for la-idb-it-dbl4c4lnsxfz.la-idb-it-tablequz4rfpnqk : 100.0%
2025-05-16 09:56:02,695 - timestream_logger - INFO - {}
2025-05-16 09:56:02,695 - timestream_logger - INFO - Rows exported for batch start_time >= 2020-06-01 00:00:00 and end_time < 2020-09-08 00:00:00 for la-idb-it-dbl4c4lnsxfz.la-idb-it-tablequz4rfpnqk: 0
2025-05-16 09:56:02,696 - timestream_logger - INFO - DynamoDB logging is disabled. Skipping logging to DynamoDB.
2025-05-16 09:56:02,696 - timestream_logger - INFO - Building unload query for la-idb-it-dbl4c4lnsxfz.la-idb-it-tablequz4rfpnqk
2025-05-16 09:56:02,696 - timestream_logger - INFO - DynamoDB logging is disabled. Skipping logging to DynamoDB.
2025-05-16 09:56:02,696 - timestream_logger - INFO - Running unload query for la-idb-it-dbl4c4lnsxfz.la-idb-it-tablequz4rfpnqk
2025-05-16 09:56:02,696 - timestream_logger - INFO - QUERY EXECUTING: UNLOAD( SELECT *, DATE_FORMAT(time,'%Y-%m-%d') as partition_date FROM "la-idb-it-dbl4c4lnsxfz"."la-idb-it-tablequz4rfpnqk" WHERE time >= '2020-09-08 00:00:00' AND time < '2020-12-16 00:00:00') TO 's3://la-idb-it-bucket34a1of401x/la-idb-it-dbl4c4lnsxfz/la-idb-it-tablequz4rfpnqk/unload-2025-05-16-16:50:51' WITH ( partitioned_by = ARRAY['partition_date'], max_file_size='2GB', format='PARQUET', encryption='SSE_S3', compression='NONE')
2025-05-16 09:56:02,696 - timestream_logger - INFO - UNLOAD IN PROGRESS for batch start_time >= 2020-09-08 00:00:00 and end_time < 2020-12-16 00:00:00 for la-idb-it-dbl4c4lnsxfz.la-idb-it-tablequz4rfpnqk 
2025-05-16 09:56:03,567 - timestream_logger - INFO - Progress Percentage for batch start_time >= 2020-09-08 00:00:00 and end_time < 2020-12-16 00:00:00 for la-idb-it-dbl4c4lnsxfz.la-idb-it-tablequz4rfpnqk : 100.0%
2025-05-16 09:56:03,607 - timestream_logger - INFO - {}
2025-05-16 09:56:03,607 - timestream_logger - INFO - Rows exported for batch start_time >= 2020-09-08 00:00:00 and end_time < 2020-12-16 00:00:00 for la-idb-it-dbl4c4lnsxfz.la-idb-it-tablequz4rfpnqk: 0
2025-05-16 09:56:03,607 - timestream_logger - INFO - DynamoDB logging is disabled. Skipping logging to DynamoDB.
2025-05-16 09:56:03,607 - timestream_logger - INFO - Building unload query for la-idb-it-dbl4c4lnsxfz.la-idb-it-tablequz4rfpnqk
2025-05-16 09:56:03,607 - timestream_logger - INFO - DynamoDB logging is disabled. Skipping logging to DynamoDB.
2025-05-16 09:56:03,608 - timestream_logger - INFO - Running unload query for la-idb-it-dbl4c4lnsxfz.la-idb-it-tablequz4rfpnqk
2025-05-16 09:56:03,608 - timestream_logger - INFO - QUERY EXECUTING: UNLOAD( SELECT *, DATE_FORMAT(time,'%Y-%m-%d') as partition_date FROM "la-idb-it-dbl4c4lnsxfz"."la-idb-it-tablequz4rfpnqk" WHERE time >= '2020-12-16 00:00:00' AND time < '2021-03-25 00:00:00') TO 's3://la-idb-it-bucket34a1of401x/la-idb-it-dbl4c4lnsxfz/la-idb-it-tablequz4rfpnqk/unload-2025-05-16-16:50:51' WITH ( partitioned_by = ARRAY['partition_date'], max_file_size='2GB', format='PARQUET', encryption='SSE_S3', compression='NONE')
2025-05-16 09:56:03,608 - timestream_logger - INFO - UNLOAD IN PROGRESS for batch start_time >= 2020-12-16 00:00:00 and end_time < 2021-03-25 00:00:00 for la-idb-it-dbl4c4lnsxfz.la-idb-it-tablequz4rfpnqk 
2025-05-16 09:56:04,684 - timestream_logger - INFO - Progress Percentage for batch start_time >= 2020-12-16 00:00:00 and end_time < 2021-03-25 00:00:00 for la-idb-it-dbl4c4lnsxfz.la-idb-it-tablequz4rfpnqk : 100.0%
2025-05-16 09:56:04,725 - timestream_logger - INFO - {}
2025-05-16 09:56:04,725 - timestream_logger - INFO - Rows exported for batch start_time >= 2020-12-16 00:00:00 and end_time < 2021-03-25 00:00:00 for la-idb-it-dbl4c4lnsxfz.la-idb-it-tablequz4rfpnqk: 0
2025-05-16 09:56:04,725 - timestream_logger - INFO - DynamoDB logging is disabled. Skipping logging to DynamoDB.
2025-05-16 09:56:04,725 - timestream_logger - INFO - Building unload query for la-idb-it-dbl4c4lnsxfz.la-idb-it-tablequz4rfpnqk
2025-05-16 09:56:04,726 - timestream_logger - INFO - DynamoDB logging is disabled. Skipping logging to DynamoDB.
2025-05-16 09:56:04,726 - timestream_logger - INFO - Running unload query for la-idb-it-dbl4c4lnsxfz.la-idb-it-tablequz4rfpnqk
2025-05-16 09:56:04,726 - timestream_logger - INFO - QUERY EXECUTING: UNLOAD( SELECT *, DATE_FORMAT(time,'%Y-%m-%d') as partition_date FROM "la-idb-it-dbl4c4lnsxfz"."la-idb-it-tablequz4rfpnqk" WHERE time >= '2021-03-25 00:00:00' AND time < '2021-07-02 00:00:00') TO 's3://la-idb-it-bucket34a1of401x/la-idb-it-dbl4c4lnsxfz/la-idb-it-tablequz4rfpnqk/unload-2025-05-16-16:50:51' WITH ( partitioned_by = ARRAY['partition_date'], max_file_size='2GB', format='PARQUET', encryption='SSE_S3', compression='NONE')
2025-05-16 09:56:04,726 - timestream_logger - INFO - UNLOAD IN PROGRESS for batch start_time >= 2021-03-25 00:00:00 and end_time < 2021-07-02 00:00:00 for la-idb-it-dbl4c4lnsxfz.la-idb-it-tablequz4rfpnqk 
2025-05-16 09:56:07,041 - timestream_logger - INFO - Progress Percentage for batch start_time >= 2021-03-25 00:00:00 and end_time < 2021-07-02 00:00:00 for la-idb-it-dbl4c4lnsxfz.la-idb-it-tablequz4rfpnqk : 100.0%
2025-05-16 09:56:07,078 - timestream_logger - INFO - {}
2025-05-16 09:56:07,078 - timestream_logger - INFO - Rows exported for batch start_time >= 2021-03-25 00:00:00 and end_time < 2021-07-02 00:00:00 for la-idb-it-dbl4c4lnsxfz.la-idb-it-tablequz4rfpnqk: 0
2025-05-16 09:56:07,078 - timestream_logger - INFO - DynamoDB logging is disabled. Skipping logging to DynamoDB.
2025-05-16 09:56:07,078 - timestream_logger - INFO - Building unload query for la-idb-it-dbl4c4lnsxfz.la-idb-it-tablequz4rfpnqk
2025-05-16 09:56:07,078 - timestream_logger - INFO - DynamoDB logging is disabled. Skipping logging to DynamoDB.
2025-05-16 09:56:07,078 - timestream_logger - INFO - Running unload query for la-idb-it-dbl4c4lnsxfz.la-idb-it-tablequz4rfpnqk
2025-05-16 09:56:07,078 - timestream_logger - INFO - QUERY EXECUTING: UNLOAD( SELECT *, DATE_FORMAT(time,'%Y-%m-%d') as partition_date FROM "la-idb-it-dbl4c4lnsxfz"."la-idb-it-tablequz4rfpnqk" WHERE time >= '2021-07-02 00:00:00' AND time < '2021-10-09 00:00:00') TO 's3://la-idb-it-bucket34a1of401x/la-idb-it-dbl4c4lnsxfz/la-idb-it-tablequz4rfpnqk/unload-2025-05-16-16:50:51' WITH ( partitioned_by = ARRAY['partition_date'], max_file_size='2GB', format='PARQUET', encryption='SSE_S3', compression='NONE')
2025-05-16 09:56:07,078 - timestream_logger - INFO - UNLOAD IN PROGRESS for batch start_time >= 2021-07-02 00:00:00 and end_time < 2021-10-09 00:00:00 for la-idb-it-dbl4c4lnsxfz.la-idb-it-tablequz4rfpnqk 
2025-05-16 09:56:09,470 - timestream_logger - INFO - Progress Percentage for batch start_time >= 2021-07-02 00:00:00 and end_time < 2021-10-09 00:00:00 for la-idb-it-dbl4c4lnsxfz.la-idb-it-tablequz4rfpnqk : 100.0%
2025-05-16 09:56:09,507 - timestream_logger - INFO - {}
2025-05-16 09:56:09,507 - timestream_logger - INFO - Rows exported for batch start_time >= 2021-07-02 00:00:00 and end_time < 2021-10-09 00:00:00 for la-idb-it-dbl4c4lnsxfz.la-idb-it-tablequz4rfpnqk: 0
2025-05-16 09:56:09,507 - timestream_logger - INFO - DynamoDB logging is disabled. Skipping logging to DynamoDB.
2025-05-16 09:56:09,507 - timestream_logger - INFO - Building unload query for la-idb-it-dbl4c4lnsxfz.la-idb-it-tablequz4rfpnqk
2025-05-16 09:56:09,507 - timestream_logger - INFO - DynamoDB logging is disabled. Skipping logging to DynamoDB.
2025-05-16 09:56:09,507 - timestream_logger - INFO - Running unload query for la-idb-it-dbl4c4lnsxfz.la-idb-it-tablequz4rfpnqk
2025-05-16 09:56:09,507 - timestream_logger - INFO - QUERY EXECUTING: UNLOAD( SELECT *, DATE_FORMAT(time,'%Y-%m-%d') as partition_date FROM "la-idb-it-dbl4c4lnsxfz"."la-idb-it-tablequz4rfpnqk" WHERE time >= '2021-10-09 00:00:00' AND time < '2022-01-16 00:00:00') TO 's3://la-idb-it-bucket34a1of401x/la-idb-it-dbl4c4lnsxfz/la-idb-it-tablequz4rfpnqk/unload-2025-05-16-16:50:51' WITH ( partitioned_by = ARRAY['partition_date'], max_file_size='2GB', format='PARQUET', encryption='SSE_S3', compression='NONE')
2025-05-16 09:56:09,507 - timestream_logger - INFO - UNLOAD IN PROGRESS for batch start_time >= 2021-10-09 00:00:00 and end_time < 2022-01-16 00:00:00 for la-idb-it-dbl4c4lnsxfz.la-idb-it-tablequz4rfpnqk 
2025-05-16 09:56:14,258 - timestream_logger - INFO - Progress Percentage for batch start_time >= 2021-10-09 00:00:00 and end_time < 2022-01-16 00:00:00 for la-idb-it-dbl4c4lnsxfz.la-idb-it-tablequz4rfpnqk : 100.0%
2025-05-16 09:56:14,289 - timestream_logger - INFO - {}
2025-05-16 09:56:14,289 - timestream_logger - INFO - Rows exported for batch start_time >= 2021-10-09 00:00:00 and end_time < 2022-01-16 00:00:00 for la-idb-it-dbl4c4lnsxfz.la-idb-it-tablequz4rfpnqk: 0
2025-05-16 09:56:14,289 - timestream_logger - INFO - DynamoDB logging is disabled. Skipping logging to DynamoDB.
2025-05-16 09:56:14,289 - timestream_logger - INFO - Building unload query for la-idb-it-dbl4c4lnsxfz.la-idb-it-tablequz4rfpnqk
2025-05-16 09:56:14,289 - timestream_logger - INFO - DynamoDB logging is disabled. Skipping logging to DynamoDB.
2025-05-16 09:56:14,289 - timestream_logger - INFO - Running unload query for la-idb-it-dbl4c4lnsxfz.la-idb-it-tablequz4rfpnqk
2025-05-16 09:56:14,289 - timestream_logger - INFO - QUERY EXECUTING: UNLOAD( SELECT *, DATE_FORMAT(time,'%Y-%m-%d') as partition_date FROM "la-idb-it-dbl4c4lnsxfz"."la-idb-it-tablequz4rfpnqk" WHERE time >= '2022-01-16 00:00:00' AND time < '2022-04-25 00:00:00') TO 's3://la-idb-it-bucket34a1of401x/la-idb-it-dbl4c4lnsxfz/la-idb-it-tablequz4rfpnqk/unload-2025-05-16-16:50:51' WITH ( partitioned_by = ARRAY['partition_date'], max_file_size='2GB', format='PARQUET', encryption='SSE_S3', compression='NONE')
2025-05-16 09:56:14,289 - timestream_logger - INFO - UNLOAD IN PROGRESS for batch start_time >= 2022-01-16 00:00:00 and end_time < 2022-04-25 00:00:00 for la-idb-it-dbl4c4lnsxfz.la-idb-it-tablequz4rfpnqk 
2025-05-16 09:56:16,441 - timestream_logger - INFO - Progress Percentage for batch start_time >= 2022-01-16 00:00:00 and end_time < 2022-04-25 00:00:00 for la-idb-it-dbl4c4lnsxfz.la-idb-it-tablequz4rfpnqk : 100.0%
2025-05-16 09:56:16,482 - timestream_logger - INFO - {}
2025-05-16 09:56:16,482 - timestream_logger - INFO - Rows exported for batch start_time >= 2022-01-16 00:00:00 and end_time < 2022-04-25 00:00:00 for la-idb-it-dbl4c4lnsxfz.la-idb-it-tablequz4rfpnqk: 0
2025-05-16 09:56:16,483 - timestream_logger - INFO - DynamoDB logging is disabled. Skipping logging to DynamoDB.
2025-05-16 09:56:16,483 - timestream_logger - INFO - Building unload query for la-idb-it-dbl4c4lnsxfz.la-idb-it-tablequz4rfpnqk
2025-05-16 09:56:16,483 - timestream_logger - INFO - DynamoDB logging is disabled. Skipping logging to DynamoDB.
2025-05-16 09:56:16,483 - timestream_logger - INFO - Running unload query for la-idb-it-dbl4c4lnsxfz.la-idb-it-tablequz4rfpnqk
2025-05-16 09:56:16,483 - timestream_logger - INFO - QUERY EXECUTING: UNLOAD( SELECT *, DATE_FORMAT(time,'%Y-%m-%d') as partition_date FROM "la-idb-it-dbl4c4lnsxfz"."la-idb-it-tablequz4rfpnqk" WHERE time >= '2022-04-25 00:00:00' AND time < '2022-08-02 00:00:00') TO 's3://la-idb-it-bucket34a1of401x/la-idb-it-dbl4c4lnsxfz/la-idb-it-tablequz4rfpnqk/unload-2025-05-16-16:50:51' WITH ( partitioned_by = ARRAY['partition_date'], max_file_size='2GB', format='PARQUET', encryption='SSE_S3', compression='NONE')
2025-05-16 09:56:16,483 - timestream_logger - INFO - UNLOAD IN PROGRESS for batch start_time >= 2022-04-25 00:00:00 and end_time < 2022-08-02 00:00:00 for la-idb-it-dbl4c4lnsxfz.la-idb-it-tablequz4rfpnqk 
2025-05-16 09:56:17,693 - timestream_logger - INFO - Progress Percentage for batch start_time >= 2022-04-25 00:00:00 and end_time < 2022-08-02 00:00:00 for la-idb-it-dbl4c4lnsxfz.la-idb-it-tablequz4rfpnqk : 100.0%
2025-05-16 09:56:17,732 - timestream_logger - INFO - {}
2025-05-16 09:56:17,733 - timestream_logger - INFO - Rows exported for batch start_time >= 2022-04-25 00:00:00 and end_time < 2022-08-02 00:00:00 for la-idb-it-dbl4c4lnsxfz.la-idb-it-tablequz4rfpnqk: 0
2025-05-16 09:56:17,733 - timestream_logger - INFO - DynamoDB logging is disabled. Skipping logging to DynamoDB.
2025-05-16 09:56:17,733 - timestream_logger - INFO - Building unload query for la-idb-it-dbl4c4lnsxfz.la-idb-it-tablequz4rfpnqk
2025-05-16 09:56:17,733 - timestream_logger - INFO - DynamoDB logging is disabled. Skipping logging to DynamoDB.
2025-05-16 09:56:17,733 - timestream_logger - INFO - Running unload query for la-idb-it-dbl4c4lnsxfz.la-idb-it-tablequz4rfpnqk
2025-05-16 09:56:17,734 - timestream_logger - INFO - QUERY EXECUTING: UNLOAD( SELECT *, DATE_FORMAT(time,'%Y-%m-%d') as partition_date FROM "la-idb-it-dbl4c4lnsxfz"."la-idb-it-tablequz4rfpnqk" WHERE time >= '2022-08-02 00:00:00' AND time < '2022-11-09 00:00:00') TO 's3://la-idb-it-bucket34a1of401x/la-idb-it-dbl4c4lnsxfz/la-idb-it-tablequz4rfpnqk/unload-2025-05-16-16:50:51' WITH ( partitioned_by = ARRAY['partition_date'], max_file_size='2GB', format='PARQUET', encryption='SSE_S3', compression='NONE')
2025-05-16 09:56:17,734 - timestream_logger - INFO - UNLOAD IN PROGRESS for batch start_time >= 2022-08-02 00:00:00 and end_time < 2022-11-09 00:00:00 for la-idb-it-dbl4c4lnsxfz.la-idb-it-tablequz4rfpnqk 
2025-05-16 09:56:19,659 - timestream_logger - INFO - Progress Percentage for batch start_time >= 2022-08-02 00:00:00 and end_time < 2022-11-09 00:00:00 for la-idb-it-dbl4c4lnsxfz.la-idb-it-tablequz4rfpnqk : 100.0%
2025-05-16 09:56:19,700 - timestream_logger - INFO - {}
2025-05-16 09:56:19,700 - timestream_logger - INFO - Rows exported for batch start_time >= 2022-08-02 00:00:00 and end_time < 2022-11-09 00:00:00 for la-idb-it-dbl4c4lnsxfz.la-idb-it-tablequz4rfpnqk: 0
2025-05-16 09:56:19,700 - timestream_logger - INFO - DynamoDB logging is disabled. Skipping logging to DynamoDB.
2025-05-16 09:56:19,701 - timestream_logger - INFO - Building unload query for la-idb-it-dbl4c4lnsxfz.la-idb-it-tablequz4rfpnqk
2025-05-16 09:56:19,701 - timestream_logger - INFO - DynamoDB logging is disabled. Skipping logging to DynamoDB.
2025-05-16 09:56:19,701 - timestream_logger - INFO - Running unload query for la-idb-it-dbl4c4lnsxfz.la-idb-it-tablequz4rfpnqk
2025-05-16 09:56:19,701 - timestream_logger - INFO - QUERY EXECUTING: UNLOAD( SELECT *, DATE_FORMAT(time,'%Y-%m-%d') as partition_date FROM "la-idb-it-dbl4c4lnsxfz"."la-idb-it-tablequz4rfpnqk" WHERE time >= '2022-11-09 00:00:00' AND time < '2023-02-16 00:00:00') TO 's3://la-idb-it-bucket34a1of401x/la-idb-it-dbl4c4lnsxfz/la-idb-it-tablequz4rfpnqk/unload-2025-05-16-16:50:51' WITH ( partitioned_by = ARRAY['partition_date'], max_file_size='2GB', format='PARQUET', encryption='SSE_S3', compression='NONE')
2025-05-16 09:56:19,701 - timestream_logger - INFO - UNLOAD IN PROGRESS for batch start_time >= 2022-11-09 00:00:00 and end_time < 2023-02-16 00:00:00 for la-idb-it-dbl4c4lnsxfz.la-idb-it-tablequz4rfpnqk 
2025-05-16 09:56:20,655 - timestream_logger - INFO - Progress Percentage for batch start_time >= 2022-11-09 00:00:00 and end_time < 2023-02-16 00:00:00 for la-idb-it-dbl4c4lnsxfz.la-idb-it-tablequz4rfpnqk : 100.0%
2025-05-16 09:56:20,696 - timestream_logger - INFO - {}
2025-05-16 09:56:20,697 - timestream_logger - INFO - Rows exported for batch start_time >= 2022-11-09 00:00:00 and end_time < 2023-02-16 00:00:00 for la-idb-it-dbl4c4lnsxfz.la-idb-it-tablequz4rfpnqk: 0
2025-05-16 09:56:20,697 - timestream_logger - INFO - DynamoDB logging is disabled. Skipping logging to DynamoDB.
2025-05-16 09:56:20,697 - timestream_logger - INFO - Building unload query for la-idb-it-dbl4c4lnsxfz.la-idb-it-tablequz4rfpnqk
2025-05-16 09:56:20,697 - timestream_logger - INFO - DynamoDB logging is disabled. Skipping logging to DynamoDB.
2025-05-16 09:56:20,697 - timestream_logger - INFO - Running unload query for la-idb-it-dbl4c4lnsxfz.la-idb-it-tablequz4rfpnqk
2025-05-16 09:56:20,698 - timestream_logger - INFO - QUERY EXECUTING: UNLOAD( SELECT *, DATE_FORMAT(time,'%Y-%m-%d') as partition_date FROM "la-idb-it-dbl4c4lnsxfz"."la-idb-it-tablequz4rfpnqk" WHERE time >= '2023-02-16 00:00:00' AND time < '2023-05-26 00:00:00') TO 's3://la-idb-it-bucket34a1of401x/la-idb-it-dbl4c4lnsxfz/la-idb-it-tablequz4rfpnqk/unload-2025-05-16-16:50:51' WITH ( partitioned_by = ARRAY['partition_date'], max_file_size='2GB', format='PARQUET', encryption='SSE_S3', compression='NONE')
2025-05-16 09:56:20,698 - timestream_logger - INFO - UNLOAD IN PROGRESS for batch start_time >= 2023-02-16 00:00:00 and end_time < 2023-05-26 00:00:00 for la-idb-it-dbl4c4lnsxfz.la-idb-it-tablequz4rfpnqk 
2025-05-16 09:56:21,990 - timestream_logger - INFO - Progress Percentage for batch start_time >= 2023-02-16 00:00:00 and end_time < 2023-05-26 00:00:00 for la-idb-it-dbl4c4lnsxfz.la-idb-it-tablequz4rfpnqk : 100.0%
2025-05-16 09:56:22,033 - timestream_logger - INFO - {}
2025-05-16 09:56:22,033 - timestream_logger - INFO - Rows exported for batch start_time >= 2023-02-16 00:00:00 and end_time < 2023-05-26 00:00:00 for la-idb-it-dbl4c4lnsxfz.la-idb-it-tablequz4rfpnqk: 0
2025-05-16 09:56:22,033 - timestream_logger - INFO - DynamoDB logging is disabled. Skipping logging to DynamoDB.
2025-05-16 09:56:22,033 - timestream_logger - INFO - Building unload query for la-idb-it-dbl4c4lnsxfz.la-idb-it-tablequz4rfpnqk
2025-05-16 09:56:22,033 - timestream_logger - INFO - DynamoDB logging is disabled. Skipping logging to DynamoDB.
2025-05-16 09:56:22,033 - timestream_logger - INFO - Running unload query for la-idb-it-dbl4c4lnsxfz.la-idb-it-tablequz4rfpnqk
2025-05-16 09:56:22,033 - timestream_logger - INFO - QUERY EXECUTING: UNLOAD( SELECT *, DATE_FORMAT(time,'%Y-%m-%d') as partition_date FROM "la-idb-it-dbl4c4lnsxfz"."la-idb-it-tablequz4rfpnqk" WHERE time >= '2023-05-26 00:00:00' AND time < '2023-09-02 00:00:00') TO 's3://la-idb-it-bucket34a1of401x/la-idb-it-dbl4c4lnsxfz/la-idb-it-tablequz4rfpnqk/unload-2025-05-16-16:50:51' WITH ( partitioned_by = ARRAY['partition_date'], max_file_size='2GB', format='PARQUET', encryption='SSE_S3', compression='NONE')
2025-05-16 09:56:22,033 - timestream_logger - INFO - UNLOAD IN PROGRESS for batch start_time >= 2023-05-26 00:00:00 and end_time < 2023-09-02 00:00:00 for la-idb-it-dbl4c4lnsxfz.la-idb-it-tablequz4rfpnqk 
2025-05-16 09:56:23,118 - timestream_logger - INFO - Progress Percentage for batch start_time >= 2023-05-26 00:00:00 and end_time < 2023-09-02 00:00:00 for la-idb-it-dbl4c4lnsxfz.la-idb-it-tablequz4rfpnqk : 100.0%
2025-05-16 09:56:23,159 - timestream_logger - INFO - {}
2025-05-16 09:56:23,159 - timestream_logger - INFO - Rows exported for batch start_time >= 2023-05-26 00:00:00 and end_time < 2023-09-02 00:00:00 for la-idb-it-dbl4c4lnsxfz.la-idb-it-tablequz4rfpnqk: 0
2025-05-16 09:56:23,159 - timestream_logger - INFO - DynamoDB logging is disabled. Skipping logging to DynamoDB.
2025-05-16 09:56:23,159 - timestream_logger - INFO - Building unload query for la-idb-it-dbl4c4lnsxfz.la-idb-it-tablequz4rfpnqk
2025-05-16 09:56:23,159 - timestream_logger - INFO - DynamoDB logging is disabled. Skipping logging to DynamoDB.
2025-05-16 09:56:23,160 - timestream_logger - INFO - Running unload query for la-idb-it-dbl4c4lnsxfz.la-idb-it-tablequz4rfpnqk
2025-05-16 09:56:23,160 - timestream_logger - INFO - QUERY EXECUTING: UNLOAD( SELECT *, DATE_FORMAT(time,'%Y-%m-%d') as partition_date FROM "la-idb-it-dbl4c4lnsxfz"."la-idb-it-tablequz4rfpnqk" WHERE time >= '2023-09-02 00:00:00' AND time < '2023-12-10 00:00:00') TO 's3://la-idb-it-bucket34a1of401x/la-idb-it-dbl4c4lnsxfz/la-idb-it-tablequz4rfpnqk/unload-2025-05-16-16:50:51' WITH ( partitioned_by = ARRAY['partition_date'], max_file_size='2GB', format='PARQUET', encryption='SSE_S3', compression='NONE')
2025-05-16 09:56:23,160 - timestream_logger - INFO - UNLOAD IN PROGRESS for batch start_time >= 2023-09-02 00:00:00 and end_time < 2023-12-10 00:00:00 for la-idb-it-dbl4c4lnsxfz.la-idb-it-tablequz4rfpnqk 
2025-05-16 09:56:24,858 - timestream_logger - INFO - Progress Percentage for batch start_time >= 2023-09-02 00:00:00 and end_time < 2023-12-10 00:00:00 for la-idb-it-dbl4c4lnsxfz.la-idb-it-tablequz4rfpnqk : 100.0%
2025-05-16 09:56:24,959 - timestream_logger - INFO - {}
2025-05-16 09:56:24,959 - timestream_logger - INFO - Rows exported for batch start_time >= 2023-09-02 00:00:00 and end_time < 2023-12-10 00:00:00 for la-idb-it-dbl4c4lnsxfz.la-idb-it-tablequz4rfpnqk: 0
2025-05-16 09:56:24,959 - timestream_logger - INFO - DynamoDB logging is disabled. Skipping logging to DynamoDB.
2025-05-16 09:56:24,959 - timestream_logger - INFO - Building unload query for la-idb-it-dbl4c4lnsxfz.la-idb-it-tablequz4rfpnqk
2025-05-16 09:56:24,959 - timestream_logger - INFO - DynamoDB logging is disabled. Skipping logging to DynamoDB.
2025-05-16 09:56:24,959 - timestream_logger - INFO - Running unload query for la-idb-it-dbl4c4lnsxfz.la-idb-it-tablequz4rfpnqk
2025-05-16 09:56:24,959 - timestream_logger - INFO - QUERY EXECUTING: UNLOAD( SELECT *, DATE_FORMAT(time,'%Y-%m-%d') as partition_date FROM "la-idb-it-dbl4c4lnsxfz"."la-idb-it-tablequz4rfpnqk" WHERE time >= '2023-12-10 00:00:00' AND time < '2024-03-18 00:00:00') TO 's3://la-idb-it-bucket34a1of401x/la-idb-it-dbl4c4lnsxfz/la-idb-it-tablequz4rfpnqk/unload-2025-05-16-16:50:51' WITH ( partitioned_by = ARRAY['partition_date'], max_file_size='2GB', format='PARQUET', encryption='SSE_S3', compression='NONE')
2025-05-16 09:56:24,959 - timestream_logger - INFO - UNLOAD IN PROGRESS for batch start_time >= 2023-12-10 00:00:00 and end_time < 2024-03-18 00:00:00 for la-idb-it-dbl4c4lnsxfz.la-idb-it-tablequz4rfpnqk 
2025-05-16 09:56:26,169 - timestream_logger - INFO - Progress Percentage for batch start_time >= 2023-12-10 00:00:00 and end_time < 2024-03-18 00:00:00 for la-idb-it-dbl4c4lnsxfz.la-idb-it-tablequz4rfpnqk : 100.0%
2025-05-16 09:56:26,208 - timestream_logger - INFO - {}
2025-05-16 09:56:26,208 - timestream_logger - INFO - Rows exported for batch start_time >= 2023-12-10 00:00:00 and end_time < 2024-03-18 00:00:00 for la-idb-it-dbl4c4lnsxfz.la-idb-it-tablequz4rfpnqk: 0
2025-05-16 09:56:26,209 - timestream_logger - INFO - DynamoDB logging is disabled. Skipping logging to DynamoDB.
2025-05-16 09:56:26,209 - timestream_logger - INFO - Building unload query for la-idb-it-dbl4c4lnsxfz.la-idb-it-tablequz4rfpnqk
2025-05-16 09:56:26,209 - timestream_logger - INFO - DynamoDB logging is disabled. Skipping logging to DynamoDB.
2025-05-16 09:56:26,209 - timestream_logger - INFO - Running unload query for la-idb-it-dbl4c4lnsxfz.la-idb-it-tablequz4rfpnqk
2025-05-16 09:56:26,209 - timestream_logger - INFO - QUERY EXECUTING: UNLOAD( SELECT *, DATE_FORMAT(time,'%Y-%m-%d') as partition_date FROM "la-idb-it-dbl4c4lnsxfz"."la-idb-it-tablequz4rfpnqk" WHERE time >= '2024-03-18 00:00:00' AND time < '2024-06-25 00:00:00') TO 's3://la-idb-it-bucket34a1of401x/la-idb-it-dbl4c4lnsxfz/la-idb-it-tablequz4rfpnqk/unload-2025-05-16-16:50:51' WITH ( partitioned_by = ARRAY['partition_date'], max_file_size='2GB', format='PARQUET', encryption='SSE_S3', compression='NONE')
2025-05-16 09:56:26,209 - timestream_logger - INFO - UNLOAD IN PROGRESS for batch start_time >= 2024-03-18 00:00:00 and end_time < 2024-06-25 00:00:00 for la-idb-it-dbl4c4lnsxfz.la-idb-it-tablequz4rfpnqk 
2025-05-16 09:56:27,190 - timestream_logger - INFO - Progress Percentage for batch start_time >= 2024-03-18 00:00:00 and end_time < 2024-06-25 00:00:00 for la-idb-it-dbl4c4lnsxfz.la-idb-it-tablequz4rfpnqk : 100.0%
2025-05-16 09:56:27,225 - timestream_logger - INFO - {}
2025-05-16 09:56:27,225 - timestream_logger - INFO - Rows exported for batch start_time >= 2024-03-18 00:00:00 and end_time < 2024-06-25 00:00:00 for la-idb-it-dbl4c4lnsxfz.la-idb-it-tablequz4rfpnqk: 0
2025-05-16 09:56:27,225 - timestream_logger - INFO - DynamoDB logging is disabled. Skipping logging to DynamoDB.
2025-05-16 09:56:27,225 - timestream_logger - INFO - Building unload query for la-idb-it-dbl4c4lnsxfz.la-idb-it-tablequz4rfpnqk
2025-05-16 09:56:27,225 - timestream_logger - INFO - DynamoDB logging is disabled. Skipping logging to DynamoDB.
2025-05-16 09:56:27,225 - timestream_logger - INFO - Running unload query for la-idb-it-dbl4c4lnsxfz.la-idb-it-tablequz4rfpnqk
2025-05-16 09:56:27,225 - timestream_logger - INFO - QUERY EXECUTING: UNLOAD( SELECT *, DATE_FORMAT(time,'%Y-%m-%d') as partition_date FROM "la-idb-it-dbl4c4lnsxfz"."la-idb-it-tablequz4rfpnqk" WHERE time >= '2024-06-25 00:00:00' AND time < '2024-10-02 00:00:00') TO 's3://la-idb-it-bucket34a1of401x/la-idb-it-dbl4c4lnsxfz/la-idb-it-tablequz4rfpnqk/unload-2025-05-16-16:50:51' WITH ( partitioned_by = ARRAY['partition_date'], max_file_size='2GB', format='PARQUET', encryption='SSE_S3', compression='NONE')
2025-05-16 09:56:27,225 - timestream_logger - INFO - UNLOAD IN PROGRESS for batch start_time >= 2024-06-25 00:00:00 and end_time < 2024-10-02 00:00:00 for la-idb-it-dbl4c4lnsxfz.la-idb-it-tablequz4rfpnqk 
2025-05-16 09:56:28,956 - timestream_logger - INFO - Progress Percentage for batch start_time >= 2024-06-25 00:00:00 and end_time < 2024-10-02 00:00:00 for la-idb-it-dbl4c4lnsxfz.la-idb-it-tablequz4rfpnqk : 100.0%
2025-05-16 09:56:28,994 - timestream_logger - INFO - {}
2025-05-16 09:56:28,994 - timestream_logger - INFO - Rows exported for batch start_time >= 2024-06-25 00:00:00 and end_time < 2024-10-02 00:00:00 for la-idb-it-dbl4c4lnsxfz.la-idb-it-tablequz4rfpnqk: 0
2025-05-16 09:56:28,995 - timestream_logger - INFO - DynamoDB logging is disabled. Skipping logging to DynamoDB.
2025-05-16 09:56:28,995 - timestream_logger - INFO - Building unload query for la-idb-it-dbl4c4lnsxfz.la-idb-it-tablequz4rfpnqk
2025-05-16 09:56:28,995 - timestream_logger - INFO - DynamoDB logging is disabled. Skipping logging to DynamoDB.
2025-05-16 09:56:28,995 - timestream_logger - INFO - Running unload query for la-idb-it-dbl4c4lnsxfz.la-idb-it-tablequz4rfpnqk
2025-05-16 09:56:28,996 - timestream_logger - INFO - QUERY EXECUTING: UNLOAD( SELECT *, DATE_FORMAT(time,'%Y-%m-%d') as partition_date FROM "la-idb-it-dbl4c4lnsxfz"."la-idb-it-tablequz4rfpnqk" WHERE time >= '2024-10-02 00:00:00' AND time < '2025-01-09 00:00:00') TO 's3://la-idb-it-bucket34a1of401x/la-idb-it-dbl4c4lnsxfz/la-idb-it-tablequz4rfpnqk/unload-2025-05-16-16:50:51' WITH ( partitioned_by = ARRAY['partition_date'], max_file_size='2GB', format='PARQUET', encryption='SSE_S3', compression='NONE')
2025-05-16 09:56:28,996 - timestream_logger - INFO - UNLOAD IN PROGRESS for batch start_time >= 2024-10-02 00:00:00 and end_time < 2025-01-09 00:00:00 for la-idb-it-dbl4c4lnsxfz.la-idb-it-tablequz4rfpnqk 
2025-05-16 09:56:31,583 - timestream_logger - INFO - Progress Percentage for batch start_time >= 2024-10-02 00:00:00 and end_time < 2025-01-09 00:00:00 for la-idb-it-dbl4c4lnsxfz.la-idb-it-tablequz4rfpnqk : 100.0%
2025-05-16 09:56:31,627 - timestream_logger - INFO - {}
2025-05-16 09:56:31,628 - timestream_logger - INFO - Rows exported for batch start_time >= 2024-10-02 00:00:00 and end_time < 2025-01-09 00:00:00 for la-idb-it-dbl4c4lnsxfz.la-idb-it-tablequz4rfpnqk: 0
2025-05-16 09:56:31,628 - timestream_logger - INFO - DynamoDB logging is disabled. Skipping logging to DynamoDB.
2025-05-16 09:56:31,628 - timestream_logger - INFO - Building unload query for la-idb-it-dbl4c4lnsxfz.la-idb-it-tablequz4rfpnqk
2025-05-16 09:56:31,628 - timestream_logger - INFO - DynamoDB logging is disabled. Skipping logging to DynamoDB.
2025-05-16 09:56:31,628 - timestream_logger - INFO - Running unload query for la-idb-it-dbl4c4lnsxfz.la-idb-it-tablequz4rfpnqk
2025-05-16 09:56:31,629 - timestream_logger - INFO - QUERY EXECUTING: UNLOAD( SELECT *, DATE_FORMAT(time,'%Y-%m-%d') as partition_date FROM "la-idb-it-dbl4c4lnsxfz"."la-idb-it-tablequz4rfpnqk" WHERE time >= '2025-01-09 00:00:00' AND time < '2025-04-18 00:00:00') TO 's3://la-idb-it-bucket34a1of401x/la-idb-it-dbl4c4lnsxfz/la-idb-it-tablequz4rfpnqk/unload-2025-05-16-16:50:51' WITH ( partitioned_by = ARRAY['partition_date'], max_file_size='2GB', format='PARQUET', encryption='SSE_S3', compression='NONE')
2025-05-16 09:56:31,629 - timestream_logger - INFO - UNLOAD IN PROGRESS for batch start_time >= 2025-01-09 00:00:00 and end_time < 2025-04-18 00:00:00 for la-idb-it-dbl4c4lnsxfz.la-idb-it-tablequz4rfpnqk 
2025-05-16 09:56:32,919 - timestream_logger - INFO - Progress Percentage for batch start_time >= 2025-01-09 00:00:00 and end_time < 2025-04-18 00:00:00 for la-idb-it-dbl4c4lnsxfz.la-idb-it-tablequz4rfpnqk : 100.0%
2025-05-16 09:56:32,958 - timestream_logger - INFO - {}
2025-05-16 09:56:32,958 - timestream_logger - INFO - Rows exported for batch start_time >= 2025-01-09 00:00:00 and end_time < 2025-04-18 00:00:00 for la-idb-it-dbl4c4lnsxfz.la-idb-it-tablequz4rfpnqk: 0
2025-05-16 09:56:32,958 - timestream_logger - INFO - DynamoDB logging is disabled. Skipping logging to DynamoDB.
2025-05-16 09:56:32,958 - timestream_logger - INFO - Building unload query for la-idb-it-dbl4c4lnsxfz.la-idb-it-tablequz4rfpnqk
2025-05-16 09:56:32,958 - timestream_logger - INFO - DynamoDB logging is disabled. Skipping logging to DynamoDB.
2025-05-16 09:56:32,959 - timestream_logger - INFO - Running unload query for la-idb-it-dbl4c4lnsxfz.la-idb-it-tablequz4rfpnqk
2025-05-16 09:56:32,959 - timestream_logger - INFO - QUERY EXECUTING: UNLOAD( SELECT *, DATE_FORMAT(time,'%Y-%m-%d') as partition_date FROM "la-idb-it-dbl4c4lnsxfz"."la-idb-it-tablequz4rfpnqk" WHERE time >= '2025-04-18 00:00:00' AND time < '2025-05-16 16:50:51') TO 's3://la-idb-it-bucket34a1of401x/la-idb-it-dbl4c4lnsxfz/la-idb-it-tablequz4rfpnqk/unload-2025-05-16-16:50:51' WITH ( partitioned_by = ARRAY['partition_date'], max_file_size='2GB', format='PARQUET', encryption='SSE_S3', compression='NONE')
2025-05-16 09:56:32,959 - timestream_logger - INFO - UNLOAD IN PROGRESS for batch start_time >= 2025-04-18 00:00:00 and end_time < 2025-05-16 16:50:51 for la-idb-it-dbl4c4lnsxfz.la-idb-it-tablequz4rfpnqk 
2025-05-16 09:56:35,266 - timestream_logger - INFO - Progress Percentage for batch start_time >= 2025-04-18 00:00:00 and end_time < 2025-05-16 16:50:51 for la-idb-it-dbl4c4lnsxfz.la-idb-it-tablequz4rfpnqk : 100.0%
2025-05-16 09:56:35,298 - timestream_logger - INFO - {}
2025-05-16 09:56:35,298 - timestream_logger - INFO - Rows exported for batch start_time >= 2025-04-18 00:00:00 and end_time < 2025-05-16 16:50:51 for la-idb-it-dbl4c4lnsxfz.la-idb-it-tablequz4rfpnqk: 0
2025-05-16 09:56:35,298 - timestream_logger - INFO - DynamoDB logging is disabled. Skipping logging to DynamoDB.
2025-05-16 09:56:35,298 - timestream_logger - INFO - Unload completed for la-idb-it-dbl4c4lnsxfz.la-idb-it-tablequz4rfpnqk
2025-05-16 09:56:35,298 - timestream_logger - INFO - Total rows exported for start_time >= 1970-01-01 00:00:00 and end_time < 2025-05-16 16:50:51 for  la-idb-it-dbl4c4lnsxfz.la-idb-it-tablequz4rfpnqk : 0
2025-05-16 09:56:35,298 - timestream_logger - INFO - DynamoDB logging is disabled. Skipping logging to DynamoDB.
2025-05-16 09:56:35,298 - timestream_export - INFO - Unload script completed for table with migration tag unload-2025-05-16-16:50:51
